CustomerID,SeniorCitizen,Partner,Dependents,Tenure,InternetService,OnlineSecurity,TechSupport,Contract,PaperlessBilling,PaymentMethod,MonthlyCharges,TotalCharges,Churn,AvgMonthlySpend,TenureBucket
7590-VHVEG,0,Yes,No,1,DSL,No,No,Month-to-month,Yes,Electronic check,29.85,29.85,0,29.85,0-1yr
5575-GNVDE,0,No,No,34,DSL,Yes,No,One year,No,Mailed check,56.95,1889.5,0,55.5735294117647,2-4yr
3668-QPYBK,0,No,No,2,DSL,Yes,No,Month-to-month,Yes,Mailed check,53.85,108.15,1,54.075,0-1yr
7795-CFOCW,0,No,No,45,DSL,Yes,Yes,One year,No,Bank transfer,42.3,1840.75,0,40.90555555555556,2-4yr
9237-HQITU,0,No,No,2,Fiber optic,No,No,Month-to-month,Yes,Electronic check,70.7,151.65,1,75.825,0-1yr
9305-CDSKC,0,No,No,8,Fiber optic,No,No,Month-to-month,Yes,Electronic check,99.65,820.5,1,102.5625,0-1yr
1452-KIOVK,0,No,Yes,22,Fiber optic,No,No,Month-to-month,Yes,Credit card,89.1,1949.4,0,88.60909090909091,1-2yr
6713-OKOMC,0,No,No,10,DSL,Yes,No,Month-to-month,No,Mailed check,29.75,301.9,0,30.189999999999998,0-1yr
7892-POOKP,0,Yes,No,28,Fiber optic,No,Yes,Month-to-month,Yes,Electronic check,104.8,3046.05,1,108.78750000000001,2-4yr
6388-TABGU,0,No,Yes,62,DSL,Yes,No,One year,No,Bank transfer,56.15,3487.95,0,56.25725806451613,4-6yr
9763-GRSKD,0,Yes,Yes,13,DSL,Yes,No,Month-to-month,Yes,Mailed check,49.95,587.45,0,45.18846153846154,1-2yr
7469-LKBCI,0,No,No,16,No,No,No,Two year,No,Credit card,18.95,326.8,0,20.425,1-2yr
8091-TTVAX,0,Yes,No,58,Fiber optic,No,No,One year,No,Credit card,100.35,5681.1,0,97.95,4-6yr
0280-XJGEX,0,No,No,49,Fiber optic,No,No,Month-to-month,Yes,Bank transfer,103.7,5036.3,1,102.78163265306122,4-6yr
5129-JLPIS,0,No,No,25,Fiber optic,Yes,Yes,Month-to-month,Yes,Electronic check,105.5,2686.05,0,107.44200000000001,2-4yr
3655-SNQYZ,0,Yes,Yes,69,Fiber optic,Yes,Yes,Two year,No,Credit card,113.25,7895.15,0,114.42246376811593,4-6yr
8191-XWSZG,0,No,No,52,No,No,No,One year,No,Mailed check,20.65,1022.95,0,19.672115384615385,4-6yr
9959-WOFKT,0,No,Yes,71,Fiber optic,Yes,No,Two year,No,Bank transfer,106.7,7382.25,0,103.97535211267606,4-6yr
4190-MFLUW,0,Yes,Yes,10,DSL,No,Yes,Month-to-month,No,Credit card,55.2,528.35,1,52.835,0-1yr
4183-MYFRB,0,No,No,21,Fiber optic,No,No,Month-to-month,Yes,Electronic check,90.05,1862.9,0,88.70952380952382,1-2yr
8779-QRDMV,1,No,No,1,DSL,No,No,Month-to-month,Yes,Electronic check,39.65,39.65,1,39.65,0-1yr
1680-VDCWW,0,Yes,No,12,No,No,No,One year,No,Bank transfer,19.8,202.25,0,16.854166666666668,0-1yr
1066-JKSGK,0,No,No,1,No,No,No,Month-to-month,No,Mailed check,20.15,20.15,1,20.15,0-1yr
3638-WEABW,0,Yes,No,58,DSL,No,Yes,Two year,Yes,Credit card,59.9,3505.1,0,60.432758620689654,4-6yr
6322-HRPFA,0,Yes,Yes,49,DSL,Yes,Yes,Month-to-month,No,Credit card,59.6,2970.3,0,60.61836734693878,4-6yr
6865-JZNKO,0,No,No,30,DSL,Yes,No,Month-to-month,Yes,Bank transfer,55.3,1530.6,0,51.019999999999996,2-4yr
6467-CHFZW,0,Yes,Yes,47,Fiber optic,No,No,Month-to-month,Yes,Electronic check,99.35,4749.15,1,101.04574468085106,2-4yr
8665-UTDHZ,0,Yes,Yes,1,DSL,No,No,Month-to-month,No,Electronic check,30.2,30.2,1,30.2,0-1yr
5248-YGIJN,0,Yes,No,72,DSL,Yes,Yes,Two year,Yes,Credit card,90.25,6369.45,0,88.46458333333334,4-6yr
8773-HHUOZ,0,No,Yes,17,DSL,No,No,Month-to-month,Yes,Mailed check,64.7,1093.1,1,64.3,1-2yr
3841-NFECX,1,Yes,No,71,Fiber optic,Yes,Yes,Two year,Yes,Credit card,96.35,6766.95,0,95.30915492957746,4-6yr
4929-XIHVW,1,Yes,No,2,Fiber optic,No,No,Month-to-month,Yes,Credit card,95.5,181.65,0,90.825,0-1yr
6827-IEAUQ,0,Yes,Yes,27,DSL,Yes,Yes,One year,No,Mailed check,66.15,1874.45,0,69.42407407407407,2-4yr
7310-EGVHZ,0,No,No,1,No,No,No,Month-to-month,No,Bank transfer,20.2,20.2,0,20.2,0-1yr
3413-BMNZE,1,No,No,1,DSL,No,No,Month-to-month,No,Bank transfer,45.25,45.25,0,45.25,0-1yr
6234-RAAPL,0,Yes,Yes,72,Fiber optic,Yes,Yes,Two year,No,Bank transfer,99.9,7251.7,0,100.71805555555555,4-6yr
6047-YHPVI,0,No,No,5,Fiber optic,No,No,Month-to-month,Yes,Electronic check,69.7,316.9,1,63.379999999999995,0-1yr
6572-ADKRS,0,No,No,46,Fiber optic,No,No,Month-to-month,Yes,Credit card,74.8,3548.3,0,77.13695652173914,2-4yr
5380-WJKOV,0,No,No,34,Fiber optic,No,No,Month-to-month,Yes,Electronic check,106.35,3549.25,1,104.38970588235294,2-4yr
8168-UQWWF,0,No,No,11,Fiber optic,No,No,Month-to-month,Yes,Bank transfer,97.85,1105.4,1,100.4909090909091,0-1yr
8865-TNMNX,0,Yes,Yes,10,DSL,No,No,One year,No,Mailed check,49.55,475.7,0,47.57,0-1yr
9489-DEDVP,0,Yes,Yes,70,DSL,Yes,No,Two year,Yes,Credit card,69.2,4872.35,0,69.605,4-6yr
9867-JCZSP,0,Yes,Yes,17,No,No,No,One year,No,Mailed check,20.75,418.25,0,24.602941176470587,1-2yr
4671-VJLCL,0,No,No,63,DSL,Yes,Yes,Two year,Yes,Credit card,79.85,4861.45,0,77.16587301587302,4-6yr
4080-IIARD,0,Yes,No,13,DSL,Yes,Yes,Month-to-month,Yes,Electronic check,76.2,981.45,0,75.49615384615385,1-2yr
3714-NTNFO,0,No,No,49,Fiber optic,No,No,Month-to-month,Yes,Electronic check,84.5,3906.7,0,79.72857142857143,4-6yr
5948-UJZLF,0,No,No,2,DSL,No,No,Month-to-month,No,Mailed check,49.25,97.0,0,48.5,0-1yr
7760-OYPDY,0,No,No,2,Fiber optic,No,No,Month-to-month,Yes,Electronic check,80.65,144.15,1,72.075,0-1yr
7639-LIAYI,0,No,No,52,DSL,Yes,Yes,Two year,Yes,Credit card,79.75,4217.8,0,81.11153846153846,4-6yr
2954-PIBKO,0,Yes,Yes,69,DSL,Yes,Yes,Two year,Yes,Credit card,64.15,4254.1,0,61.6536231884058,4-6yr
8012-SOUDQ,1,No,No,43,Fiber optic,No,No,Month-to-month,Yes,Electronic check,90.25,3838.75,0,89.27325581395348,2-4yr
9420-LOJKX,0,No,No,15,Fiber optic,Yes,No,Month-to-month,Yes,Credit card,99.1,1426.4,1,95.09333333333333,1-2yr
6575-SUVOI,1,Yes,No,25,DSL,Yes,Yes,Month-to-month,Yes,Credit card,69.5,1752.65,0,70.10600000000001,2-4yr
7495-OOKFY,1,Yes,No,8,Fiber optic,No,No,Month-to-month,Yes,Credit card,80.65,633.3,1,79.1625,0-1yr
4667-QONEA,1,Yes,Yes,60,DSL,Yes,Yes,One year,Yes,Credit card,74.85,4456.35,0,74.27250000000001,4-6yr
1658-BYGOY,1,No,No,18,Fiber optic,No,No,Month-to-month,Yes,Electronic check,95.45,1752.55,1,97.36388888888888,1-2yr
8769-KKTPH,0,Yes,Yes,63,Fiber optic,Yes,No,One year,Yes,Credit card,99.65,6311.2,0,100.17777777777778,4-6yr
5067-XJQFU,1,Yes,Yes,66,Fiber optic,No,Yes,One year,Yes,Electronic check,108.45,7076.35,0,107.21742424242424,4-6yr
3957-SQXML,0,Yes,Yes,34,No,No,No,Two year,No,Credit card,24.95,894.3,0,26.302941176470586,2-4yr
5954-BDFSG,0,No,No,72,Fiber optic,No,Yes,Two year,Yes,Credit card,107.5,7853.7,0,109.07916666666667,4-6yr
0434-CSFON,0,Yes,No,47,Fiber optic,No,No,Month-to-month,Yes,Electronic check,100.5,4707.1,0,100.15106382978725,2-4yr
1215-FIGMP,0,No,No,60,Fiber optic,No,No,Month-to-month,Yes,Bank transfer,89.9,5450.7,0,90.845,4-6yr
0526-SXDJP,0,Yes,No,72,DSL,Yes,No,Two year,No,Bank transfer,42.1,2962.0,0,41.138888888888886,4-6yr
0557-ASKVU,0,Yes,Yes,18,DSL,No,Yes,One year,Yes,Credit card,54.4,957.1,0,53.172222222222224,1-2yr
5698-BQJOH,0,No,No,9,Fiber optic,No,No,Month-to-month,No,Electronic check,94.4,857.25,1,95.25,0-1yr
5122-CYFXA,0,No,No,3,DSL,No,Yes,Month-to-month,Yes,Electronic check,75.3,244.1,0,81.36666666666666,0-1yr
8627-ZYGSZ,0,Yes,No,47,Fiber optic,No,No,One year,Yes,Electronic check,78.9,3650.35,0,77.66702127659575,2-4yr
3410-YOQBQ,0,No,No,31,DSL,No,Yes,Two year,No,Mailed check,79.2,2497.2,0,80.55483870967741,2-4yr
3170-NMYVV,0,Yes,Yes,50,No,No,No,Two year,No,Bank transfer,20.15,930.9,0,18.618,4-6yr
7410-OIEDU,0,No,No,10,Fiber optic,Yes,No,Month-to-month,Yes,Mailed check,79.85,887.35,0,88.735,0-1yr
2273-QCKXA,0,No,No,1,DSL,No,Yes,Month-to-month,No,Mailed check,49.05,49.05,0,49.05,0-1yr
0731-EBJQB,0,Yes,Yes,52,No,No,No,One year,Yes,Electronic check,20.4,1090.65,0,20.974038461538463,4-6yr
1891-QRQSA,1,Yes,Yes,64,Fiber optic,Yes,Yes,Two year,Yes,Bank transfer,111.6,7099.0,0,110.921875,4-6yr
8028-PNXHQ,0,Yes,Yes,62,No,No,No,Two year,Yes,Bank transfer,24.25,1424.6,0,22.97741935483871,4-6yr
5630-AHZIL,0,No,Yes,3,DSL,Yes,Yes,Month-to-month,Yes,Bank transfer,64.5,177.4,0,59.13333333333333,0-1yr
2673-CXQEU,1,No,No,56,Fiber optic,Yes,No,One year,No,Electronic check,110.5,6139.5,0,109.63392857142857,4-6yr
6416-JNVRK,0,No,No,46,DSL,No,No,One year,No,Credit card,55.65,2688.85,0,58.45326086956521,2-4yr
5590-ZSKRV,0,Yes,Yes,8,DSL,Yes,No,Month-to-month,No,Mailed check,54.65,482.25,0,60.28125,0-1yr
0191-ZHSKZ,1,No,No,30,DSL,Yes,No,Month-to-month,Yes,Electronic check,74.75,2111.3,0,70.37666666666668,2-4yr
3887-PBQAO,0,Yes,Yes,45,No,No,No,One year,Yes,Credit card,25.9,1216.6,0,27.035555555555554,2-4yr
5919-TMRGD,0,No,Yes,1,Fiber optic,No,No,Month-to-month,Yes,Electronic check,79.35,79.35,1,79.35,0-1yr
8108-UXRQN,0,Yes,Yes,11,DSL,Yes,No,Month-to-month,No,Electronic check,50.55,565.35,0,51.39545454545455,0-1yr
9191-MYQKX,0,Yes,No,7,Fiber optic,No,No,Month-to-month,Yes,Bank transfer,75.15,496.9,1,70.98571428571428,0-1yr
9919-YLNNG,0,No,No,42,Fiber optic,No,Yes,Month-to-month,Yes,Bank transfer,103.8,4327.5,0,103.03571428571429,2-4yr
0318-ZOPWS,0,Yes,No,49,No,No,No,Two year,Yes,Bank transfer,20.15,973.35,0,19.864285714285714,4-6yr
4445-ZJNMU,0,No,No,9,Fiber optic,No,No,Month-to-month,Yes,Credit card,99.3,918.75,0,102.08333333333333,0-1yr
4808-YNLEU,0,Yes,No,35,DSL,Yes,No,One year,Yes,Bank transfer,62.15,2215.45,0,63.29857142857142,2-4yr
1862-QRWPE,0,Yes,Yes,48,No,No,No,Two year,No,Bank transfer,20.65,1057.0,0,22.020833333333332,2-4yr
2796-NNUFI,0,Yes,Yes,46,No,No,No,Two year,Yes,Mailed check,19.95,927.1,0,20.15434782608696,2-4yr
3016-KSVCP,0,Yes,No,29,DSL,No,No,Month-to-month,No,Mailed check,33.75,1009.25,0,34.80172413793103,2-4yr
4767-HZZHQ,0,Yes,Yes,30,Fiber optic,No,No,Month-to-month,No,Bank transfer,82.05,2570.2,0,85.67333333333333,2-4yr
2424-WVHPL,1,No,No,1,Fiber optic,No,Yes,Month-to-month,No,Electronic check,74.7,74.7,0,74.7,0-1yr
7233-PAHHL,0,Yes,Yes,66,DSL,Yes,Yes,Two year,Yes,Mailed check,84.0,5714.25,0,86.57954545454545,4-6yr
6067-NGCEU,0,No,No,65,Fiber optic,Yes,No,Month-to-month,Yes,Credit card,111.05,7107.0,0,109.33846153846154,4-6yr
9848-JQJTX,0,No,No,72,Fiber optic,No,No,Two year,Yes,Bank transfer,100.9,7459.05,0,103.59791666666666,4-6yr
8637-XJIVR,0,No,No,12,Fiber optic,Yes,No,Month-to-month,Yes,Electronic check,78.95,927.35,1,77.27916666666667,0-1yr
9803-FTJCG,0,Yes,Yes,71,DSL,Yes,Yes,One year,Yes,Credit card,66.85,4748.7,0,66.8830985915493,4-6yr
0278-YXOOG,0,No,No,5,No,No,No,Month-to-month,No,Mailed check,21.05,113.85,1,22.77,0-1yr
3212-KXOCR,0,No,No,52,No,No,No,Two year,No,Bank transfer,21.0,1107.2,0,21.292307692307695,4-6yr
4598-XLKNJ,1,Yes,No,25,Fiber optic,No,No,Month-to-month,Yes,Electronic check,98.5,2514.5,1,100.58,2-4yr
6380-ARCEH,0,No,No,1,No,No,No,Month-to-month,No,Mailed check,20.2,20.2,0,20.2,0-1yr
3679-XASPY,0,Yes,Yes,1,No,No,No,Month-to-month,No,Electronic check,19.45,19.45,0,19.45,0-1yr
7123-WQUHX,0,No,No,38,Fiber optic,No,Yes,One year,No,Bank transfer,95.0,3605.6,0,94.88421052631578,2-4yr
5386-THSLQ,1,Yes,No,66,DSL,No,No,One year,No,Bank transfer,45.55,3027.25,0,45.86742424242424,4-6yr
3192-NQECA,0,Yes,No,68,Fiber optic,No,Yes,Two year,Yes,Bank transfer,110.0,7611.85,1,111.93897058823529,4-6yr
6180-YBIQI,0,No,No,5,DSL,No,No,Month-to-month,No,Mailed check,24.3,100.2,0,20.04,0-1yr
6728-DKUCO,0,Yes,Yes,72,Fiber optic,Yes,No,One year,Yes,Electronic check,104.15,7303.05,0,101.43125,4-6yr
9750-BOOHV,0,No,No,32,DSL,Yes,No,One year,No,Mailed check,30.15,927.65,0,28.9890625,2-4yr
8597-CWYHH,0,No,No,43,Fiber optic,No,No,One year,No,Mailed check,94.35,3921.3,0,91.19302325581396,2-4yr
2848-YXSMW,0,Yes,Yes,72,No,No,No,Two year,No,Credit card,19.4,1363.25,0,18.93402777777778,4-6yr
0486-HECZI,0,Yes,No,55,Fiber optic,Yes,No,Month-to-month,Yes,Electronic check,96.75,5238.9,1,95.25272727272727,4-6yr
4549-ZDQYY,0,No,No,52,DSL,Yes,Yes,One year,No,Credit card,57.95,3042.25,0,58.50480769230769,4-6yr
5712-AHQNN,0,No,No,43,Fiber optic,No,No,Month-to-month,Yes,Electronic check,91.65,3954.1,0,91.95581395348837,2-4yr
4846-WHAFZ,1,Yes,No,37,Fiber optic,No,No,Month-to-month,Yes,Electronic check,76.5,2868.15,1,77.51756756756757,2-4yr
5256-SKJGO,0,Yes,Yes,64,DSL,No,Yes,Two year,Yes,Electronic check,54.6,3423.5,0,53.4921875,4-6yr
3071-VBYPO,0,Yes,Yes,3,Fiber optic,Yes,No,Month-to-month,No,Electronic check,89.85,248.4,0,82.8,0-1yr
9560-BBZXK,0,No,No,36,DSL,Yes,No,Two year,No,Bank transfer,31.05,1126.35,0,31.287499999999998,2-4yr
5299-RULOA,0,Yes,Yes,10,Fiber optic,Yes,No,Month-to-month,Yes,Electronic check,100.25,1064.65,1,106.465,0-1yr
8402-OOOHJ,0,No,No,41,No,No,No,Two year,No,Mailed check,20.65,835.15,0,20.36951219512195,2-4yr
9445-ZUEQE,0,Yes,Yes,27,Fiber optic,No,Yes,Month-to-month,Yes,Credit card,85.2,2151.6,0,79.68888888888888,2-4yr
1091-SOZGA,0,Yes,Yes,56,Fiber optic,No,No,One year,Yes,Credit card,99.8,5515.45,0,98.49017857142857,4-6yr
2928-HLDBA,0,No,No,6,No,No,No,Month-to-month,No,Mailed check,20.7,112.75,0,18.791666666666668,0-1yr
0404-SWRVG,0,No,No,3,Fiber optic,No,No,Month-to-month,Yes,Electronic check,74.4,229.55,1,76.51666666666667,0-1yr
6497-TILVL,0,Yes,Yes,7,DSL,Yes,No,Month-to-month,No,Mailed check,50.7,350.35,0,50.050000000000004,0-1yr
7219-TLZHO,0,Yes,Yes,4,No,No,No,Month-to-month,No,Mailed check,20.85,62.9,0,15.725,0-1yr
4622-YNKIJ,0,No,No,33,Fiber optic,Yes,Yes,Two year,Yes,Electronic check,88.95,3027.65,0,91.7469696969697,2-4yr
4412-YLTKF,1,No,No,27,Fiber optic,No,No,Month-to-month,Yes,Electronic check,78.05,2135.5,1,79.0925925925926,2-4yr
6734-PSBAW,0,Yes,No,72,No,No,No,Two year,Yes,Bank transfer,23.55,1723.95,0,23.94375,4-6yr
3930-ZGWVE,0,No,No,1,No,No,No,Month-to-month,No,Mailed check,19.75,19.75,0,19.75,0-1yr
2639-UGMAZ,1,No,No,71,DSL,Yes,No,One year,Yes,Electronic check,56.45,3985.35,0,56.131690140845066,4-6yr
2876-GZYZC,0,No,No,13,Fiber optic,No,No,Month-to-month,Yes,Electronic check,85.95,1215.65,0,93.51153846153846,1-2yr
6207-WIOLX,0,Yes,Yes,25,DSL,Yes,No,Month-to-month,Yes,Credit card,58.6,1502.65,1,60.106,2-4yr
8587-XYZSF,0,No,No,67,DSL,No,Yes,Two year,No,Bank transfer,50.55,3260.1,0,48.65820895522388,4-6yr
3091-FYHKI,0,No,No,1,DSL,No,No,Month-to-month,Yes,Electronic check,35.45,35.45,1,35.45,0-1yr
2372-HWUHI,0,No,No,2,DSL,No,No,Month-to-month,No,Electronic check,44.35,81.25,1,40.625,0-1yr
7799-LGRDP,0,No,No,43,No,No,No,Two year,Yes,Credit card,25.7,1188.2,0,27.632558139534886,2-4yr
7850-VWJUU,0,No,No,23,Fiber optic,Yes,No,Month-to-month,Yes,Bank transfer,75.0,1778.5,0,77.32608695652173,1-2yr
3774-VBNXY,0,Yes,Yes,64,No,No,No,Two year,No,Mailed check,20.2,1277.75,0,19.96484375,4-6yr
6217-KDYWC,0,No,Yes,57,No,No,No,Two year,Yes,Mailed check,19.6,1170.55,0,20.5359649122807,4-6yr
0390-DCFDQ,1,Yes,No,1,Fiber optic,No,No,Month-to-month,Yes,Mailed check,70.45,70.45,1,70.45,0-1yr
3146-MSEGF,1,Yes,Yes,72,DSL,Yes,Yes,Two year,Yes,Credit card,88.05,6425.65,0,89.24513888888889,4-6yr
4080-OGPJL,0,No,No,8,DSL,Yes,Yes,Month-to-month,No,Electronic check,71.15,563.65,1,70.45625,0-1yr
1095-WGNGG,0,Yes,No,61,Fiber optic,No,No,Two year,Yes,Bank transfer,101.05,5971.25,0,97.88934426229508,4-6yr
2636-SJDOU,0,No,No,64,Fiber optic,Yes,No,One year,Yes,Credit card,84.3,5289.05,0,82.64140625,4-6yr
1131-QQZEB,1,Yes,No,71,No,No,No,Two year,No,Bank transfer,23.95,1756.2,0,24.735211267605635,4-6yr
5716-EZXZN,0,Yes,Yes,65,Fiber optic,Yes,Yes,Two year,Yes,Credit card,99.05,6416.7,0,98.71846153846154,4-6yr
6837-BJYDQ,0,No,No,3,No,No,No,One year,No,Mailed check,19.6,61.35,0,20.45,0-1yr
2135-RXIHG,0,No,No,1,DSL,No,No,Month-to-month,Yes,Electronic check,45.65,45.65,1,45.65,0-1yr
6440-DKQGE,0,No,Yes,30,DSL,No,No,One year,No,Credit card,64.5,1929.95,0,64.33166666666666,2-4yr
3466-BYAVD,0,Yes,Yes,15,DSL,No,Yes,Month-to-month,Yes,Mailed check,69.5,1071.4,0,71.42666666666668,1-2yr
3780-YVMFA,0,Yes,Yes,8,DSL,No,Yes,Month-to-month,Yes,Electronic check,68.55,564.35,0,70.54375,0-1yr
3874-EQOEP,0,No,No,7,Fiber optic,No,No,Month-to-month,No,Mailed check,95.0,655.5,1,93.64285714285714,0-1yr
1679-JRFBR,0,Yes,Yes,70,Fiber optic,Yes,No,One year,Yes,Credit card,108.15,7930.55,0,113.29357142857143,4-6yr
9073-ZZIAY,0,Yes,Yes,62,DSL,Yes,Yes,Two year,No,Electronic check,86.1,5215.25,0,84.11693548387096,4-6yr
3077-RSNTJ,0,Yes,Yes,6,No,No,No,Month-to-month,No,Mailed check,19.7,113.5,0,18.916666666666668,0-1yr
6551-GNYDG,0,Yes,Yes,14,Fiber optic,No,No,Month-to-month,Yes,Bank transfer,80.9,1152.8,0,82.34285714285714,1-2yr
9167-APMXZ,0,No,No,22,Fiber optic,No,No,Month-to-month,Yes,Bank transfer,84.15,1821.95,0,82.81590909090909,1-2yr
2749-CTKAJ,0,Yes,Yes,22,No,No,No,One year,No,Mailed check,20.15,419.9,0,19.086363636363636,1-2yr
6371-NZYEG,0,Yes,Yes,16,DSL,Yes,No,Two year,No,Mailed check,64.25,1024.0,0,64.0,1-2yr
7554-NEWDD,0,No,No,10,No,No,No,Two year,No,Bank transfer,25.7,251.6,0,25.16,0-1yr
8992-VONJD,0,No,Yes,13,DSL,Yes,No,Month-to-month,Yes,Electronic check,56.0,764.55,0,58.81153846153846,1-2yr
0867-MKZVY,0,Yes,No,20,Fiber optic,Yes,No,Month-to-month,No,Electronic check,82.4,1592.35,1,79.61749999999999,1-2yr
4482-EWFMI,0,No,No,2,Fiber optic,No,No,Month-to-month,Yes,Electronic check,69.7,135.2,0,67.6,0-1yr
4648-YPBTM,0,No,No,53,DSL,No,Yes,Two year,Yes,Bank transfer,73.9,3958.25,0,74.68396226415095,4-6yr
2907-ILJBN,0,Yes,Yes,11,No,No,No,One year,No,Mailed check,20.6,233.9,0,21.263636363636365,0-1yr
6345-FZOQH,0,Yes,No,69,No,No,No,Two year,No,Mailed check,19.9,1363.45,0,19.76014492753623,4-6yr
3376-BMGFE,0,No,No,4,Fiber optic,No,No,Month-to-month,Yes,Bank transfer,70.9,273.0,1,68.25,0-1yr
5997-OPVFA,0,Yes,No,72,DSL,Yes,Yes,Two year,Yes,Bank transfer,89.05,6254.45,0,86.86736111111111,4-6yr
3445-HXXGF,1,Yes,No,58,DSL,No,No,Month-to-month,Yes,Electronic check,45.3,2651.2,1,45.710344827586205,4-6yr
1159-WFSGR,0,Yes,Yes,16,No,No,No,Month-to-month,No,Electronic check,20.4,321.4,0,20.0875,1-2yr
7654-YWJUF,0,Yes,No,43,Fiber optic,Yes,Yes,One year,Yes,Bank transfer,84.25,3539.25,0,82.30813953488372,2-4yr
1875-QIVME,0,Yes,No,2,Fiber optic,No,Yes,Month-to-month,Yes,Electronic check,104.4,242.8,1,121.4,0-1yr
6727-IOTLZ,0,Yes,No,14,DSL,No,Yes,Two year,No,Mailed check,81.95,1181.75,0,84.41071428571429,1-2yr
0691-JVSYA,0,Yes,No,53,Fiber optic,No,No,One year,Yes,Bank transfer,94.85,5000.2,1,94.3433962264151,4-6yr
5918-VUKWP,0,No,No,32,No,No,No,One year,No,Bank transfer,20.55,654.55,0,20.4546875,2-4yr
1744-JHKYS,0,Yes,No,34,No,No,No,Month-to-month,No,Electronic check,24.7,780.2,0,22.947058823529414,2-4yr
2656-FMOKZ,1,No,No,15,Fiber optic,No,No,Month-to-month,Yes,Mailed check,74.45,1145.7,1,76.38000000000001,1-2yr
2070-FNEXE,1,No,No,7,Fiber optic,Yes,No,Month-to-month,No,Bank transfer,76.45,503.6,1,71.94285714285715,0-1yr
5947-SGKCL,0,Yes,Yes,15,Fiber optic,No,No,Month-to-month,Yes,Bank transfer,105.35,1559.25,0,103.95,1-2yr
3712-PKXZA,0,Yes,No,61,No,No,No,One year,Yes,Credit card,20.55,1252.0,0,20.524590163934427,4-6yr
6317-YPKDH,0,No,No,1,DSL,No,No,Month-to-month,No,Bank transfer,29.95,29.95,1,29.95,0-1yr
6582-OIVSP,0,No,No,1,DSL,No,No,Month-to-month,No,Mailed check,45.3,45.3,0,45.3,0-1yr
9367-WXLCH,0,No,No,8,Fiber optic,No,No,Month-to-month,No,Bank transfer,84.5,662.65,1,82.83125,0-1yr
5524-KHNJP,0,Yes,Yes,33,DSL,Yes,No,One year,No,Credit card,74.75,2453.3,0,74.34242424242424,2-4yr
1918-ZBFQJ,0,No,No,13,Fiber optic,No,No,Month-to-month,Yes,Electronic check,79.25,1111.65,1,85.51153846153846,1-2yr
1024-GUALD,0,Yes,No,1,DSL,No,No,Month-to-month,Yes,Electronic check,24.8,24.8,1,24.8,0-1yr
4827-USJHP,0,No,No,20,DSL,No,No,Month-to-month,Yes,Mailed check,51.8,1023.85,0,51.1925,1-2yr
8167-GJLRN,0,No,No,3,DSL,No,Yes,Month-to-month,No,Electronic check,30.4,82.15,0,27.383333333333336,0-1yr
0956-SYCWG,0,No,No,13,No,No,No,One year,No,Electronic check,19.65,244.8,0,18.83076923076923,1-2yr
8017-UVSZU,0,Yes,No,40,DSL,No,No,Month-to-month,No,Credit card,56.6,2379.1,0,59.4775,2-4yr
7100-FQPRV,0,Yes,Yes,43,DSL,Yes,Yes,One year,Yes,Credit card,71.9,3173.35,0,73.79883720930232,2-4yr
2472-OVKUP,0,Yes,No,6,Fiber optic,No,No,Month-to-month,Yes,Electronic check,91.0,531.0,1,88.5,0-1yr
2984-RGEYA,0,Yes,Yes,69,No,No,No,Two year,No,Bank transfer,19.75,1375.4,0,19.933333333333334,4-6yr
9680-NIAUV,0,Yes,Yes,72,Fiber optic,Yes,No,Two year,No,Credit card,109.7,8129.3,0,112.90694444444445,4-6yr
2146-EGVDT,0,Yes,Yes,59,No,No,No,Two year,No,Credit card,19.3,1192.7,0,20.215254237288136,4-6yr
2604-IJPDU,0,Yes,No,20,Fiber optic,Yes,Yes,Month-to-month,Yes,Electronic check,96.55,1901.65,0,95.08250000000001,1-2yr
9178-JHUVJ,0,Yes,Yes,24,No,No,No,Two year,Yes,Bank transfer,24.1,587.4,0,24.474999999999998,1-2yr
6168-YBYNP,0,No,No,59,Fiber optic,No,Yes,Month-to-month,Yes,Electronic check,111.35,6519.75,0,110.5042372881356,4-6yr
7255-SSFBC,0,Yes,Yes,72,Fiber optic,No,Yes,Two year,Yes,Bank transfer,112.25,8041.65,0,111.68958333333333,4-6yr
3645-DEYGF,0,No,Yes,1,No,No,No,Month-to-month,No,Mailed check,20.75,20.75,0,20.75,0-1yr
9323-HGFWY,0,Yes,No,27,Fiber optic,Yes,Yes,One year,Yes,Credit card,101.9,2681.15,0,99.30185185185185,2-4yr
8544-GOQSH,0,No,No,14,Fiber optic,No,Yes,Month-to-month,Yes,Credit card,80.05,1112.3,0,79.45,1-2yr
3363-DTIVD,0,Yes,Yes,71,Fiber optic,Yes,No,Two year,No,Electronic check,105.55,7405.5,0,104.30281690140845,4-6yr
7018-WBJNK,0,No,Yes,13,Fiber optic,No,No,Month-to-month,Yes,Credit card,78.3,1033.95,0,79.53461538461539,1-2yr
9142-KZXOP,0,No,No,44,Fiber optic,No,No,Month-to-month,No,Credit card,68.85,2958.95,0,67.24886363636364,2-4yr
7674-YTAFD,0,No,No,33,Fiber optic,No,Yes,One year,Yes,Bank transfer,79.95,2684.85,0,81.35909090909091,2-4yr
6348-SNFUS,0,Yes,Yes,72,DSL,Yes,Yes,Two year,Yes,Credit card,55.45,4179.2,0,58.044444444444444,4-6yr
1285-OKIPP,0,No,No,1,Fiber optic,No,No,Month-to-month,No,Electronic check,79.9,79.9,1,79.9,0-1yr
7825-ECJRF,0,No,No,19,Fiber optic,Yes,Yes,Month-to-month,Yes,Electronic check,106.6,1934.45,1,101.81315789473685,1-2yr
1347-KTTTA,0,Yes,No,64,Fiber optic,No,Yes,One year,Yes,Credit card,102.45,6654.1,0,103.9703125,4-6yr
7841-TZDMQ,0,No,No,2,DSL,No,No,Month-to-month,Yes,Credit card,46.0,84.5,1,42.25,0-1yr
4195-NZGTA,0,No,No,1,DSL,No,No,Month-to-month,No,Electronic check,25.25,25.25,0,25.25,0-1yr
7157-SMCFK,0,No,Yes,61,No,No,No,Two year,No,Mailed check,19.75,1124.2,0,18.42950819672131,4-6yr
4709-LKHYG,0,Yes,Yes,29,No,No,No,One year,No,Electronic check,20.0,540.05,0,18.622413793103448,2-4yr
2504-DSHIH,1,Yes,No,23,Fiber optic,No,No,Month-to-month,No,Electronic check,86.8,1975.85,0,85.90652173913043,1-2yr
0699-NDKJM,0,Yes,No,57,DSL,Yes,No,Month-to-month,Yes,Bank transfer,58.75,3437.45,0,60.30614035087719,4-6yr
9286-BHDQG,0,Yes,Yes,72,DSL,Yes,Yes,Two year,No,Credit card,45.25,3139.8,0,43.608333333333334,4-6yr
0230-WEQUW,0,Yes,No,66,DSL,Yes,Yes,Two year,Yes,Bank transfer,56.6,3789.2,0,57.41212121212121,4-6yr
2040-LDIWQ,0,Yes,Yes,65,DSL,No,Yes,Two year,Yes,Bank transfer,84.2,5324.5,0,81.91538461538461,4-6yr
6496-JDSSB,0,No,No,8,Fiber optic,No,No,Month-to-month,Yes,Bank transfer,80.0,624.6,0,78.075,0-1yr
9408-SSNVZ,0,No,No,4,Fiber optic,No,No,Month-to-month,Yes,Electronic check,70.15,268.35,1,67.0875,0-1yr
4443-EMBNA,0,Yes,No,71,No,No,No,Two year,No,Bank transfer,24.75,1836.9,0,25.871830985915494,4-6yr
6469-MRVET,0,Yes,Yes,1,No,No,No,One year,Yes,Electronic check,20.2,20.2,0,20.2,0-1yr
0742-MOABM,0,Yes,No,4,DSL,No,Yes,Month-to-month,No,Mailed check,50.05,179.35,1,44.8375,0-1yr
5961-VUSRV,0,No,No,12,No,No,No,One year,Yes,Bank transfer,19.35,219.35,0,18.279166666666665,0-1yr
6778-JFCMK,0,No,No,24,DSL,Yes,No,One year,Yes,Mailed check,50.6,1288.75,0,53.697916666666664,1-2yr
6341-JVQGF,0,Yes,Yes,31,DSL,Yes,Yes,One year,Yes,Mailed check,81.15,2545.75,0,82.12096774193549,2-4yr
2232-DMLXU,0,Yes,No,1,DSL,No,No,Month-to-month,No,Mailed check,55.2,55.2,1,55.2,0-1yr
4811-JBUVU,0,No,No,30,Fiber optic,No,Yes,Month-to-month,Yes,Credit card,89.9,2723.15,0,90.77166666666668,2-4yr
0945-TSONX,0,Yes,Yes,47,DSL,Yes,Yes,Two year,Yes,Credit card,85.3,4107.25,0,87.38829787234043,2-4yr
2651-ZCBXV,0,No,No,54,Fiber optic,Yes,Yes,Two year,Yes,Credit card,108.0,5760.65,0,106.6787037037037,4-6yr
3316-UWXUY,0,No,No,50,Fiber optic,Yes,Yes,Month-to-month,Yes,Credit card,93.5,4747.5,0,94.95,4-6yr
8937-RDTHP,0,No,No,1,Fiber optic,Yes,No,Month-to-month,Yes,Mailed check,84.6,84.6,1,84.6,0-1yr
7083-MIOPC,0,No,No,72,No,No,No,Two year,No,Credit card,20.25,1566.9,0,21.762500000000003,4-6yr
1984-GPTEH,0,No,No,29,No,No,No,Month-to-month,No,Electronic check,25.15,702.0,0,24.20689655172414,2-4yr
1251-KRREG,0,No,No,2,DSL,No,No,Month-to-month,Yes,Mailed check,54.4,114.1,1,57.05,0-1yr
0621-JFHOL,0,No,No,10,DSL,No,Yes,Two year,Yes,Mailed check,29.6,299.05,0,29.905,0-1yr
9903-LYSAB,0,Yes,No,18,Fiber optic,No,No,Month-to-month,Yes,Electronic check,73.15,1305.95,0,72.55277777777778,1-2yr
0094-OIFMO,1,No,No,11,Fiber optic,No,No,Month-to-month,Yes,Electronic check,95.0,1120.3,1,101.84545454545454,0-1yr
9227-UAQFT,0,No,No,16,No,No,No,Two year,No,Mailed check,19.75,284.35,0,17.771875,1-2yr
7301-ABVAD,0,No,No,72,DSL,No,Yes,Two year,No,Bank transfer,86.6,6350.5,0,88.20138888888889,4-6yr
6614-FHDBO,0,No,No,72,Fiber optic,No,Yes,Two year,No,Bank transfer,109.2,7878.3,0,109.42083333333333,4-6yr
7576-ASEJU,0,Yes,Yes,41,DSL,Yes,Yes,One year,Yes,Credit card,74.7,3187.65,0,77.74756097560976,2-4yr
9058-HRZSV,1,Yes,No,65,Fiber optic,Yes,No,Month-to-month,No,Electronic check,94.4,6126.15,0,94.24846153846153,4-6yr
4522-AKYLR,1,No,No,13,DSL,No,No,Month-to-month,Yes,Electronic check,54.8,731.3,0,56.25384615384615,1-2yr
0221-WMXNQ,1,No,No,4,Fiber optic,Yes,No,Month-to-month,No,Electronic check,75.35,273.4,0,68.35,0-1yr
0303-UNCIP,0,No,No,41,DSL,No,No,One year,No,Mailed check,65.0,2531.8,0,61.75121951219513,2-4yr
9947-OTFQU,1,No,No,15,Fiber optic,No,No,Month-to-month,Yes,Electronic check,74.4,1074.3,1,71.61999999999999,1-2yr
0322-YINQP,0,No,No,1,DSL,Yes,No,Month-to-month,Yes,Mailed check,48.55,48.55,1,48.55,0-1yr
0959-WHOKV,0,No,No,42,Fiber optic,Yes,No,One year,Yes,Electronic check,99.0,4298.45,0,102.34404761904761,2-4yr
4075-JFPGR,0,Yes,No,51,Fiber optic,Yes,No,One year,Yes,Electronic check,93.5,4619.55,0,90.57941176470588,4-6yr
4629-NRXKX,0,Yes,Yes,2,Fiber optic,No,No,Month-to-month,No,Electronic check,70.4,147.15,1,73.575,0-1yr
9514-JDSKI,1,Yes,No,1,DSL,No,No,Month-to-month,No,Electronic check,40.2,40.2,1,40.2,0-1yr
3282-ZISZV,0,No,Yes,32,DSL,No,Yes,One year,No,Credit card,83.7,2633.3,0,82.290625,2-4yr
3675-YDUPJ,0,No,No,10,No,No,No,Month-to-month,Yes,Mailed check,19.85,193.05,0,19.305,0-1yr
4111-BNXIF,0,Yes,Yes,67,DSL,No,Yes,Two year,Yes,Electronic check,59.55,4103.9,0,61.252238805970144,4-6yr
7017-VFHAY,0,Yes,Yes,61,Fiber optic,Yes,Yes,Two year,No,Credit card,115.1,7008.15,0,114.88770491803278,4-6yr
6655-LHBYW,0,No,No,50,Fiber optic,Yes,Yes,One year,No,Credit card,114.35,5791.1,0,115.822,4-6yr
4959-JOSRX,0,Yes,No,2,DSL,No,No,Month-to-month,Yes,Credit card,44.6,80.55,1,40.275,0-1yr
5046-NUHWD,1,Yes,No,29,DSL,Yes,No,Month-to-month,Yes,Electronic check,45.0,1228.65,0,42.36724137931035,2-4yr
7273-TEFQD,1,No,No,3,DSL,No,No,Month-to-month,Yes,Electronic check,41.15,132.2,1,44.06666666666666,0-1yr
3606-TWKGI,1,No,No,13,Fiber optic,No,No,Month-to-month,Yes,Electronic check,106.9,1364.3,1,104.94615384615385,1-2yr
7529-ZDFXI,1,Yes,No,57,Fiber optic,No,No,Month-to-month,Yes,Electronic check,89.85,4925.35,0,86.40964912280702,4-6yr
7605-BDWDC,0,No,No,31,DSL,Yes,Yes,Two year,Yes,Bank transfer,49.85,1520.1,0,49.03548387096774,2-4yr
1950-KSVVJ,0,Yes,No,45,Fiber optic,Yes,Yes,One year,No,Mailed check,113.3,5032.25,0,111.82777777777778,2-4yr
0123-CRBRT,0,Yes,Yes,61,DSL,Yes,Yes,Two year,No,Mailed check,88.1,5526.75,0,90.60245901639344,4-6yr
6292-TOSSS,0,No,No,50,No,No,No,Two year,No,Bank transfer,24.9,1195.25,0,23.905,4-6yr
3197-ARFOY,1,No,No,19,Fiber optic,Yes,Yes,Month-to-month,Yes,Mailed check,105.0,2007.25,0,105.64473684210526,1-2yr
6323-AYBRX,0,No,No,59,No,No,No,Two year,No,Mailed check,19.35,1099.6,1,18.63728813559322,4-6yr
7014-ZZXAW,0,Yes,No,71,No,No,No,Two year,Yes,Credit card,24.25,1732.95,0,24.40774647887324,4-6yr
4385-GZQXV,1,No,No,16,Fiber optic,No,Yes,Month-to-month,Yes,Electronic check,94.45,1511.2,1,94.45,1-2yr
7633-MVPUY,0,Yes,No,57,DSL,Yes,Yes,Two year,Yes,Electronic check,59.75,3450.15,0,60.52894736842106,4-6yr
6366-ZGQGL,0,No,No,1,DSL,No,No,Month-to-month,No,Bank transfer,24.8,24.8,1,24.8,0-1yr
4716-HHKQH,1,Yes,No,20,Fiber optic,No,Yes,Month-to-month,No,Electronic check,107.05,2172.05,0,108.6025,1-2yr
5940-AHUHD,0,No,No,1,Fiber optic,No,No,Month-to-month,No,Mailed check,70.6,70.6,1,70.6,0-1yr
6432-TWQLB,0,Yes,No,5,Fiber optic,No,Yes,Month-to-month,Yes,Electronic check,85.4,401.1,1,80.22,0-1yr
4484-GLZOU,0,Yes,No,52,Fiber optic,No,No,Month-to-month,Yes,Electronic check,105.05,5624.85,1,108.17019230769232,4-6yr
3179-GBRWV,1,Yes,No,21,DSL,Yes,No,Month-to-month,Yes,Bank transfer,64.95,1339.8,0,63.8,1-2yr
8645-KWHJO,0,No,No,14,DSL,No,Yes,Month-to-month,Yes,Electronic check,55.0,771.95,0,55.13928571428572,1-2yr
4130-MZLCC,0,No,No,5,DSL,No,No,Month-to-month,No,Bank transfer,50.55,244.75,0,48.95,0-1yr
0314-TKOSI,0,No,No,6,DSL,Yes,No,Month-to-month,No,Mailed check,55.15,322.9,0,53.81666666666666,0-1yr
8229-MYEJZ,0,No,No,10,DSL,No,No,Month-to-month,No,Electronic check,51.2,498.25,0,49.825,0-1yr
2080-SRCDE,0,No,Yes,1,No,No,No,Month-to-month,No,Mailed check,25.4,25.4,0,25.4,0-1yr
9577-WJVCQ,0,No,No,68,DSL,Yes,No,Month-to-month,No,Mailed check,54.45,3687.75,0,54.231617647058826,4-6yr
9512-UIBFX,0,Yes,Yes,18,Fiber optic,No,No,Month-to-month,No,Mailed check,95.15,1779.95,1,98.88611111111112,1-2yr
6202-DYYFX,0,No,No,22,Fiber optic,No,No,One year,Yes,Credit card,76.0,1783.6,0,81.07272727272726,1-2yr
3808-HFKDE,0,No,No,20,DSL,No,No,Month-to-month,Yes,Electronic check,44.35,927.15,0,46.3575,1-2yr
5583-SXDAG,0,Yes,No,1,Fiber optic,No,No,Month-to-month,No,Electronic check,70.0,70.0,1,70.0,0-1yr
3488-PGMQJ,1,No,No,8,Fiber optic,No,No,Month-to-month,Yes,Electronic check,74.5,606.55,1,75.81875,0-1yr
3580-REOAC,0,No,No,10,DSL,No,No,Month-to-month,Yes,Credit card,44.85,435.4,1,43.54,0-1yr
7534-BFESC,1,No,No,24,Fiber optic,No,No,Month-to-month,Yes,Electronic check,76.1,1712.7,1,71.3625,1-2yr
3727-OWVYD,0,No,No,35,DSL,Yes,No,One year,No,Mailed check,61.2,2021.2,0,57.74857142857143,2-4yr
2294-SALNE,0,Yes,Yes,23,Fiber optic,No,Yes,One year,No,Mailed check,86.8,1940.8,0,84.38260869565217,1-2yr
4847-TAJYI,1,No,No,6,Fiber optic,No,No,Month-to-month,Yes,Electronic check,89.35,567.8,0,94.63333333333333,0-1yr
1563-IWQEX,0,No,No,12,No,No,No,Month-to-month,No,Mailed check,19.7,220.35,0,18.3625,0-1yr
8203-XJZRC,0,No,No,1,No,No,No,Month-to-month,No,Mailed check,20.25,20.25,0,20.25,0-1yr
6556-DBKZF,0,Yes,Yes,71,Fiber optic,No,No,Two year,No,Electronic check,76.05,5436.45,0,76.56971830985916,4-6yr
6851-WEFYX,1,Yes,No,35,Fiber optic,No,No,Month-to-month,Yes,Electronic check,100.8,3437.5,0,98.21428571428571,2-4yr
2985-JUUBZ,0,Yes,Yes,40,DSL,No,No,Month-to-month,Yes,Electronic check,74.55,3015.75,0,75.39375,2-4yr
6390-DSAZX,0,No,Yes,1,Fiber optic,Yes,No,Month-to-month,Yes,Mailed check,73.6,73.6,1,73.6,0-1yr
0895-LMRSF,0,No,No,23,DSL,No,No,One year,Yes,Bank transfer,64.9,1509.8,0,65.64347826086956,1-2yr
8098-LLAZX,1,No,No,4,Fiber optic,No,No,Month-to-month,Yes,Electronic check,95.45,396.1,1,99.025,0-1yr
8266-VBFQL,0,No,No,4,Fiber optic,No,Yes,Month-to-month,Yes,Electronic check,90.4,356.65,0,89.1625,0-1yr
8181-YHCMF,0,Yes,Yes,68,DSL,No,Yes,Two year,No,Credit card,60.3,4109.0,0,60.4264705882353,4-6yr
2240-HSJQD,0,No,Yes,38,Fiber optic,No,No,Month-to-month,Yes,Mailed check,81.85,3141.7,0,82.67631578947368,2-4yr
1248-DYXUB,0,Yes,Yes,52,No,No,No,Two year,No,Mailed check,24.8,1229.1,0,23.63653846153846,4-6yr
0265-EDXBD,1,Yes,No,32,Fiber optic,No,No,Month-to-month,Yes,Electronic check,74.9,2303.35,1,71.9796875,2-4yr
4115-BNPJY,0,Yes,Yes,29,DSL,No,Yes,Two year,No,Mailed check,75.55,2054.4,0,70.84137931034483,2-4yr
3167-SNQPL,1,Yes,Yes,38,Fiber optic,No,No,Month-to-month,No,Electronic check,101.15,3741.85,0,98.46973684210526,2-4yr
4091-TVOCN,0,No,Yes,48,DSL,Yes,No,One year,Yes,Credit card,78.75,3682.45,0,76.71770833333333,2-4yr
1098-TDVUQ,0,No,No,1,No,No,No,Month-to-month,Yes,Bank transfer,19.25,19.25,0,19.25,0-1yr
7277-OZCGZ,0,No,No,22,Fiber optic,Yes,Yes,Month-to-month,Yes,Electronic check,89.05,1886.25,0,85.73863636363636,1-2yr
1557-EMYVT,0,No,No,43,Fiber optic,Yes,Yes,Two year,No,Credit card,115.05,4895.1,0,113.83953488372094,2-4yr
2799-ARNLO,1,Yes,No,5,Fiber optic,No,No,Month-to-month,Yes,Electronic check,69.35,341.6,0,68.32000000000001,0-1yr
7563-BIUPC,0,No,No,5,Fiber optic,No,No,Month-to-month,Yes,Electronic check,80.6,415.55,1,83.11,0-1yr
5027-YOCXN,0,Yes,Yes,51,Fiber optic,Yes,Yes,One year,No,Credit card,110.05,5686.4,0,111.49803921568626,4-6yr
3973-SKMLN,0,No,No,71,No,No,No,Two year,Yes,Credit card,19.9,1355.1,0,19.085915492957746,4-6yr
2321-OMBXY,0,Yes,Yes,38,DSL,Yes,Yes,One year,No,Credit card,80.3,3058.65,1,80.49078947368422,2-4yr
2840-XANRC,1,Yes,No,24,Fiber optic,No,No,Month-to-month,Yes,Electronic check,93.15,2231.05,1,92.96041666666667,1-2yr
6745-JEFZB,0,Yes,No,35,Fiber optic,No,Yes,Month-to-month,Yes,Credit card,91.5,3236.35,0,92.46714285714286,2-4yr
5020-ZSTTY,1,No,No,54,DSL,Yes,Yes,One year,No,Bank transfer,82.45,4350.1,1,80.55740740740741,4-6yr
9880-TDQAC,0,Yes,Yes,72,DSL,No,Yes,Two year,Yes,Electronic check,60.0,4264.0,0,59.22222222222222,4-6yr
8705-WZCYL,0,No,No,1,DSL,No,No,Month-to-month,Yes,Electronic check,44.8,44.8,0,44.8,0-1yr
7102-JJVTX,0,Yes,Yes,9,DSL,Yes,No,One year,No,Mailed check,48.6,422.3,0,46.922222222222224,0-1yr
8626-PTQGE,0,No,No,69,DSL,Yes,Yes,Two year,Yes,Bank transfer,60.05,4176.7,0,60.53188405797101,4-6yr
4983-CLMLV,0,Yes,No,52,Fiber optic,No,Yes,Month-to-month,Yes,Credit card,102.7,5138.1,0,98.8096153846154,4-6yr
5701-YVSVF,1,Yes,No,11,Fiber optic,No,Yes,Month-to-month,Yes,Electronic check,82.9,880.05,0,80.00454545454545,0-1yr
5804-LEPIM,1,No,No,2,Fiber optic,No,No,Month-to-month,Yes,Electronic check,70.35,139.05,1,69.525,0-1yr
5697-GOMBF,1,Yes,Yes,28,DSL,No,No,Month-to-month,Yes,Electronic check,35.9,973.65,0,34.77321428571428,2-4yr
2739-CACDQ,1,No,No,17,Fiber optic,No,No,Month-to-month,Yes,Credit card,82.65,1470.05,0,86.4735294117647,1-2yr
9385-EHGDO,0,Yes,Yes,35,No,No,No,Two year,Yes,Mailed check,19.85,739.35,0,21.124285714285715,2-4yr
9498-FIMXL,0,No,No,8,No,No,No,One year,Yes,Mailed check,19.2,161.95,0,20.24375,0-1yr
2379-GYFLQ,0,No,No,46,Fiber optic,No,No,One year,Yes,Credit card,94.9,4422.95,0,96.15108695652174,2-4yr
0122-OAHPZ,0,No,No,7,Fiber optic,No,No,Month-to-month,Yes,Electronic check,73.85,511.25,1,73.03571428571429,0-1yr
2868-SNELZ,0,No,No,2,Fiber optic,No,No,Month-to-month,No,Mailed check,80.6,155.8,1,77.9,0-1yr
4322-RCYMT,0,Yes,Yes,68,DSL,No,Yes,One year,Yes,Bank transfer,75.8,5293.95,1,77.85220588235293,4-6yr
6680-NENYN,0,No,No,43,Fiber optic,No,No,Two year,Yes,Electronic check,104.6,4759.85,1,110.69418604651163,2-4yr
2088-IEBAU,0,No,No,68,DSL,Yes,Yes,Two year,Yes,Electronic check,88.15,6148.45,0,90.41838235294118,4-6yr
7982-VCELR,0,No,No,36,Fiber optic,No,No,Month-to-month,Yes,Credit card,94.8,3565.65,0,99.04583333333333,2-4yr
1343-EHPYB,0,Yes,No,63,Fiber optic,No,No,Month-to-month,Yes,Electronic check,103.4,6603.0,1,104.80952380952381,4-6yr
6035-BXTTY,1,No,No,32,DSL,No,Yes,Month-to-month,No,Bank transfer,54.65,1830.1,0,57.190625,2-4yr
6885-PKOAM,0,Yes,No,71,DSL,Yes,Yes,Two year,No,Credit card,85.75,6223.8,0,87.65915492957747,4-6yr
7520-HQWJU,0,Yes,Yes,66,DSL,Yes,No,Month-to-month,Yes,Bank transfer,67.45,4508.65,0,68.31287878787879,4-6yr
9639-BUJXT,0,No,No,63,No,No,No,One year,No,Mailed check,20.5,1328.15,0,21.081746031746032,4-6yr
5924-SNGKP,0,No,Yes,41,No,No,No,One year,Yes,Credit card,20.25,865.0,0,21.097560975609756,2-4yr
0021-IKXGC,1,No,No,1,Fiber optic,No,No,Month-to-month,Yes,Electronic check,72.1,72.1,0,72.1,0-1yr
2034-GDRCN,0,No,No,2,Fiber optic,No,No,Month-to-month,Yes,Electronic check,90.4,168.2,1,84.1,0-1yr
8966-SNIZF,0,Yes,No,70,No,No,No,Two year,No,Bank transfer,19.45,1303.5,0,18.62142857142857,4-6yr
6243-OZGFH,0,No,No,23,DSL,No,No,Month-to-month,Yes,Electronic check,44.95,996.85,0,43.34130434782609,1-2yr
4654-DLAMQ,1,Yes,No,64,Fiber optic,Yes,No,One year,No,Bank transfer,97.0,6430.9,0,100.4828125,4-6yr
0513-RBGPE,0,Yes,Yes,37,DSL,Yes,Yes,Two year,Yes,Credit card,62.8,2278.75,0,61.58783783783784,2-4yr
5160-UXJED,0,No,Yes,17,DSL,No,No,One year,No,Mailed check,44.6,681.4,0,40.08235294117647,1-2yr
4115-NZRKS,1,No,No,7,Fiber optic,No,No,Month-to-month,Yes,Electronic check,89.15,574.35,0,82.05,0-1yr
0219-YTZUE,0,Yes,Yes,4,Fiber optic,No,No,Month-to-month,Yes,Bank transfer,84.8,371.9,1,92.975,0-1yr
0623-IIHUG,1,No,No,21,DSL,Yes,No,Month-to-month,Yes,Electronic check,41.9,840.1,1,40.00476190476191,1-2yr
4572-DVCGN,0,No,No,10,Fiber optic,No,No,Month-to-month,Yes,Bank transfer,80.25,846.0,1,84.6,0-1yr
3351-NGXYI,1,No,No,16,DSL,Yes,No,Month-to-month,Yes,Electronic check,54.1,889.0,0,55.5625,1-2yr
8984-EYLLL,0,Yes,No,64,Fiber optic,No,Yes,Two year,Yes,Electronic check,105.25,6823.4,0,106.615625,4-6yr
9057-MSWCO,1,Yes,No,27,DSL,Yes,No,Month-to-month,No,Credit card,30.75,805.1,1,29.81851851851852,2-4yr
9833-TGFHX,0,Yes,Yes,42,Fiber optic,Yes,No,One year,No,Electronic check,97.1,4016.75,0,95.63690476190476,2-4yr
9294-TDIPC,0,No,Yes,5,No,No,No,Month-to-month,No,Mailed check,20.2,83.75,0,16.75,0-1yr
5229-DTFYB,0,No,No,41,Fiber optic,No,Yes,Two year,Yes,Bank transfer,98.8,3959.15,0,96.56463414634146,2-4yr
0104-PPXDV,0,Yes,No,58,DSL,No,No,One year,No,Credit card,50.3,2878.55,0,49.630172413793105,4-6yr
5176-LMJXE,0,No,No,47,No,No,No,Two year,Yes,Mailed check,20.55,945.7,0,20.121276595744682,2-4yr
3583-KRKMD,0,No,No,18,Fiber optic,No,Yes,Month-to-month,Yes,Bank transfer,75.9,1373.05,0,76.28055555555555,1-2yr
1010-DIAUQ,0,No,No,5,Fiber optic,No,No,Month-to-month,No,Bank transfer,96.5,492.55,1,98.51,0-1yr
9069-LGEUL,0,Yes,No,23,DSL,Yes,No,Month-to-month,Yes,Bank transfer,59.95,1406.0,0,61.130434782608695,1-2yr
7302-ZHMHP,0,No,No,1,No,No,No,Month-to-month,No,Mailed check,19.15,19.15,0,19.15,0-1yr
9571-EDEBV,0,Yes,No,71,Fiber optic,No,No,One year,Yes,Credit card,98.65,6962.85,0,98.06830985915494,4-6yr
3520-FJGCV,0,Yes,Yes,72,Fiber optic,Yes,Yes,Two year,Yes,Credit card,112.6,8126.65,0,112.87013888888889,4-6yr
6563-VRERX,0,Yes,Yes,33,No,No,No,One year,No,Mailed check,20.6,690.25,0,20.916666666666668,2-4yr
0259-GBZSH,0,No,No,2,Fiber optic,No,No,Month-to-month,Yes,Electronic check,85.65,181.5,1,90.75,0-1yr
6122-EFVKN,0,No,Yes,24,DSL,Yes,Yes,Two year,No,Mailed check,35.75,830.8,0,34.61666666666667,1-2yr
2805-EDJPQ,0,Yes,Yes,56,Fiber optic,No,Yes,One year,Yes,Credit card,99.75,5608.4,0,100.14999999999999,4-6yr
6862-CQUMB,0,No,No,37,Fiber optic,No,No,Month-to-month,Yes,Credit card,96.1,3646.8,0,98.56216216216217,2-4yr
7156-MXBJE,0,No,No,43,DSL,No,Yes,One year,No,Credit card,85.1,3662.25,0,85.1686046511628,2-4yr
6158-HDPXZ,0,No,No,1,DSL,No,No,Month-to-month,No,Mailed check,25.35,25.35,0,25.35,0-1yr
9601-BRXPO,0,Yes,No,25,Fiber optic,No,Yes,Month-to-month,Yes,Bank transfer,104.95,2566.5,1,102.66,2-4yr
2863-IMQDR,0,No,No,61,DSL,Yes,Yes,Two year,No,Electronic check,89.65,5308.7,0,87.02786885245901,4-6yr
5686-CMAWK,0,No,No,17,Fiber optic,No,Yes,One year,No,Electronic check,86.75,1410.25,0,82.95588235294117,1-2yr
5651-CRHKQ,0,Yes,No,41,Fiber optic,No,Yes,One year,Yes,Bank transfer,86.2,3339.05,0,81.44024390243902,2-4yr
6905-NIQIN,0,No,No,1,DSL,No,No,Month-to-month,No,Mailed check,50.65,50.65,1,50.65,0-1yr
8204-YJCLA,1,Yes,Yes,72,DSL,Yes,Yes,Two year,Yes,Bank transfer,64.8,4732.35,0,65.72708333333334,4-6yr
5167-ZFFMM,0,No,No,1,Fiber optic,No,No,Month-to-month,Yes,Credit card,90.85,90.85,1,90.85,0-1yr
6583-SZVGP,0,No,No,48,Fiber optic,No,No,Two year,Yes,Bank transfer,108.1,5067.45,0,105.57187499999999,2-4yr
4895-TMWIR,1,Yes,No,11,No,No,No,Month-to-month,No,Mailed check,19.95,214.75,1,19.522727272727273,0-1yr
0533-BNWKF,1,Yes,No,55,Fiber optic,No,No,Month-to-month,Yes,Electronic check,85.45,4874.7,1,88.63090909090909,4-6yr
1708-PBBOA,0,No,No,42,DSL,Yes,Yes,One year,Yes,Electronic check,54.75,2348.45,0,55.915476190476184,2-4yr
8782-LKFPK,0,No,No,44,Fiber optic,No,No,Month-to-month,Yes,Mailed check,90.4,4063.0,0,92.3409090909091,2-4yr
5522-JBWMO,0,No,Yes,1,DSL,No,No,Month-to-month,No,Electronic check,44.0,44.0,0,44.0,0-1yr
3597-MVHJT,0,No,No,27,Fiber optic,No,No,Month-to-month,Yes,Bank transfer,95.6,2595.25,0,96.12037037037037,2-4yr
9774-NRNAU,1,Yes,No,27,DSL,No,Yes,Month-to-month,Yes,Bank transfer,84.8,2309.55,0,85.53888888888889,2-4yr
0224-RLWWD,1,No,No,2,DSL,No,No,Month-to-month,Yes,Electronic check,44.3,89.3,0,44.65,0-1yr
9967-ATRFS,0,No,No,19,No,No,No,Month-to-month,No,Mailed check,19.9,367.55,0,19.344736842105263,1-2yr
3951-NJCVI,1,Yes,No,42,Fiber optic,No,No,Month-to-month,Yes,Electronic check,95.05,3944.5,0,93.91666666666667,2-4yr
2977-CEBSX,0,No,No,66,DSL,Yes,Yes,Two year,Yes,Credit card,90.05,5965.95,0,90.39318181818182,4-6yr
0177-PXBAT,1,Yes,No,33,Fiber optic,Yes,Yes,Month-to-month,Yes,Bank transfer,109.9,3694.7,0,111.96060606060605,2-4yr
6599-CEBNN,0,No,No,34,Fiber optic,No,No,Month-to-month,Yes,Credit card,73.95,2524.45,1,74.24852941176471,2-4yr
2519-ERQOJ,1,No,No,33,DSL,No,Yes,Month-to-month,Yes,Electronic check,54.6,1803.7,0,54.657575757575756,2-4yr
5876-QMYLD,0,Yes,Yes,23,No,No,No,One year,No,Mailed check,20.05,415.1,0,18.047826086956523,1-2yr
2277-AXSDC,0,No,No,32,No,No,No,One year,No,Bank transfer,19.75,624.15,0,19.5046875,2-4yr
9442-JTWDL,0,No,No,11,No,No,No,One year,No,Credit card,20.05,237.7,0,21.60909090909091,0-1yr
0979-PHULV,0,Yes,Yes,69,Fiber optic,No,No,Month-to-month,Yes,Credit card,99.45,7007.6,1,101.55942028985508,4-6yr
3067-SVMTC,0,Yes,No,68,DSL,Yes,Yes,One year,No,Bank transfer,55.9,3848.8,0,56.6,4-6yr
5495-GPSRW,0,No,No,20,No,No,No,Two year,Yes,Mailed check,19.7,419.4,0,20.97,1-2yr
7606-BPHHN,0,No,No,72,No,No,No,Two year,Yes,Credit card,19.8,1468.75,0,20.399305555555557,4-6yr
4742-DRORA,0,Yes,Yes,60,Fiber optic,Yes,No,One year,Yes,Bank transfer,95.4,5812.0,0,96.86666666666666,4-6yr
0111-KLBQG,1,Yes,Yes,32,Fiber optic,No,No,Month-to-month,Yes,Mailed check,93.95,2861.45,0,89.4203125,2-4yr
4800-VHZKI,0,No,No,1,No,No,No,Month-to-month,Yes,Mailed check,19.9,19.9,1,19.9,0-1yr
7989-CHGTL,0,No,No,1,No,No,No,Month-to-month,Yes,Mailed check,19.6,19.6,1,19.6,0-1yr
0334-GDDSO,1,No,No,3,Fiber optic,No,No,Month-to-month,Yes,Electronic check,81.35,233.7,1,77.89999999999999,0-1yr
4163-NCJAK,0,Yes,No,46,No,No,No,One year,Yes,Bank transfer,24.45,1066.15,0,23.17717391304348,2-4yr
5233-AOZUF,0,Yes,No,29,Fiber optic,No,No,Month-to-month,Yes,Electronic check,74.95,2149.05,0,74.10517241379311,2-4yr
5973-EJGDP,0,No,No,51,Fiber optic,No,Yes,Month-to-month,Yes,Electronic check,87.35,4473.0,0,87.70588235294117,4-6yr
1996-DBMUS,1,Yes,No,48,Fiber optic,No,No,Month-to-month,Yes,Bank transfer,70.65,3545.05,0,73.85520833333334,2-4yr
7916-VCCPB,0,Yes,Yes,16,Fiber optic,No,No,Month-to-month,No,Bank transfer,73.25,1195.75,0,74.734375,1-2yr
4686-GEFRM,0,Yes,No,70,Fiber optic,No,Yes,Two year,Yes,Bank transfer,98.7,6858.9,0,97.9842857142857,4-6yr
5249-QYHEX,0,Yes,Yes,40,No,No,No,Two year,Yes,Mailed check,24.8,1024.7,0,25.6175,2-4yr
0578-SKVMF,0,Yes,Yes,22,Fiber optic,No,No,Month-to-month,No,Electronic check,83.3,1845.9,1,83.90454545454546,1-2yr
5564-NEMQO,1,No,No,1,Fiber optic,No,No,Month-to-month,Yes,Bank transfer,75.3,75.3,1,75.3,0-1yr
2233-FAGXV,0,Yes,Yes,5,No,No,No,Month-to-month,Yes,Mailed check,24.3,132.25,0,26.45,0-1yr
5605-IYGFG,0,No,No,7,Fiber optic,No,No,Month-to-month,Yes,Bank transfer,69.85,515.45,0,73.63571428571429,0-1yr
7663-ZTEGJ,0,No,Yes,29,Fiber optic,No,Yes,One year,No,Credit card,100.55,2830.45,0,97.60172413793103,2-4yr
3935-TBRZZ,0,Yes,Yes,44,No,No,No,One year,No,Mailed check,25.7,1110.5,0,25.238636363636363,2-4yr
8111-BKVDS,0,No,No,10,DSL,Yes,No,Month-to-month,No,Bank transfer,40.7,449.3,0,44.93,0-1yr
2055-SIFSS,1,Yes,No,55,DSL,No,No,Month-to-month,No,Bank transfer,51.65,2838.55,0,51.61000000000001,4-6yr
2806-MLNTI,1,Yes,No,52,Fiber optic,No,No,One year,Yes,Bank transfer,105.1,5376.4,0,103.39230769230768,4-6yr
8734-DKSTZ,0,Yes,Yes,10,Fiber optic,No,No,Month-to-month,No,Electronic check,85.95,858.6,0,85.86,0-1yr
4360-PNRQB,0,No,No,18,Fiber optic,No,No,Month-to-month,Yes,Bank transfer,75.6,1395.05,0,77.50277777777778,1-2yr
6152-ONASV,0,Yes,No,68,DSL,Yes,Yes,One year,No,Bank transfer,58.25,3975.7,0,58.46617647058823,4-6yr
9063-ZGTUY,0,Yes,Yes,61,No,No,No,Month-to-month,Yes,Mailed check,19.4,1182.55,1,19.38606557377049,4-6yr
7781-HVGMK,0,Yes,Yes,72,DSL,Yes,Yes,Two year,Yes,Credit card,65.2,4784.45,0,66.45069444444444,4-6yr
2181-UAESM,0,No,No,2,DSL,Yes,No,Month-to-month,No,Electronic check,53.45,119.5,0,59.75,0-1yr
2957-LOLHO,0,No,No,12,DSL,No,No,Month-to-month,Yes,Bank transfer,45.4,518.9,1,43.24166666666667,0-1yr
6048-NJXHX,0,Yes,No,41,No,No,No,Two year,Yes,Electronic check,19.75,899.45,0,21.93780487804878,2-4yr
2320-SLKMB,0,No,No,26,DSL,No,Yes,Month-to-month,Yes,Credit card,44.45,1183.8,0,45.53076923076923,2-4yr
4980-URKXC,0,Yes,No,36,No,No,No,One year,No,Bank transfer,20.85,720.05,0,20.001388888888886,2-4yr
4376-KFVRS,0,Yes,Yes,72,Fiber optic,Yes,Yes,Two year,Yes,Credit card,114.05,8468.2,0,117.6138888888889,4-6yr
5886-VLQVU,0,Yes,No,35,Fiber optic,No,Yes,Month-to-month,Yes,Bank transfer,89.85,3161.2,0,90.32,2-4yr
3577-AMVUX,0,No,No,1,DSL,No,Yes,Month-to-month,No,Mailed check,55.05,55.05,0,55.05,0-1yr
0771-WLCLA,0,Yes,Yes,16,Fiber optic,Yes,Yes,Month-to-month,Yes,Electronic check,112.95,1882.55,0,117.659375,1-2yr
5628-RKIFK,1,No,No,49,Fiber optic,Yes,No,Month-to-month,No,Credit card,101.55,5070.4,0,103.47755102040816,4-6yr
0206-TBWLC,0,Yes,No,54,Fiber optic,Yes,Yes,One year,Yes,Mailed check,114.65,6049.5,0,112.02777777777777,4-6yr
2937-FTHUR,0,No,Yes,18,DSL,Yes,No,Month-to-month,No,Electronic check,64.8,1166.7,0,64.81666666666666,1-2yr
1910-FMXJM,0,Yes,No,36,Fiber optic,No,No,Month-to-month,No,Electronic check,80.4,2937.65,0,81.60138888888889,2-4yr
7752-XUSCI,0,No,No,60,Fiber optic,No,No,Month-to-month,Yes,Electronic check,105.9,6396.45,1,106.6075,4-6yr
4110-PFEUZ,0,No,No,1,Fiber optic,No,No,Month-to-month,No,Mailed check,69.55,69.55,1,69.55,0-1yr
0732-OCQOC,0,Yes,Yes,52,No,No,No,Two year,Yes,Bank transfer,25.05,1270.25,0,24.427884615384617,4-6yr
5168-MSWXT,0,Yes,Yes,8,Fiber optic,No,No,Month-to-month,Yes,Electronic check,94.75,759.55,0,94.94375,0-1yr
1090-ESELR,0,Yes,Yes,72,Fiber optic,Yes,Yes,Two year,No,Bank transfer,105.5,7611.55,0,105.71597222222222,4-6yr
8592-PLTMQ,0,No,No,64,No,No,No,One year,No,Mailed check,24.7,1642.75,0,25.66796875,4-6yr
5760-WRAHC,1,No,No,22,DSL,Yes,Yes,Month-to-month,Yes,Mailed check,69.75,1545.4,0,70.24545454545455,1-2yr
8847-GEOOQ,0,Yes,No,60,DSL,No,Yes,Month-to-month,Yes,Bank transfer,60.2,3582.4,0,59.70666666666667,4-6yr
0256-LTHVJ,0,Yes,Yes,28,Fiber optic,No,No,Month-to-month,Yes,Electronic check,81.05,2227.1,1,79.53928571428571,2-4yr
4785-FCIFB,0,Yes,No,61,No,No,No,Two year,No,Mailed check,24.4,1417.9,0,23.24426229508197,4-6yr
8313-NDOIA,0,No,No,24,Fiber optic,No,No,Month-to-month,Yes,Electronic check,104.15,2494.65,0,103.94375000000001,1-2yr
5149-CUZUJ,0,Yes,Yes,28,Fiber optic,No,Yes,One year,No,Bank transfer,92.9,2768.35,0,98.86964285714285,2-4yr
0942-KOWSM,0,Yes,Yes,30,DSL,No,Yes,Two year,No,Bank transfer,80.8,2369.3,0,78.97666666666667,2-4yr
4237-CLSMM,0,Yes,No,2,No,No,No,Month-to-month,No,Mailed check,20.0,38.0,0,19.0,0-1yr
1452-VOQCH,0,No,No,1,Fiber optic,No,No,Month-to-month,Yes,Electronic check,75.1,75.1,0,75.1,0-1yr
4719-UMSIY,0,No,Yes,6,No,No,No,Month-to-month,No,Mailed check,19.65,100.9,0,16.816666666666666,0-1yr
6614-VBEGU,0,Yes,No,24,DSL,No,No,Month-to-month,Yes,Bank transfer,69.45,1614.05,0,67.25208333333333,1-2yr
0880-TKATG,0,Yes,Yes,4,Fiber optic,No,No,Month-to-month,No,Electronic check,101.15,385.9,1,96.475,0-1yr
3811-VBYBZ,0,No,No,7,Fiber optic,No,No,Month-to-month,Yes,Electronic check,99.8,673.25,1,96.17857142857143,0-1yr
1480-BKXGA,1,Yes,No,72,Fiber optic,Yes,Yes,Two year,Yes,Bank transfer,116.05,8404.9,0,116.73472222222222,4-6yr
2996-XAUVF,0,No,No,70,DSL,No,Yes,Two year,Yes,Mailed check,40.05,2799.75,0,39.996428571428574,4-6yr
9076-AXYIK,1,Yes,No,64,Fiber optic,No,Yes,Two year,No,Electronic check,102.1,6538.45,0,102.16328125,4-6yr
5968-XQIVE,0,Yes,Yes,72,Fiber optic,No,No,One year,Yes,Electronic check,89.7,6588.95,0,91.51319444444444,4-6yr
8896-RAZCR,0,No,Yes,44,No,No,No,Two year,No,Mailed check,19.9,868.1,0,19.729545454545455,2-4yr
4640-UHDOS,0,Yes,Yes,13,DSL,No,No,Month-to-month,No,Electronic check,55.95,734.35,1,56.48846153846154,1-2yr
4933-IKULF,1,No,No,17,No,No,No,One year,No,Mailed check,20.65,330.6,0,19.447058823529414,1-2yr
3583-EKAPL,0,No,No,1,DSL,No,No,Month-to-month,Yes,Electronic check,55.0,55.0,1,55.0,0-1yr
1304-BCCFO,0,Yes,No,9,DSL,No,No,Month-to-month,Yes,Mailed check,70.05,564.4,0,62.71111111111111,0-1yr
4104-PVRPS,0,Yes,No,24,DSL,Yes,Yes,Month-to-month,No,Mailed check,53.6,1315.35,0,54.80625,1-2yr
9399-APLBT,0,Yes,Yes,1,Fiber optic,No,No,Month-to-month,Yes,Electronic check,74.7,74.7,1,74.7,0-1yr
2359-KMGLI,0,No,No,24,Fiber optic,No,No,Month-to-month,Yes,Electronic check,80.25,1861.5,1,77.5625,1-2yr
3780-DDGSE,1,Yes,Yes,35,DSL,No,Yes,Month-to-month,Yes,Electronic check,76.05,2747.2,0,78.49142857142857,2-4yr
4431-EDMIQ,0,Yes,Yes,7,DSL,Yes,Yes,Month-to-month,Yes,Electronic check,75.7,554.05,0,79.14999999999999,0-1yr
0306-JAELE,0,No,No,5,Fiber optic,No,Yes,Month-to-month,Yes,Electronic check,96.1,453.4,1,90.67999999999999,0-1yr
6227-HWPWX,0,No,Yes,15,Fiber optic,No,No,Month-to-month,No,Bank transfer,69.0,994.8,1,66.32,1-2yr
0486-LGCCH,0,Yes,Yes,11,No,No,No,Two year,No,Mailed check,19.65,225.75,0,20.522727272727273,0-1yr
0447-BEMNG,0,Yes,No,48,DSL,Yes,No,Month-to-month,Yes,Bank transfer,45.3,2145.0,1,44.6875,2-4yr
4612-SSVHJ,1,No,No,20,Fiber optic,No,No,Month-to-month,Yes,Electronic check,81.45,1671.6,0,83.58,1-2yr
5168-MQQCA,0,Yes,No,72,Fiber optic,No,Yes,One year,Yes,Bank transfer,108.5,8003.8,0,111.16388888888889,4-6yr
5949-XIKAE,0,Yes,Yes,8,Fiber optic,No,No,Month-to-month,Yes,Electronic check,83.55,680.05,1,85.00625,0-1yr
7971-HLVXI,0,Yes,Yes,72,Fiber optic,No,No,Two year,Yes,Credit card,84.5,6130.85,0,85.15069444444445,4-6yr
9094-AZPHK,0,No,No,15,Fiber optic,No,No,Month-to-month,Yes,Electronic check,100.15,1415.0,0,94.33333333333333,1-2yr
3649-JPUGY,0,No,No,72,DSL,No,Yes,Two year,Yes,Bank transfer,88.6,6201.95,0,86.13819444444444,4-6yr
4472-LVYGI,0,Yes,Yes,0,DSL,Yes,Yes,Two year,Yes,Bank transfer,52.55,0.0,0,0.0,
8372-JUXUI,0,No,Yes,1,Fiber optic,No,No,Month-to-month,Yes,Electronic check,74.35,74.35,1,74.35,0-1yr
3552-CTCYF,0,Yes,Yes,63,Fiber optic,No,No,Two year,Yes,Bank transfer,104.8,6597.25,0,104.71825396825396,4-6yr
6778-YSNIH,0,No,No,2,DSL,No,No,Month-to-month,Yes,Electronic check,59.0,114.15,0,57.075,0-1yr
0388-EOPEX,0,Yes,No,2,Fiber optic,Yes,No,Month-to-month,Yes,Electronic check,74.4,139.4,1,69.7,0-1yr
5756-OZRIO,1,Yes,No,61,DSL,No,No,One year,No,Bank transfer,64.05,3902.6,0,63.97704918032787,4-6yr
6579-JPICP,0,No,No,1,No,No,No,Month-to-month,No,Mailed check,20.4,20.4,0,20.4,0-1yr
8205-OTCHB,0,No,No,22,DSL,No,No,One year,Yes,Bank transfer,43.75,903.6,1,41.07272727272727,1-2yr
4134-BSXLX,0,Yes,No,28,DSL,Yes,Yes,Month-to-month,No,Mailed check,60.9,1785.65,0,63.77321428571429,2-4yr
0505-SPOOW,0,Yes,No,70,No,No,No,Two year,No,Bank transfer,19.8,1397.65,0,19.966428571428573,4-6yr
6235-VDHOM,1,No,No,5,DSL,No,No,Month-to-month,No,Electronic check,28.45,131.05,1,26.21,0-1yr
7783-YKGDV,0,No,No,12,Fiber optic,Yes,No,Month-to-month,Yes,Bank transfer,99.7,1238.45,1,103.20416666666667,0-1yr
4374-YMUSQ,0,No,No,34,Fiber optic,Yes,Yes,One year,No,Credit card,116.25,3899.05,0,114.6779411764706,2-4yr
4513-CXYIX,1,Yes,No,71,Fiber optic,Yes,No,Two year,Yes,Credit card,80.7,5676.0,0,79.94366197183099,4-6yr
3957-HHLMR,0,Yes,Yes,70,DSL,Yes,No,One year,No,Bank transfer,65.2,4543.15,0,64.90214285714285,4-6yr
7803-XOCCZ,0,Yes,Yes,52,Fiber optic,Yes,Yes,Month-to-month,Yes,Bank transfer,84.05,4326.8,0,83.20769230769231,4-6yr
5736-YEJAX,0,No,Yes,69,DSL,Yes,Yes,Two year,Yes,Credit card,79.45,5502.55,0,79.74710144927536,4-6yr
5609-CEBID,1,No,No,20,Fiber optic,No,No,Month-to-month,Yes,Electronic check,94.1,1782.4,1,89.12,1-2yr
8981-FJGLA,0,No,Yes,11,Fiber optic,No,No,Month-to-month,Yes,Mailed check,78.0,851.8,0,77.43636363636364,0-1yr
7218-HKQFK,0,Yes,No,2,Fiber optic,No,Yes,Month-to-month,Yes,Electronic check,94.2,167.5,1,83.75,0-1yr
4636-QRJKY,0,Yes,Yes,6,Fiber optic,No,Yes,Month-to-month,Yes,Electronic check,80.5,502.85,1,83.80833333333334,0-1yr
1135-LMECX,0,No,No,1,No,No,No,Month-to-month,No,Mailed check,19.85,19.85,0,19.85,0-1yr
4332-MUOEZ,1,Yes,Yes,20,Fiber optic,Yes,Yes,One year,No,Credit card,94.3,1818.3,0,90.91499999999999,1-2yr
8535-SFUTN,0,No,No,61,Fiber optic,Yes,No,Month-to-month,Yes,Electronic check,106.45,6300.15,0,103.2811475409836,4-6yr
5956-VKDTT,1,Yes,No,5,Fiber optic,No,No,Month-to-month,Yes,Electronic check,74.35,334.8,1,66.96000000000001,0-1yr
8677-HDZEE,0,No,No,56,Fiber optic,No,Yes,Month-to-month,Yes,Bank transfer,105.45,5916.95,0,105.65982142857142,4-6yr
2475-MROZF,0,No,No,30,Fiber optic,Yes,Yes,Month-to-month,Yes,Credit card,95.0,2852.4,0,95.08,2-4yr
9412-GHEEC,0,No,No,40,Fiber optic,No,Yes,Month-to-month,No,Bank transfer,104.8,4131.95,1,103.29875,2-4yr
3482-ABPKK,0,No,No,28,DSL,Yes,Yes,One year,No,Mailed check,54.3,1546.3,0,55.225,2-4yr
6705-LXORM,1,Yes,No,5,Fiber optic,No,No,Month-to-month,No,Electronic check,70.05,302.6,0,60.52,0-1yr
0257-ZESQC,1,Yes,No,27,Fiber optic,Yes,No,Month-to-month,Yes,Bank transfer,75.2,1929.35,1,71.4574074074074,2-4yr
7531-GQHME,0,No,No,12,No,No,No,Month-to-month,No,Credit card,20.05,265.45,0,22.120833333333334,0-1yr
5174-ITUMV,0,Yes,Yes,67,Fiber optic,No,No,One year,Yes,Electronic check,105.4,6989.45,0,104.32014925373134,4-6yr
4109-CYRBD,1,Yes,No,29,DSL,No,No,Month-to-month,Yes,Electronic check,51.6,1442.0,0,49.724137931034484,2-4yr
0913-XWSCN,0,Yes,Yes,55,Fiber optic,No,No,Month-to-month,No,Bank transfer,85.5,4713.4,0,85.69818181818181,4-6yr
6825-UYPFK,0,No,No,23,Fiber optic,No,No,Month-to-month,No,Bank transfer,75.6,1758.6,1,76.4608695652174,1-2yr
8397-MVTAZ,0,Yes,No,34,Fiber optic,No,No,Month-to-month,Yes,Electronic check,100.05,3480.0,1,102.3529411764706,2-4yr
0750-EBAIU,0,No,No,52,Fiber optic,Yes,No,One year,No,Electronic check,91.25,4738.3,0,91.12115384615385,4-6yr
8606-CIQUL,1,Yes,Yes,72,Fiber optic,Yes,Yes,Two year,Yes,Credit card,115.75,8399.15,0,116.6548611111111,4-6yr
3571-DPYUH,0,Yes,Yes,58,Fiber optic,No,Yes,One year,Yes,Credit card,94.7,5430.35,0,93.62672413793103,4-6yr
7601-GNDYK,0,Yes,Yes,35,No,No,No,Two year,No,Mailed check,19.6,686.95,0,19.627142857142857,2-4yr
0356-OBMAC,1,No,No,56,Fiber optic,No,Yes,Two year,Yes,Bank transfer,99.9,5706.3,0,101.89821428571429,4-6yr
8067-NIOYM,0,Yes,Yes,24,No,No,No,Two year,Yes,Credit card,21.1,490.65,0,20.443749999999998,1-2yr
1403-GYAFU,0,Yes,Yes,70,No,No,No,Two year,No,Credit card,20.05,1360.25,0,19.432142857142857,4-6yr
4234-XTNEA,0,No,No,2,Fiber optic,No,No,Month-to-month,Yes,Electronic check,79.95,174.45,0,87.225,0-1yr
1297-VQDRP,1,Yes,Yes,68,Fiber optic,No,Yes,One year,Yes,Credit card,107.15,7379.8,0,108.5264705882353,4-6yr
9282-IZGQK,0,No,No,1,Fiber optic,No,No,Month-to-month,Yes,Electronic check,85.0,85.0,1,85.0,0-1yr
5348-CAGXB,0,No,No,12,Fiber optic,No,No,Month-to-month,Yes,Electronic check,89.55,1021.75,0,85.14583333333333,0-1yr
0621-HJWXJ,0,Yes,No,63,Fiber optic,No,No,Month-to-month,Yes,Bank transfer,81.55,5029.05,0,79.82619047619048,4-6yr
5844-QVTAT,0,Yes,Yes,33,DSL,Yes,No,One year,Yes,Mailed check,58.45,1955.4,0,59.25454545454546,2-4yr
8905-IAZPF,0,Yes,No,69,Fiber optic,No,No,One year,Yes,Credit card,95.65,6744.2,0,97.74202898550725,4-6yr
5394-MEITZ,0,Yes,Yes,60,DSL,No,Yes,Two year,Yes,Bank transfer,80.6,4946.7,0,82.445,4-6yr
6859-QNXIQ,0,Yes,Yes,72,Fiber optic,Yes,Yes,Two year,Yes,Bank transfer,113.1,8248.5,0,114.5625,4-6yr
2782-LFZVW,0,No,No,11,DSL,No,No,Month-to-month,Yes,Mailed check,58.95,601.6,0,54.690909090909095,0-1yr
2866-IKBTM,0,No,No,1,No,No,No,Month-to-month,No,Mailed check,19.55,19.55,0,19.55,0-1yr
1342-JPNKI,0,No,No,10,Fiber optic,No,No,Month-to-month,Yes,Bank transfer,86.05,834.1,1,83.41,0-1yr
2817-NTQDO,0,No,No,13,DSL,Yes,Yes,Month-to-month,Yes,Credit card,45.55,597.0,1,45.92307692307692,1-2yr
7129-AZJDE,0,Yes,Yes,34,Fiber optic,No,No,One year,Yes,Bank transfer,78.95,2647.2,0,77.85882352941177,2-4yr
6986-IJDHX,0,Yes,Yes,39,Fiber optic,No,No,Month-to-month,Yes,Mailed check,86.3,3266.0,1,83.74358974358974,2-4yr
2560-PPCHE,0,No,No,65,Fiber optic,No,Yes,One year,Yes,Bank transfer,105.05,6744.25,0,103.75769230769231,4-6yr
4676-MQUEA,1,Yes,No,50,Fiber optic,Yes,No,One year,Yes,Bank transfer,101.9,5265.5,0,105.31,4-6yr
8138-EALND,0,No,No,15,No,No,No,Month-to-month,No,Mailed check,19.75,311.6,0,20.773333333333333,1-2yr
3580-HYCSP,0,Yes,Yes,72,Fiber optic,Yes,No,Two year,Yes,Bank transfer,110.3,7966.9,0,110.65138888888889,4-6yr
1352-HNSAW,0,Yes,Yes,72,Fiber optic,Yes,Yes,Two year,Yes,Bank transfer,115.6,8220.4,0,114.17222222222222,4-6yr
2075-PUEPR,0,Yes,Yes,55,No,No,No,Two year,No,Bank transfer,19.35,1153.25,0,20.96818181818182,4-6yr
1982-FEBTD,0,Yes,Yes,23,No,No,No,Two year,Yes,Credit card,25.6,514.75,0,22.380434782608695,1-2yr
5301-GAUUY,0,No,No,32,Fiber optic,No,No,Month-to-month,Yes,Bank transfer,80.35,2596.15,1,81.1296875,2-4yr
5791-KAJFD,0,Yes,Yes,56,DSL,Yes,No,One year,Yes,Bank transfer,68.75,3808.0,0,68.0,4-6yr
2654-VBVPB,0,No,No,1,No,No,No,Month-to-month,No,Bank transfer,19.9,19.9,0,19.9,0-1yr
1154-HYWWO,0,No,No,38,DSL,Yes,Yes,One year,No,Mailed check,70.6,2708.2,0,71.26842105263158,2-4yr
2501-XWWTZ,0,No,No,11,Fiber optic,No,No,Month-to-month,No,Electronic check,70.2,760.05,0,69.09545454545454,0-1yr
3716-UVSPD,0,No,No,1,DSL,No,Yes,Month-to-month,Yes,Electronic check,49.3,49.3,0,49.3,0-1yr
6815-ABQFQ,0,Yes,No,56,Fiber optic,No,Yes,One year,Yes,Electronic check,107.25,6033.3,0,107.7375,4-6yr
7343-EOBEU,0,Yes,No,3,No,No,No,Month-to-month,Yes,Mailed check,23.6,89.05,0,29.683333333333334,0-1yr
3701-SFMUH,0,Yes,Yes,7,DSL,Yes,No,Month-to-month,No,Credit card,69.7,516.15,0,73.73571428571428,0-1yr
6103-LIANB,0,Yes,Yes,59,Fiber optic,No,No,Two year,Yes,Credit card,99.5,5861.75,0,99.35169491525424,4-6yr
7319-VENRZ,0,No,No,7,DSL,No,Yes,Month-to-month,No,Bank transfer,64.3,445.95,0,63.707142857142856,0-1yr
5846-NEQVZ,0,Yes,Yes,71,DSL,Yes,Yes,Two year,Yes,Credit card,70.85,4973.4,0,70.04788732394366,4-6yr
6967-QIQRV,0,Yes,Yes,15,Fiber optic,Yes,Yes,One year,No,Electronic check,101.9,1667.25,0,111.15,1-2yr
5781-RFZRP,0,Yes,No,71,DSL,Yes,Yes,Two year,No,Credit card,73.5,5357.75,0,75.46126760563381,4-6yr
0939-YAPAF,0,No,No,35,Fiber optic,No,No,Month-to-month,Yes,Electronic check,100.25,3527.6,1,100.78857142857143,2-4yr
0308-IVGOK,0,No,No,11,DSL,No,Yes,One year,Yes,Credit card,40.4,422.6,0,38.41818181818182,0-1yr
7293-LSCDV,0,Yes,Yes,60,No,No,No,Two year,Yes,Credit card,19.25,1103.25,0,18.3875,4-6yr
7025-WCBNE,1,No,No,47,DSL,No,Yes,Two year,No,Bank transfer,59.6,2754.0,0,58.59574468085106,2-4yr
5756-JYOJT,0,No,No,11,DSL,No,Yes,One year,No,Credit card,64.9,697.25,0,63.38636363636363,0-1yr
4710-FDUIZ,0,Yes,No,56,Fiber optic,No,No,One year,No,Credit card,100.3,5614.45,1,100.25803571428571,4-6yr
6030-REHUX,1,Yes,No,28,Fiber optic,No,Yes,Month-to-month,Yes,Electronic check,110.85,3204.4,0,114.44285714285715,2-4yr
9548-LIGTA,0,Yes,No,61,DSL,Yes,Yes,Two year,Yes,Mailed check,81.05,4747.65,0,77.83032786885245,4-6yr
5150-LJNSR,0,Yes,Yes,31,Fiber optic,Yes,No,One year,No,Bank transfer,98.05,3082.1,0,99.42258064516129,2-4yr
8270-RKSAP,0,No,No,9,Fiber optic,No,No,Month-to-month,Yes,Electronic check,70.5,597.9,0,66.43333333333334,0-1yr
6522-YRBXD,1,Yes,No,35,Fiber optic,Yes,No,Month-to-month,Yes,Electronic check,94.55,3365.4,0,96.15428571428572,2-4yr
2640-LYMOV,0,No,No,2,No,No,No,Month-to-month,Yes,Mailed check,19.65,38.8,0,19.4,0-1yr
1218-VKFPE,0,Yes,Yes,12,No,No,No,Month-to-month,No,Mailed check,19.0,233.55,1,19.462500000000002,0-1yr
3627-FHKBK,0,No,No,1,Fiber optic,Yes,No,Month-to-month,No,Mailed check,75.3,75.3,1,75.3,0-1yr
2865-TCHJW,1,No,No,4,Fiber optic,No,No,Month-to-month,Yes,Electronic check,89.2,346.2,1,86.55,0-1yr
1423-BMPBQ,0,Yes,Yes,1,No,No,No,Month-to-month,Yes,Mailed check,19.0,19.0,0,19.0,0-1yr
2393-DIVAI,0,No,No,3,No,No,No,Month-to-month,Yes,Mailed check,20.0,61.7,0,20.566666666666666,0-1yr
5192-EBGOV,1,No,No,1,Fiber optic,No,No,Month-to-month,Yes,Electronic check,85.7,85.7,1,85.7,0-1yr
4568-KNYWR,0,No,No,52,DSL,Yes,No,Two year,Yes,Credit card,63.25,3342.45,0,64.27788461538461,4-6yr
8752-IMQOS,0,Yes,Yes,5,No,No,No,One year,No,Mailed check,20.1,85.1,0,17.02,0-1yr
0742-LAFQK,0,Yes,No,72,Fiber optic,Yes,No,Two year,Yes,Electronic check,99.15,7422.1,0,103.08472222222223,4-6yr
0795-LAFGP,0,Yes,Yes,71,DSL,Yes,Yes,Two year,No,Electronic check,90.4,6668.05,0,93.91619718309859,4-6yr
0619-OLYUR,0,Yes,No,72,Fiber optic,Yes,Yes,Two year,Yes,Credit card,111.9,8071.05,0,112.09791666666666,4-6yr
5512-IDZEI,0,Yes,Yes,46,No,No,No,One year,No,Electronic check,24.9,1174.8,0,25.539130434782606,2-4yr
0459-SPZHJ,0,Yes,Yes,63,DSL,Yes,No,Two year,No,Credit card,83.5,5435.0,0,86.26984126984127,4-6yr
0215-BQKGS,0,No,No,30,Fiber optic,Yes,No,Month-to-month,Yes,Credit card,84.3,2438.6,0,81.28666666666666,2-4yr
9244-ZVAPM,0,No,No,1,DSL,No,No,Month-to-month,No,Mailed check,45.6,45.6,0,45.6,0-1yr
0719-SYFRB,0,No,No,12,DSL,Yes,Yes,Month-to-month,Yes,Mailed check,61.65,713.75,1,59.479166666666664,0-1yr
8208-EUMTE,0,No,No,16,DSL,Yes,Yes,Two year,No,Mailed check,54.85,916.15,0,57.259375,1-2yr
5172-MIGPM,0,No,No,4,DSL,No,Yes,Month-to-month,No,Mailed check,65.55,237.2,0,59.3,0-1yr
1710-RCXUS,0,Yes,No,51,Fiber optic,No,No,One year,Yes,Credit card,90.35,4614.55,0,90.48137254901961,4-6yr
0374-FIUCA,0,Yes,No,65,No,No,No,Two year,Yes,Credit card,20.4,1414.45,0,21.76076923076923,4-6yr
5839-SUYVZ,0,No,No,16,Fiber optic,No,Yes,Month-to-month,Yes,Credit card,74.55,1170.5,0,73.15625,1-2yr
5173-ZXXXL,0,No,No,2,No,No,No,One year,No,Mailed check,19.95,47.7,0,23.85,0-1yr
1096-ADRUX,0,Yes,Yes,66,Fiber optic,No,No,One year,Yes,Bank transfer,74.25,4859.25,0,73.625,4-6yr
2001-MCUUW,0,No,No,46,Fiber optic,No,Yes,Two year,No,Electronic check,108.65,4903.2,0,106.59130434782608,2-4yr
2731-GJRDG,0,No,No,32,Fiber optic,Yes,Yes,One year,Yes,Bank transfer,109.55,3608.0,0,112.75,2-4yr
4723-BEGSG,0,Yes,No,72,DSL,Yes,Yes,Two year,No,Credit card,86.65,6094.25,0,84.64236111111111,4-6yr
6516-NKQBO,0,Yes,Yes,38,DSL,Yes,Yes,Two year,No,Credit card,81.0,3084.9,0,81.18157894736842,2-4yr
8672-OAUPW,0,No,Yes,51,DSL,No,Yes,One year,No,Credit card,47.85,2356.75,0,46.21078431372549,4-6yr
8207-DMRVL,0,Yes,Yes,72,Fiber optic,Yes,Yes,Two year,No,Bank transfer,114.55,8306.05,0,115.36180555555555,4-6yr
3419-SNJJD,1,Yes,No,65,Fiber optic,Yes,No,Month-to-month,No,Bank transfer,105.25,6786.4,1,104.40615384615384,4-6yr
6543-CPZMK,0,Yes,Yes,9,DSL,No,No,Month-to-month,Yes,Electronic check,29.95,248.95,1,27.66111111111111,0-1yr
4765-OXPPD,0,Yes,Yes,9,DSL,Yes,Yes,Month-to-month,No,Mailed check,65.0,663.05,1,73.67222222222222,0-1yr
2804-ETQDK,0,No,Yes,66,No,No,No,Two year,No,Mailed check,20.55,1357.1,0,20.562121212121212,4-6yr
6689-VRRTK,1,No,No,44,Fiber optic,Yes,No,One year,Yes,Credit card,109.8,4860.35,0,110.4625,2-4yr
7138-GIRSH,0,No,No,50,DSL,No,Yes,Two year,No,Bank transfer,69.5,3418.2,0,68.36399999999999,4-6yr
9396-ZSFLL,0,No,No,15,DSL,No,No,Month-to-month,No,Mailed check,48.85,631.4,0,42.093333333333334,1-2yr
6464-KEXXH,0,No,No,8,DSL,No,No,Month-to-month,Yes,Credit card,25.25,186.3,0,23.2875,0-1yr
7134-MJPDY,1,No,No,66,Fiber optic,No,Yes,One year,Yes,Credit card,102.85,6976.75,0,105.70833333333333,4-6yr
5240-CAOYT,0,No,No,57,Fiber optic,Yes,Yes,Month-to-month,Yes,Bank transfer,87.55,4884.85,0,85.69912280701755,4-6yr
4059-IIEBK,0,No,No,7,Fiber optic,No,No,Month-to-month,Yes,Bank transfer,78.55,522.95,0,74.70714285714287,0-1yr
4881-JVQOD,1,Yes,Yes,10,DSL,No,No,Month-to-month,Yes,Bank transfer,34.55,362.6,0,36.260000000000005,0-1yr
0516-UXRMT,0,No,No,62,Fiber optic,Yes,No,One year,Yes,Electronic check,92.05,5755.8,0,92.83548387096775,4-6yr
4851-BQDNX,0,Yes,Yes,40,Fiber optic,No,No,One year,Yes,Electronic check,85.05,3355.65,0,83.89125,2-4yr
5148-HKFIR,0,No,No,20,No,No,No,Two year,No,Mailed check,19.7,406.95,0,20.3475,1-2yr
1009-IRMNA,0,No,No,7,No,No,No,Month-to-month,No,Bank transfer,20.0,137.6,1,19.657142857142855,0-1yr
3003-CMDUU,0,Yes,No,25,Fiber optic,No,Yes,Month-to-month,Yes,Electronic check,95.15,2395.7,0,95.82799999999999,2-4yr
5016-IBERQ,0,Yes,No,23,Fiber optic,No,No,Month-to-month,No,Electronic check,84.25,1968.1,0,85.5695652173913,1-2yr
6797-UCJHZ,1,Yes,No,66,Fiber optic,No,No,One year,No,Credit card,104.6,6819.45,0,103.325,4-6yr
2469-DTSGX,1,No,No,72,Fiber optic,No,Yes,Two year,No,Electronic check,111.65,7943.45,0,110.32569444444444,4-6yr
4554-YGZIH,1,Yes,No,49,Fiber optic,No,No,Month-to-month,No,Credit card,90.05,4547.25,1,92.80102040816327,4-6yr
5099-BAILX,1,Yes,Yes,43,Fiber optic,No,Yes,Month-to-month,Yes,Bank transfer,110.75,4687.9,1,109.02093023255813,2-4yr
9931-KGHOA,0,Yes,No,46,DSL,Yes,No,Month-to-month,No,Bank transfer,55.0,2473.95,0,53.78152173913043,2-4yr
1775-KWJKQ,0,Yes,Yes,72,DSL,Yes,Yes,Two year,No,Credit card,89.85,6562.9,0,91.15138888888889,4-6yr
7665-VIGUD,0,No,No,10,No,No,No,One year,No,Mailed check,20.35,176.3,0,17.630000000000003,0-1yr
9411-TPQQV,0,No,No,40,DSL,Yes,Yes,One year,Yes,Bank transfer,54.55,2236.2,0,55.904999999999994,2-4yr
7207-RMRDB,0,Yes,Yes,65,Fiber optic,No,No,Month-to-month,Yes,Electronic check,105.5,6985.65,1,107.47153846153846,4-6yr
7954-MLBUN,0,No,No,31,Fiber optic,No,Yes,Two year,No,Bank transfer,99.45,3109.9,0,100.31935483870969,2-4yr
2077-DDHJK,0,Yes,No,68,DSL,Yes,Yes,Two year,No,Credit card,70.9,4911.35,0,72.22573529411765,4-6yr
4913-EHYUI,1,Yes,Yes,56,Fiber optic,Yes,No,One year,Yes,Bank transfer,104.55,5794.65,1,103.47589285714285,4-6yr
0195-IESCP,0,Yes,No,10,Fiber optic,No,No,Month-to-month,Yes,Electronic check,85.25,855.3,1,85.53,0-1yr
9574-BOSMD,0,Yes,Yes,68,No,No,No,Two year,No,Bank transfer,25.4,1620.2,0,23.826470588235296,4-6yr
4580-TMHJU,0,Yes,Yes,43,DSL,No,No,Month-to-month,No,Electronic check,56.15,2499.3,1,58.12325581395349,2-4yr
0970-ETWGE,0,No,No,1,Fiber optic,No,No,Month-to-month,Yes,Electronic check,89.55,89.55,1,89.55,0-1yr
4908-XAXAY,1,No,No,49,Fiber optic,No,No,One year,Yes,Bank transfer,89.85,4287.2,0,87.4938775510204,4-6yr
8404-VLQFB,0,Yes,Yes,15,No,No,No,Month-to-month,Yes,Electronic check,25.25,394.85,0,26.323333333333334,1-2yr
1626-ERCMM,1,Yes,No,20,Fiber optic,No,No,Month-to-month,Yes,Electronic check,94.55,1899.65,1,94.9825,1-2yr
0887-HJGAR,0,No,No,1,DSL,No,No,Month-to-month,Yes,Mailed check,45.7,45.7,1,45.7,0-1yr
2391-IPLOP,0,Yes,Yes,50,DSL,No,Yes,One year,Yes,Electronic check,69.65,3442.15,0,68.843,4-6yr
5644-PDMZC,1,No,No,2,Fiber optic,No,No,Month-to-month,No,Electronic check,89.5,161.5,1,80.75,0-1yr
3509-GWQGF,1,No,No,24,Fiber optic,No,No,Month-to-month,No,Credit card,70.0,1732.6,0,72.19166666666666,1-2yr
9576-ANLXO,0,No,No,3,Fiber optic,No,No,Month-to-month,Yes,Bank transfer,69.55,222.3,1,74.10000000000001,0-1yr
2024-BASKD,0,No,No,1,Fiber optic,No,No,Month-to-month,Yes,Mailed check,74.6,74.6,1,74.6,0-1yr
5845-BZZIB,0,Yes,Yes,35,No,No,No,Two year,No,Mailed check,20.1,655.3,0,18.72285714285714,2-4yr
1140-UKVZG,0,No,No,17,No,No,No,Month-to-month,No,Mailed check,24.8,475.25,0,27.955882352941178,1-2yr
4160-AMJTL,1,No,No,8,No,No,No,Month-to-month,No,Electronic check,19.65,164.3,1,20.5375,0-1yr
5183-SNMJQ,0,No,No,10,Fiber optic,No,Yes,Month-to-month,Yes,Credit card,95.1,865.1,0,86.51,0-1yr
8100-PNJMH,0,Yes,Yes,68,DSL,Yes,Yes,Two year,Yes,Credit card,88.85,6132.7,0,90.18676470588235,4-6yr
7838-LAZFO,0,Yes,No,45,DSL,Yes,No,One year,No,Bank transfer,78.8,3597.5,0,79.94444444444444,2-4yr
4464-JCOLN,0,Yes,Yes,2,No,No,No,One year,No,Mailed check,19.85,35.9,1,17.95,0-1yr
2085-JVGAD,0,Yes,No,37,No,No,No,Month-to-month,No,Bank transfer,20.35,697.65,0,18.855405405405406,2-4yr
5650-VDUDS,0,No,No,4,DSL,No,No,Month-to-month,Yes,Mailed check,24.25,96.05,1,24.0125,0-1yr
8095-WANWK,0,No,No,10,DSL,No,No,Month-to-month,No,Mailed check,45.25,428.7,0,42.87,0-1yr
3030-ZKIWL,0,No,No,1,No,No,No,Month-to-month,No,Mailed check,20.05,20.05,0,20.05,0-1yr
9565-FLVCG,0,Yes,Yes,65,DSL,Yes,No,Two year,Yes,Mailed check,69.55,4459.15,0,68.60230769230769,4-6yr
8755-OGKNA,0,Yes,Yes,57,No,No,No,Two year,No,Bank transfer,19.5,1167.6,0,20.48421052631579,4-6yr
2800-VEQXM,0,No,No,3,Fiber optic,No,No,Month-to-month,Yes,Mailed check,74.75,238.1,0,79.36666666666666,0-1yr
7538-GWHML,0,No,No,2,Fiber optic,No,No,Month-to-month,No,Electronic check,69.65,145.15,1,72.575,0-1yr
5533-RJFTJ,0,No,No,49,DSL,No,No,Month-to-month,Yes,Bank transfer,30.2,1453.1,0,29.655102040816324,4-6yr
3859-CVCET,0,No,No,4,DSL,No,No,Month-to-month,No,Mailed check,45.65,191.05,1,47.7625,0-1yr
0214-JHPFW,0,Yes,No,70,DSL,No,Yes,Two year,No,Bank transfer,57.8,4039.3,0,57.70428571428572,4-6yr
5642-MHDQT,0,Yes,Yes,53,No,No,No,One year,Yes,Bank transfer,19.85,1039.45,0,19.612264150943396,4-6yr
3088-FVYWK,0,Yes,Yes,53,No,No,No,Two year,No,Credit card,25.55,1336.1,0,25.20943396226415,4-6yr
3276-HDUEG,0,No,No,1,Fiber optic,No,No,Month-to-month,Yes,Mailed check,75.05,75.05,1,75.05,0-1yr
9092-GDZKO,0,No,No,22,No,No,No,Month-to-month,Yes,Credit card,24.85,493.4,0,22.427272727272726,1-2yr
0823-HSCDJ,1,No,No,52,DSL,No,No,Month-to-month,Yes,Electronic check,49.15,2550.9,1,49.05576923076923,4-6yr
3729-OWRVL,1,No,No,65,Fiber optic,Yes,Yes,Two year,Yes,Electronic check,110.35,7246.15,0,111.47923076923077,4-6yr
2324-AALNO,0,No,No,48,No,No,No,One year,No,Bank transfer,24.55,1203.95,0,25.082291666666666,2-4yr
0822-GAVAP,0,No,No,2,DSL,No,No,Month-to-month,Yes,Electronic check,34.7,62.25,1,31.125,0-1yr
5760-IFJOZ,0,No,No,3,Fiber optic,No,No,Month-to-month,No,Mailed check,107.95,313.6,0,104.53333333333335,0-1yr
2826-UWHIS,0,Yes,No,45,Fiber optic,No,No,Month-to-month,No,Bank transfer,81.4,3775.85,0,83.90777777777778,2-4yr
1448-PWKYE,0,Yes,Yes,1,Fiber optic,No,No,Month-to-month,No,Electronic check,80.0,80.0,1,80.0,0-1yr
7501-IWUNG,0,Yes,Yes,61,DSL,No,Yes,Two year,Yes,Bank transfer,73.8,4616.05,0,75.67295081967214,4-6yr
4957-TREIR,0,No,No,3,DSL,Yes,Yes,Month-to-month,Yes,Credit card,64.4,195.65,0,65.21666666666667,0-1yr
7251-LJBQN,1,No,No,40,Fiber optic,No,Yes,One year,Yes,Credit card,103.75,4188.4,0,104.71,2-4yr
8040-MNRTF,0,No,No,1,Fiber optic,No,No,Month-to-month,No,Mailed check,71.1,71.1,0,71.1,0-1yr
1536-HBSWP,0,No,No,1,DSL,No,Yes,Month-to-month,Yes,Electronic check,49.9,49.9,0,49.9,0-1yr
5313-FPXWG,0,No,No,51,No,No,No,One year,Yes,Bank transfer,24.6,1266.4,0,24.83137254901961,4-6yr
0067-DKWBL,1,No,No,2,DSL,Yes,No,Month-to-month,Yes,Electronic check,49.25,91.1,1,45.55,0-1yr
0946-FKYTX,0,No,No,52,DSL,No,No,One year,No,Mailed check,30.1,1623.4,0,31.21923076923077,4-6yr
5076-YVXCM,0,No,No,51,Fiber optic,No,No,Month-to-month,No,Bank transfer,83.4,4149.45,0,81.36176470588235,4-6yr
8262-COGGB,0,No,No,1,No,No,No,Month-to-month,Yes,Mailed check,20.45,20.45,0,20.45,0-1yr
6663-JOCQO,0,Yes,Yes,31,DSL,Yes,Yes,One year,Yes,Bank transfer,75.25,2344.5,0,75.62903225806451,2-4yr
9620-QJREV,0,No,Yes,47,No,No,No,One year,No,Credit card,20.55,1013.05,0,21.554255319148936,2-4yr
2276-YDAVZ,0,No,No,3,Fiber optic,No,No,Month-to-month,Yes,Credit card,75.1,270.7,1,90.23333333333333,0-1yr
2682-KEVRP,1,No,No,22,No,No,No,One year,Yes,Mailed check,20.05,417.0,0,18.954545454545453,1-2yr
2480-JZOSN,0,Yes,No,1,No,No,No,Month-to-month,Yes,Mailed check,20.65,20.65,0,20.65,0-1yr
0078-XZMHT,0,Yes,No,72,DSL,No,Yes,Two year,Yes,Bank transfer,85.15,6316.2,0,87.725,4-6yr
5896-NPFWW,0,Yes,Yes,3,DSL,No,No,Month-to-month,Yes,Electronic check,50.15,168.15,1,56.050000000000004,0-1yr
9978-HYCIN,1,Yes,Yes,47,Fiber optic,No,No,One year,Yes,Bank transfer,84.95,4018.05,0,85.4904255319149,2-4yr
8338-QIUNR,0,Yes,Yes,72,DSL,Yes,Yes,Two year,Yes,Credit card,66.5,4811.6,0,66.82777777777778,4-6yr
1525-LNLOJ,0,Yes,Yes,66,DSL,No,No,Two year,Yes,Bank transfer,63.3,4189.7,0,63.48030303030303,4-6yr
9450-TRJUU,0,No,No,35,Fiber optic,No,No,Month-to-month,No,Electronic check,83.15,2848.45,0,81.38428571428571,2-4yr
1766-GKNMI,0,No,No,29,Fiber optic,No,No,Month-to-month,Yes,Electronic check,84.9,2516.2,0,86.7655172413793,2-4yr
6942-LBFDP,0,No,No,2,No,No,No,Month-to-month,Yes,Mailed check,20.55,33.6,0,16.8,0-1yr
1456-TWCGB,0,No,No,4,DSL,No,No,Month-to-month,No,Mailed check,49.25,208.45,0,52.1125,0-1yr
7133-VBDCG,0,No,No,25,Fiber optic,Yes,No,Month-to-month,Yes,Bank transfer,79.85,2015.35,1,80.61399999999999,2-4yr
7596-ZYWBB,0,No,No,65,DSL,Yes,Yes,Two year,Yes,Mailed check,59.6,3739.8,0,57.535384615384615,4-6yr
8329-UTMVM,1,No,No,27,Fiber optic,No,Yes,One year,Yes,Bank transfer,104.65,2964.0,0,109.77777777777777,2-4yr
3014-WJKSM,0,Yes,No,29,Fiber optic,No,No,Month-to-month,Yes,Credit card,75.3,2263.4,0,78.04827586206896,2-4yr
3347-YJZZE,0,Yes,Yes,29,DSL,No,No,Month-to-month,No,Credit card,80.1,2211.8,0,76.26896551724138,2-4yr
1029-QFBEN,0,No,No,1,No,No,No,Month-to-month,No,Mailed check,19.55,19.55,1,19.55,0-1yr
7929-DMBCV,0,Yes,No,20,Fiber optic,No,Yes,Month-to-month,Yes,Mailed check,81.0,1683.7,0,84.185,1-2yr
9661-JALZV,0,No,No,58,No,No,No,Two year,Yes,Credit card,24.7,1519.0,0,26.189655172413794,4-6yr
5433-KYGHE,0,No,Yes,14,Fiber optic,Yes,Yes,Month-to-month,Yes,Mailed check,86.0,1164.05,0,83.14642857142857,1-2yr
4312-KFRXN,0,Yes,No,72,No,No,No,Two year,No,Mailed check,25.4,1710.9,0,23.762500000000003,4-6yr
5575-TPIZQ,0,No,No,46,Fiber optic,Yes,No,Month-to-month,Yes,Credit card,89.15,4245.55,0,92.29456521739131,2-4yr
0114-IGABW,0,Yes,No,71,DSL,No,Yes,Two year,No,Bank transfer,58.25,4145.9,0,58.39295774647887,4-6yr
9944-AEXBM,0,No,No,32,Fiber optic,No,No,Month-to-month,Yes,Bank transfer,85.65,2664.3,0,83.259375,2-4yr
1853-ARAAQ,0,No,No,26,DSL,No,No,Month-to-month,Yes,Credit card,50.35,1277.5,0,49.13461538461539,2-4yr
6952-OMNWB,1,Yes,No,68,Fiber optic,No,No,Month-to-month,Yes,Credit card,80.35,5589.3,0,82.19558823529412,4-6yr
4697-LUPSU,0,Yes,Yes,2,No,No,No,One year,No,Mailed check,20.2,34.75,0,17.375,0-1yr
8434-VGEQQ,0,Yes,Yes,61,No,No,No,Two year,No,Credit card,20.55,1305.95,0,21.409016393442624,4-6yr
4952-YSOGZ,0,Yes,Yes,4,Fiber optic,No,No,Month-to-month,Yes,Electronic check,85.95,381.3,1,95.325,0-1yr
1589-AGTLK,0,No,No,3,DSL,No,No,Month-to-month,Yes,Electronic check,45.35,141.5,1,47.166666666666664,0-1yr
5244-IRFIH,1,Yes,No,33,Fiber optic,No,No,Month-to-month,Yes,Electronic check,94.5,3105.55,1,94.10757575757576,2-4yr
6549-YMFAW,1,Yes,No,9,No,No,No,Month-to-month,Yes,Mailed check,21.25,204.55,0,22.727777777777778,0-1yr
4950-HKQTE,0,No,No,22,No,No,No,Two year,No,Mailed check,26.25,605.9,0,27.54090909090909,1-2yr
6786-OBWQR,0,Yes,Yes,5,Fiber optic,No,No,Month-to-month,Yes,Electronic check,80.85,356.1,0,71.22,0-1yr
2684-EIWEO,1,No,No,30,Fiber optic,Yes,No,Month-to-month,No,Credit card,91.7,2758.15,1,91.93833333333333,2-4yr
2753-JMMCV,0,No,No,65,DSL,No,Yes,Two year,Yes,Credit card,74.2,4805.65,0,73.93307692307691,4-6yr
6439-GTPCA,0,No,No,45,Fiber optic,No,Yes,Month-to-month,Yes,Electronic check,87.25,3941.7,1,87.59333333333333,2-4yr
6621-YOBKI,0,No,No,5,No,No,No,Month-to-month,No,Mailed check,20.35,92.75,0,18.55,0-1yr
1216-JWVUX,0,Yes,Yes,25,Fiber optic,No,No,Month-to-month,Yes,Electronic check,75.5,1901.05,0,76.042,2-4yr
7564-GHCVB,0,Yes,Yes,72,Fiber optic,Yes,No,Two year,No,Bank transfer,79.05,5730.7,0,79.59305555555555,4-6yr
1173-NOEYG,0,Yes,No,27,Fiber optic,No,No,Month-to-month,No,Bank transfer,90.15,2423.4,0,89.75555555555556,2-4yr
7595-EHCDL,0,Yes,Yes,32,DSL,No,No,Month-to-month,No,Credit card,50.6,1653.45,0,51.6703125,2-4yr
6647-ZEDXT,0,No,No,30,Fiber optic,No,Yes,One year,No,Credit card,110.45,3327.05,0,110.90166666666667,2-4yr
2521-NPUZR,0,Yes,No,70,Fiber optic,Yes,Yes,Two year,No,Credit card,101.0,7085.5,0,101.22142857142858,4-6yr
1307-TVUFB,1,No,No,42,Fiber optic,No,No,Month-to-month,Yes,Bank transfer,79.35,3344.1,0,79.62142857142857,2-4yr
7503-MIOGA,1,Yes,No,72,DSL,Yes,Yes,Two year,Yes,Bank transfer,89.85,6697.35,0,93.01875000000001,4-6yr
4381-MHQDC,0,No,No,47,DSL,Yes,Yes,Two year,Yes,Mailed check,65.0,2879.9,0,61.274468085106385,2-4yr
6923-JHPMP,0,No,No,2,Fiber optic,Yes,No,Month-to-month,Yes,Electronic check,80.45,137.1,0,68.55,0-1yr
5138-WVKYJ,0,No,No,10,Fiber optic,Yes,No,Month-to-month,No,Electronic check,98.55,1008.55,1,100.85499999999999,0-1yr
4018-PPNDW,0,Yes,Yes,61,No,No,No,Two year,Yes,Mailed check,24.1,1551.6,0,25.43606557377049,4-6yr
1635-FJFCC,0,No,No,5,DSL,No,No,Month-to-month,Yes,Credit card,44.05,202.15,0,40.43,0-1yr
2499-AJYUA,1,Yes,No,72,Fiber optic,No,Yes,Two year,Yes,Credit card,110.8,7882.25,0,109.47569444444444,4-6yr
6919-ELBGL,1,Yes,Yes,72,Fiber optic,Yes,Yes,Two year,Yes,Bank transfer,114.95,8196.4,0,113.83888888888889,4-6yr
3966-HRMZA,1,No,No,3,Fiber optic,No,No,Month-to-month,No,Mailed check,75.05,202.9,0,67.63333333333334,0-1yr
6425-JWTDV,0,Yes,No,48,No,No,No,Two year,No,Mailed check,19.25,855.1,0,17.814583333333335,2-4yr
8405-IGQFX,0,No,No,63,Fiber optic,No,Yes,One year,Yes,Credit card,90.05,5817.0,0,92.33333333333333,4-6yr
8224-IVVPA,0,No,No,27,DSL,Yes,No,Month-to-month,Yes,Mailed check,56.7,1652.95,0,61.220370370370375,2-4yr
9477-LGWQI,0,Yes,Yes,70,DSL,Yes,No,Two year,Yes,Credit card,80.15,5600.15,0,80.00214285714286,4-6yr
1410-RSCMR,0,Yes,Yes,7,DSL,Yes,Yes,Month-to-month,Yes,Credit card,71.35,515.75,0,73.67857142857143,0-1yr
3115-CZMZD,0,No,Yes,0,No,No,No,Two year,No,Mailed check,20.25,0.0,0,0.0,
0139-IVFJG,0,Yes,No,2,Fiber optic,Yes,No,Month-to-month,No,Electronic check,90.35,190.5,0,95.25,0-1yr
6683-VLCTZ,1,No,No,20,Fiber optic,No,No,Month-to-month,Yes,Electronic check,98.55,1842.8,1,92.14,1-2yr
5730-DBDSI,0,No,No,66,No,No,No,Two year,No,Bank transfer,19.7,1253.8,0,18.996969696969696,4-6yr
0030-FNXPP,0,No,No,3,No,No,No,Month-to-month,No,Mailed check,19.85,57.2,0,19.066666666666666,0-1yr
2189-WWOEW,0,No,Yes,15,Fiber optic,No,No,Month-to-month,Yes,Bank transfer,85.9,1269.55,1,84.63666666666667,1-2yr
5684-FJVYR,0,Yes,Yes,72,Fiber optic,Yes,Yes,Two year,Yes,Bank transfer,90.35,6563.4,0,91.15833333333333,4-6yr
4013-GUXND,0,No,No,1,No,No,No,Month-to-month,No,Mailed check,20.8,20.8,0,20.8,0-1yr
1894-IGFSG,0,No,No,22,Fiber optic,No,No,Month-to-month,No,Electronic check,89.25,1907.85,1,86.72045454545454,1-2yr
7379-POKDZ,0,Yes,No,3,Fiber optic,No,No,Month-to-month,Yes,Electronic check,70.3,208.85,1,69.61666666666666,0-1yr
1266-NZYUI,0,Yes,Yes,72,DSL,Yes,Yes,Two year,No,Bank transfer,66.85,4758.8,0,66.09444444444445,4-6yr
7969-FFOWG,0,Yes,Yes,65,No,No,No,Two year,No,Mailed check,19.9,1292.6,0,19.886153846153846,4-6yr
4718-DHSMV,0,No,No,11,DSL,No,No,Month-to-month,Yes,Mailed check,35.8,363.15,0,33.01363636363636,0-1yr
5175-WLYXL,0,No,No,22,Fiber optic,No,No,Month-to-month,Yes,Mailed check,78.85,1600.25,0,72.73863636363636,1-2yr
7817-OMJNA,0,No,No,14,No,No,No,One year,No,Bank transfer,20.4,275.7,0,19.692857142857143,1-2yr
8728-SKJLR,0,No,No,41,Fiber optic,No,Yes,Month-to-month,Yes,Electronic check,74.25,3089.1,0,75.34390243902439,2-4yr
3137-NYQQI,0,Yes,No,17,DSL,Yes,No,One year,No,Mailed check,64.8,1175.6,0,69.15294117647058,1-2yr
7706-DZNKK,0,No,No,11,No,No,No,Month-to-month,Yes,Credit card,20.45,237.3,0,21.572727272727274,0-1yr
0236-HFWSV,0,No,No,15,Fiber optic,No,No,Month-to-month,Yes,Electronic check,93.35,1444.65,1,96.31,1-2yr
3900-AQPHZ,0,No,No,1,No,No,No,Month-to-month,No,Mailed check,19.9,19.9,1,19.9,0-1yr
5842-POCOP,0,Yes,No,5,Fiber optic,Yes,No,Month-to-month,Yes,Mailed check,88.9,454.15,1,90.83,0-1yr
2037-XJFUP,0,Yes,No,33,Fiber optic,No,No,One year,Yes,Electronic check,95.8,3036.75,1,92.02272727272727,2-4yr
8823-RLPWL,0,Yes,No,72,Fiber optic,Yes,No,Two year,Yes,Credit card,110.65,8065.65,0,112.02291666666666,4-6yr
9505-SQFSW,0,Yes,Yes,3,DSL,No,No,Month-to-month,No,Mailed check,40.3,92.5,0,30.833333333333332,0-1yr
7314-OXENN,0,No,No,2,Fiber optic,No,No,Month-to-month,Yes,Electronic check,82.0,184.65,1,92.325,0-1yr
3758-CKOQL,0,Yes,No,59,Fiber optic,Yes,Yes,One year,Yes,Credit card,107.0,6152.3,0,104.27627118644068,4-6yr
0322-CHQRU,0,No,No,2,DSL,No,No,Month-to-month,No,Electronic check,45.35,89.5,1,44.75,0-1yr
5676-CFLYY,0,Yes,Yes,71,DSL,No,Yes,Two year,Yes,Credit card,73.35,5154.5,0,72.59859154929578,4-6yr
7521-AFHAB,0,Yes,Yes,5,DSL,No,No,Month-to-month,No,Mailed check,44.8,220.45,0,44.089999999999996,0-1yr
0285-INHLN,0,Yes,Yes,27,DSL,Yes,No,Month-to-month,Yes,Credit card,54.75,1510.3,0,55.93703703703704,2-4yr
4678-DVQEO,0,No,No,1,DSL,No,Yes,Month-to-month,Yes,Electronic check,52.2,52.2,1,52.2,0-1yr
5125-CNDSP,0,No,Yes,63,DSL,Yes,Yes,One year,Yes,Bank transfer,40.6,2588.95,0,41.09444444444444,4-6yr
0691-IFBQW,1,No,No,46,Fiber optic,Yes,No,One year,Yes,Electronic check,110.0,4874.8,1,105.97391304347826,2-4yr
4992-LTJNE,0,Yes,Yes,72,DSL,Yes,No,Two year,No,Bank transfer,55.3,3983.6,0,55.327777777777776,4-6yr
2202-OUTMO,0,Yes,No,34,DSL,Yes,Yes,Month-to-month,Yes,Bank transfer,60.85,2003.6,0,58.92941176470588,2-4yr
0810-BDHAW,0,Yes,Yes,24,DSL,Yes,No,One year,No,Electronic check,78.4,1832.4,0,76.35000000000001,1-2yr
0229-LFJAF,0,No,No,72,DSL,Yes,Yes,Two year,No,Bank transfer,69.65,4908.25,0,68.17013888888889,4-6yr
7131-ZQZNK,0,Yes,Yes,60,DSL,Yes,Yes,Two year,No,Credit card,59.85,3590.2,0,59.836666666666666,4-6yr
3442-ZHHCC,0,No,No,68,DSL,Yes,No,One year,Yes,Credit card,76.9,5023.0,0,73.86764705882354,4-6yr
5726-CVNYA,0,Yes,Yes,8,No,No,No,Two year,Yes,Mailed check,19.85,146.6,0,18.325,0-1yr
9871-ELEYA,0,No,Yes,34,DSL,Yes,Yes,Two year,No,Credit card,67.65,2339.3,0,68.8029411764706,2-4yr
4257-GAESD,0,No,No,6,DSL,No,No,Month-to-month,No,Credit card,45.0,298.7,0,49.78333333333333,0-1yr
5173-WXOQV,0,Yes,No,2,DSL,No,Yes,Month-to-month,Yes,Mailed check,64.2,143.65,0,71.825,0-1yr
2040-OBMLJ,0,No,No,31,Fiber optic,No,Yes,One year,No,Credit card,81.7,2548.65,0,82.21451612903226,2-4yr
6286-ZHAOK,0,Yes,Yes,20,No,No,No,Month-to-month,Yes,Bank transfer,25.55,507.4,0,25.369999999999997,1-2yr
3807-XHCJH,0,Yes,Yes,1,No,No,No,Month-to-month,No,Electronic check,20.0,20.0,0,20.0,0-1yr
3009-JWMPU,0,No,No,62,Fiber optic,No,No,One year,Yes,Electronic check,96.75,6125.4,1,98.79677419354839,4-6yr
5671-RQRLP,1,Yes,No,70,Fiber optic,No,No,Two year,Yes,Credit card,75.65,5411.4,0,77.30571428571427,4-6yr
1450-GALXR,0,No,No,10,Fiber optic,No,Yes,Month-to-month,Yes,Electronic check,98.5,1058.25,1,105.825,0-1yr
8859-AXJZP,0,Yes,Yes,39,No,No,No,Two year,Yes,Mailed check,23.8,903.8,0,23.174358974358974,2-4yr
3174-AKMAS,0,Yes,No,46,DSL,No,Yes,Two year,Yes,Credit card,64.2,3009.5,0,65.42391304347827,2-4yr
3138-BKYAV,0,No,No,6,Fiber optic,No,No,Month-to-month,Yes,Electronic check,85.35,489.45,1,81.575,0-1yr
9926-PJHDQ,0,Yes,Yes,72,DSL,No,No,Two year,Yes,Bank transfer,76.8,5468.45,0,75.95069444444444,4-6yr
7382-DFJTU,0,No,No,18,DSL,No,Yes,Month-to-month,No,Credit card,55.2,1058.1,0,58.78333333333333,1-2yr
2798-NYLMZ,0,Yes,No,71,Fiber optic,Yes,Yes,Two year,Yes,Credit card,108.55,7616.0,0,107.26760563380282,4-6yr
4289-DTDKW,0,Yes,No,40,Fiber optic,No,No,Month-to-month,Yes,Electronic check,101.3,4113.1,1,102.82750000000001,2-4yr
1820-TQVEV,0,No,No,1,Fiber optic,No,No,Month-to-month,Yes,Electronic check,69.55,69.55,1,69.55,0-1yr
2239-JALAW,0,No,No,58,Fiber optic,No,No,One year,Yes,Bank transfer,103.25,6017.65,1,103.75258620689655,4-6yr
4853-RULSV,0,No,No,70,Fiber optic,Yes,Yes,Two year,Yes,Credit card,104.0,7250.15,1,103.57357142857143,4-6yr
8098-TDCBU,0,Yes,No,42,No,No,No,Two year,No,Electronic check,25.25,1108.2,0,26.385714285714286,2-4yr
3551-GAEGL,0,Yes,Yes,34,DSL,Yes,No,One year,No,Bank transfer,30.4,938.65,0,27.60735294117647,2-4yr
4785-NKHCX,1,No,No,5,No,No,No,Month-to-month,No,Bank transfer,20.05,94.15,0,18.830000000000002,0-1yr
3196-NVXLZ,0,No,No,25,Fiber optic,No,No,Month-to-month,Yes,Mailed check,84.6,2088.05,0,83.522,2-4yr
6275-YDUVO,0,No,No,2,Fiber optic,No,No,Month-to-month,Yes,Mailed check,86.2,178.7,1,89.35,0-1yr
0036-IHMOT,0,Yes,Yes,55,Fiber optic,No,Yes,One year,Yes,Bank transfer,103.7,5656.75,0,102.85,4-6yr
0115-TFERT,0,Yes,No,21,Fiber optic,No,Yes,Month-to-month,Yes,Electronic check,111.2,2317.1,1,110.33809523809524,1-2yr
4178-EGMON,0,Yes,No,70,Fiber optic,Yes,Yes,Two year,Yes,Credit card,88.0,5986.45,0,85.52071428571428,4-6yr
4220-TINQT,0,Yes,No,61,Fiber optic,No,Yes,Month-to-month,Yes,Electronic check,106.35,6751.35,0,110.67786885245903,4-6yr
5318-YKDPV,0,Yes,Yes,43,DSL,Yes,Yes,Two year,Yes,Credit card,79.15,3566.6,0,82.94418604651163,2-4yr
7975-TZMLR,0,No,No,47,Fiber optic,No,No,One year,Yes,Electronic check,103.1,4889.3,0,104.02765957446809,2-4yr
0295-QVKPB,0,No,No,5,DSL,No,Yes,Month-to-month,Yes,Credit card,63.95,318.1,0,63.620000000000005,0-1yr
4335-BSMJS,0,No,No,62,No,No,No,Two year,Yes,Credit card,25.8,1563.95,0,25.225,4-6yr
2311-QYMUQ,0,Yes,Yes,16,Fiber optic,No,No,Month-to-month,Yes,Credit card,89.45,1430.25,1,89.390625,1-2yr
3643-AHCFP,1,Yes,No,7,Fiber optic,No,No,Month-to-month,Yes,Bank transfer,95.6,644.35,1,92.05,0-1yr
9146-JRIOX,0,Yes,Yes,14,No,No,No,Month-to-month,No,Mailed check,25.55,372.45,0,26.603571428571428,1-2yr
3104-OWCGK,0,Yes,Yes,60,Fiber optic,No,No,One year,No,Electronic check,90.95,5453.4,1,90.89,4-6yr
5337-IIWKZ,0,Yes,Yes,34,DSL,No,Yes,Month-to-month,Yes,Electronic check,44.85,1442.6,0,42.42941176470588,2-4yr
9101-BWFSS,0,Yes,No,50,Fiber optic,Yes,Yes,One year,No,Electronic check,108.55,5610.7,1,112.214,4-6yr
9650-VBUOG,0,Yes,Yes,38,No,No,No,Two year,No,Credit card,25.05,963.95,0,25.367105263157896,2-4yr
3487-EARAT,0,Yes,Yes,70,DSL,Yes,Yes,One year,No,Credit card,74.1,5222.3,0,74.60428571428572,4-6yr
2672-TGEFF,0,Yes,Yes,37,Fiber optic,No,No,Month-to-month,Yes,Electronic check,88.8,3340.55,0,90.28513513513514,2-4yr
9231-ZJYAM,1,No,No,4,Fiber optic,No,No,Month-to-month,Yes,Electronic check,78.85,292.8,1,73.2,0-1yr
4250-WAROZ,1,Yes,Yes,60,Fiber optic,Yes,No,Month-to-month,Yes,Electronic check,93.25,5774.55,0,96.2425,4-6yr
8184-WMOFI,0,Yes,Yes,62,DSL,Yes,Yes,One year,No,Credit card,71.4,4487.3,0,72.3758064516129,4-6yr
6982-SSHFK,0,No,No,1,DSL,No,No,Month-to-month,No,Mailed check,44.4,44.4,1,44.4,0-1yr
6092-QZVPP,0,No,No,36,DSL,Yes,Yes,Month-to-month,Yes,Credit card,79.2,2854.95,0,79.30416666666666,2-4yr
4625-LAMOB,0,No,No,44,No,No,No,Two year,No,Credit card,20.4,905.55,0,20.580681818181816,2-4yr
0727-BMPLR,1,No,No,55,Fiber optic,No,No,One year,Yes,Electronic check,100.0,5509.3,1,100.16909090909091,4-6yr
0392-BZIUW,0,Yes,No,72,Fiber optic,Yes,No,Two year,Yes,Credit card,105.0,7589.8,0,105.41388888888889,4-6yr
1038-ZAGBI,0,Yes,Yes,12,No,No,No,One year,No,Bank transfer,19.8,229.6,1,19.133333333333333,0-1yr
6549-NNDYT,0,No,No,13,DSL,Yes,No,Month-to-month,Yes,Bank transfer,30.85,394.1,0,30.315384615384616,1-2yr
3027-ZTDHO,0,No,No,1,Fiber optic,No,No,Month-to-month,Yes,Electronic check,89.9,89.9,1,89.9,0-1yr
0422-OHQHQ,0,Yes,Yes,15,No,No,No,One year,No,Mailed check,20.55,295.95,0,19.73,1-2yr
6916-HIJSE,0,No,No,65,DSL,Yes,Yes,Two year,Yes,Bank transfer,84.85,5459.2,0,83.9876923076923,4-6yr
2316-ESMLS,0,Yes,Yes,12,DSL,Yes,Yes,One year,No,Credit card,33.15,444.75,0,37.0625,0-1yr
9778-OGKQZ,0,Yes,No,72,DSL,Yes,Yes,Two year,Yes,Credit card,92.0,6782.15,0,94.19652777777777,4-6yr
7408-OFWXJ,0,Yes,Yes,72,DSL,Yes,Yes,Two year,No,Credit card,89.8,6510.45,0,90.42291666666667,4-6yr
6007-TCTST,0,Yes,Yes,72,Fiber optic,Yes,Yes,Two year,Yes,Bank transfer,115.8,8476.5,0,117.72916666666667,4-6yr
2252-NKNSI,0,No,Yes,52,DSL,Yes,Yes,Two year,Yes,Mailed check,85.15,4461.85,0,85.8048076923077,4-6yr
8713-IGZSO,0,No,No,2,No,No,No,Month-to-month,No,Mailed check,24.85,62.0,0,31.0,0-1yr
7905-TVXTA,0,No,No,5,DSL,Yes,Yes,Month-to-month,Yes,Electronic check,64.35,352.65,0,70.53,0-1yr
7695-PKLCZ,0,No,No,68,No,No,No,Two year,No,Credit card,20.5,1424.9,0,20.954411764705885,4-6yr
2382-BCKQJ,0,No,Yes,62,Fiber optic,No,No,One year,Yes,Electronic check,100.15,6413.65,1,103.44596774193548,4-6yr
8374-UULRV,0,No,No,72,DSL,Yes,Yes,Two year,No,Credit card,86.05,6309.65,0,87.63402777777777,4-6yr
2207-NHRJK,0,No,No,1,DSL,No,No,Month-to-month,No,Electronic check,50.8,50.8,1,50.8,0-1yr
3224-DFQNQ,0,Yes,No,66,Fiber optic,Yes,Yes,One year,No,Electronic check,89.0,5898.6,0,89.37272727272727,4-6yr
5275-PMFUT,0,Yes,Yes,72,DSL,Yes,Yes,Two year,Yes,Credit card,64.8,4719.75,0,65.55208333333333,4-6yr
4795-UXVCJ,0,No,No,26,No,No,No,One year,No,Credit card,19.8,457.3,0,17.588461538461537,2-4yr
9777-IQHWP,0,Yes,Yes,64,Fiber optic,Yes,No,Two year,No,Bank transfer,93.4,5822.3,0,90.9734375,4-6yr
0947-MUGVO,1,Yes,No,20,Fiber optic,No,No,Month-to-month,Yes,Electronic check,73.65,1463.5,1,73.175,1-2yr
9944-HKVVB,0,No,No,3,Fiber optic,No,No,Month-to-month,Yes,Electronic check,95.1,307.4,1,102.46666666666665,0-1yr
4124-MMETB,0,No,No,22,Fiber optic,No,No,Month-to-month,Yes,Credit card,94.65,2104.55,1,95.66136363636365,1-2yr
3671-SHRSP,0,Yes,No,4,Fiber optic,No,Yes,Month-to-month,Yes,Mailed check,80.6,319.15,1,79.7875,0-1yr
0979-MOZQI,0,Yes,No,62,DSL,No,Yes,Two year,Yes,Bank transfer,39.0,2337.45,0,37.7008064516129,4-6yr
2732-ISEZX,0,No,No,5,No,No,No,Month-to-month,Yes,Mailed check,20.5,104.3,0,20.86,0-1yr
3313-QKNKB,0,Yes,No,59,Fiber optic,No,No,One year,No,Electronic check,85.55,5084.65,1,86.18050847457627,4-6yr
0323-XWWTN,0,No,Yes,3,No,No,No,Two year,Yes,Mailed check,26.4,121.25,0,40.416666666666664,0-1yr
1937-OTUKY,0,Yes,No,72,Fiber optic,Yes,Yes,Two year,Yes,Bank transfer,98.2,7015.9,0,97.44305555555555,4-6yr
1573-LGXBA,0,Yes,Yes,57,Fiber optic,No,No,One year,Yes,Credit card,97.55,5598.0,0,98.21052631578948,4-6yr
1764-VUUMT,0,No,Yes,66,No,No,No,Two year,No,Credit card,19.95,1269.1,0,19.228787878787877,4-6yr
5073-WXOYN,0,No,No,60,DSL,No,No,Month-to-month,Yes,Electronic check,50.8,3027.4,1,50.45666666666667,4-6yr
4713-ZBURT,0,No,Yes,45,Fiber optic,No,No,Two year,No,Bank transfer,99.7,4634.35,0,102.98555555555556,2-4yr
3050-GBUSH,0,No,No,3,DSL,No,No,Month-to-month,Yes,Credit card,34.8,113.95,0,37.983333333333334,0-1yr
0207-MDKNV,0,No,No,15,Fiber optic,Yes,Yes,Month-to-month,No,Electronic check,105.1,1582.75,1,105.51666666666667,1-2yr
7876-AEHIG,0,No,Yes,51,DSL,Yes,Yes,One year,No,Bank transfer,60.15,3077.0,0,60.333333333333336,4-6yr
7945-HLKEA,0,No,No,60,DSL,Yes,Yes,One year,No,Electronic check,64.75,4039.5,0,67.325,4-6yr
9342-VNIMQ,0,No,No,33,DSL,No,No,Month-to-month,Yes,Bank transfer,54.65,1665.2,0,50.46060606060606,2-4yr
9851-KIELU,0,No,No,10,Fiber optic,Yes,Yes,Month-to-month,Yes,Electronic check,110.1,1043.3,1,104.33,0-1yr
3523-BRGUW,1,No,No,26,No,No,No,One year,No,Credit card,19.3,504.2,0,19.392307692307693,2-4yr
3908-BLSYF,0,No,No,6,Fiber optic,No,No,Month-to-month,No,Electronic check,83.9,497.55,1,82.925,0-1yr
3199-NPKCN,0,Yes,No,67,Fiber optic,Yes,Yes,One year,Yes,Electronic check,111.25,7511.65,0,112.1141791044776,4-6yr
5170-PTRKA,0,Yes,Yes,49,DSL,Yes,Yes,One year,Yes,Credit card,35.8,1782.0,0,36.36734693877551,4-6yr
4661-NJEUX,0,No,No,1,No,No,No,Month-to-month,Yes,Mailed check,20.05,20.05,0,20.05,0-1yr
2123-AGEEN,1,No,No,7,Fiber optic,No,No,Month-to-month,Yes,Electronic check,84.35,609.65,0,87.09285714285714,0-1yr
1258-YMZNM,1,No,No,27,Fiber optic,Yes,No,One year,Yes,Bank transfer,110.5,2857.6,0,105.83703703703704,2-4yr
0048-LUMLS,0,Yes,Yes,37,Fiber optic,No,No,One year,No,Credit card,91.2,3247.55,0,87.77162162162162,2-4yr
7549-MYGPK,0,Yes,Yes,63,Fiber optic,Yes,No,Month-to-month,Yes,Electronic check,100.55,6215.35,1,98.65634920634922,4-6yr
5898-IGSLP,0,Yes,Yes,31,Fiber optic,Yes,Yes,Month-to-month,No,Electronic check,89.3,2823.0,0,91.06451612903226,2-4yr
3804-RVTGV,0,Yes,Yes,50,Fiber optic,No,No,Month-to-month,Yes,Bank transfer,103.85,5017.9,1,100.35799999999999,4-6yr
6259-WJQLC,1,No,No,32,Fiber optic,No,No,Month-to-month,Yes,Credit card,81.1,2619.25,0,81.8515625,2-4yr
9227-LUNBG,0,No,No,1,DSL,No,No,Month-to-month,No,Electronic check,24.6,24.6,1,24.6,0-1yr
7997-EASSD,0,Yes,No,63,Fiber optic,No,Yes,One year,Yes,Credit card,81.2,4965.1,0,78.81111111111112,4-6yr
0730-KOAVE,0,No,No,30,Fiber optic,Yes,No,Month-to-month,Yes,Credit card,94.3,2679.7,0,89.32333333333332,2-4yr
8975-SKGRX,0,Yes,No,71,Fiber optic,Yes,Yes,Two year,Yes,Bank transfer,116.1,8310.55,0,117.04999999999998,4-6yr
0678-RLHVP,0,No,No,53,Fiber optic,No,No,Two year,No,Electronic check,105.55,5682.25,0,107.2122641509434,4-6yr
4315-MURBD,0,No,No,12,Fiber optic,Yes,Yes,Month-to-month,Yes,Bank transfer,98.9,1120.95,1,93.41250000000001,0-1yr
2267-FPIMA,0,Yes,No,50,Fiber optic,Yes,No,Month-to-month,Yes,Credit card,94.4,4914.9,0,98.29799999999999,4-6yr
1051-GEJLJ,0,No,No,2,No,No,No,Month-to-month,No,Mailed check,19.5,27.55,0,13.775,0-1yr
9734-YWGEX,0,No,No,9,Fiber optic,No,No,Month-to-month,No,Credit card,98.3,923.5,1,102.61111111111111,0-1yr
2719-BDAQO,0,No,No,17,Fiber optic,Yes,No,Month-to-month,No,Electronic check,93.85,1625.65,1,95.62647058823529,1-2yr
5285-MVEHD,0,Yes,No,56,Fiber optic,Yes,No,One year,Yes,Credit card,105.6,6068.65,0,108.36874999999999,4-6yr
0379-DJQHR,0,Yes,Yes,67,DSL,Yes,No,Two year,No,Credit card,81.35,5398.6,0,80.57611940298509,4-6yr
0781-LKXBR,1,No,No,9,Fiber optic,No,No,Month-to-month,Yes,Electronic check,100.5,918.6,1,102.06666666666666,0-1yr
5543-QDCRY,0,No,No,4,DSL,No,No,Month-to-month,Yes,Electronic check,56.4,234.85,0,58.7125,0-1yr
0297-RBCSG,0,No,No,19,DSL,No,Yes,One year,Yes,Bank transfer,65.35,1231.85,0,64.83421052631579,1-2yr
4694-PHWFW,0,No,Yes,8,No,No,No,Month-to-month,No,Mailed check,19.95,170.9,0,21.3625,0-1yr
0835-JKADZ,0,No,No,71,Fiber optic,No,Yes,Two year,Yes,Electronic check,111.25,7984.15,0,112.45281690140844,4-6yr
1907-UBQFC,1,No,No,10,Fiber optic,No,No,Month-to-month,Yes,Electronic check,72.85,688.65,1,68.865,0-1yr
7508-SMHXL,1,No,No,15,Fiber optic,No,No,Month-to-month,No,Credit card,89.0,1288.3,0,85.88666666666667,1-2yr
3865-YIOTT,0,Yes,Yes,72,Fiber optic,Yes,No,One year,Yes,Bank transfer,106.1,7848.5,0,109.00694444444444,4-6yr
5993-BQHEA,0,No,No,12,No,No,No,One year,No,Credit card,20.05,267.0,0,22.25,0-1yr
6024-RUGGH,0,Yes,Yes,72,No,No,No,Two year,Yes,Bank transfer,25.2,1798.9,0,24.984722222222224,4-6yr
6513-EECDB,1,Yes,No,1,Fiber optic,No,No,Month-to-month,Yes,Electronic check,73.55,73.55,1,73.55,0-1yr
3956-CJUST,1,No,No,23,Fiber optic,Yes,No,Month-to-month,Yes,Bank transfer,75.4,1643.55,0,71.45869565217392,1-2yr
4079-WWQQQ,0,No,No,72,DSL,Yes,Yes,Two year,Yes,Bank transfer,65.55,4807.45,0,66.77013888888888,4-6yr
6103-BOCOU,0,No,No,26,Fiber optic,No,No,Month-to-month,Yes,Electronic check,80.7,2193.0,0,84.34615384615384,2-4yr
5149-TGWDZ,0,No,No,21,Fiber optic,No,Yes,One year,Yes,Mailed check,104.55,2239.4,0,106.63809523809525,1-2yr
7471-WNSUF,0,Yes,No,60,No,No,No,One year,No,Bank transfer,24.15,1505.9,0,25.098333333333336,4-6yr
8942-DBMHZ,0,No,No,12,No,No,No,Month-to-month,No,Mailed check,20.45,255.35,0,21.279166666666665,0-1yr
4301-VVZKA,0,Yes,No,16,Fiber optic,No,No,Month-to-month,Yes,Electronic check,75.4,1189.4,0,74.3375,1-2yr
9199-PWQVC,0,Yes,No,63,DSL,Yes,No,One year,Yes,Credit card,79.7,4786.15,0,75.97063492063492,4-6yr
4824-GUCBY,1,No,No,22,Fiber optic,Yes,No,Month-to-month,No,Electronic check,81.7,1820.9,0,82.76818181818182,1-2yr
5393-HJZSM,0,Yes,Yes,32,DSL,Yes,Yes,Month-to-month,No,Bank transfer,76.3,2404.15,0,75.1296875,2-4yr
7074-IEVOJ,1,No,No,3,Fiber optic,No,No,Month-to-month,Yes,Electronic check,79.4,205.05,1,68.35000000000001,0-1yr
9625-QSTYE,0,No,No,13,Fiber optic,No,No,Month-to-month,Yes,Electronic check,81.15,952.3,1,73.25384615384615,1-2yr
0862-PRCBS,0,Yes,Yes,68,Fiber optic,No,Yes,Two year,Yes,Credit card,103.75,7039.45,0,103.52132352941176,4-6yr
8812-ZRHFP,0,Yes,Yes,30,Fiber optic,No,No,One year,No,Electronic check,86.45,2538.05,0,84.60166666666667,2-4yr
5146-CBVOE,0,No,No,16,Fiber optic,No,No,Month-to-month,No,Bank transfer,75.1,1212.85,0,75.803125,1-2yr
0454-OKRCT,0,No,No,33,Fiber optic,No,Yes,Two year,No,Bank transfer,80.6,2651.1,0,80.33636363636363,2-4yr
5787-KXGIY,0,Yes,No,72,No,No,No,Two year,No,Credit card,19.3,1304.8,0,18.12222222222222,4-6yr
4750-ZRXIU,1,No,No,4,Fiber optic,No,No,Month-to-month,Yes,Electronic check,84.6,360.1,1,90.025,0-1yr
4198-VFOEA,0,No,No,12,DSL,Yes,Yes,One year,Yes,Mailed check,33.6,435.45,0,36.2875,0-1yr
6630-UJZMY,1,Yes,No,4,Fiber optic,No,No,Month-to-month,Yes,Electronic check,83.25,308.05,0,77.0125,0-1yr
5709-LVOEQ,0,Yes,Yes,0,DSL,Yes,No,Two year,No,Mailed check,80.85,0.0,0,0.0,
6400-BWQKW,0,No,No,6,Fiber optic,Yes,No,Month-to-month,Yes,Electronic check,79.05,434.5,1,72.41666666666667,0-1yr
2692-AQCPF,0,Yes,No,65,Fiber optic,No,Yes,One year,Yes,Credit card,108.05,7118.9,0,109.52153846153846,4-6yr
0347-UBKUZ,0,No,No,15,No,No,No,Month-to-month,No,Mailed check,19.9,320.45,0,21.363333333333333,1-2yr
0835-DUUIQ,0,No,Yes,24,No,No,No,One year,No,Bank transfer,21.05,531.55,0,22.147916666666664,1-2yr
0811-GSDTP,0,No,Yes,13,DSL,No,No,Month-to-month,No,Electronic check,30.15,382.2,0,29.4,1-2yr
7567-ECMCM,0,No,No,24,Fiber optic,No,No,Month-to-month,Yes,Credit card,79.85,2001.0,0,83.375,1-2yr
6115-ZTBFQ,0,Yes,No,72,DSL,Yes,Yes,Two year,No,Bank transfer,65.5,4919.7,0,68.32916666666667,4-6yr
6353-BRMMA,0,Yes,Yes,54,Fiber optic,Yes,No,Month-to-month,Yes,Bank transfer,104.1,5645.8,0,104.55185185185185,4-6yr
6680-WKXRZ,0,No,No,3,Fiber optic,No,No,Month-to-month,No,Bank transfer,74.4,215.8,1,71.93333333333334,0-1yr
6231-WFGFH,0,Yes,Yes,4,No,No,No,Month-to-month,Yes,Mailed check,20.5,77.6,0,19.4,0-1yr
9904-EHEVJ,1,Yes,Yes,32,Fiber optic,No,No,Month-to-month,Yes,Mailed check,91.35,2896.55,0,90.5171875,2-4yr
7028-DVOIQ,1,No,No,35,Fiber optic,No,No,Month-to-month,Yes,Electronic check,99.05,3395.8,1,97.02285714285715,2-4yr
6169-PPETC,0,Yes,Yes,35,No,No,No,Two year,No,Bank transfer,20.5,759.35,0,21.695714285714285,2-4yr
4208-UFFGW,1,No,No,2,DSL,No,No,Month-to-month,No,Mailed check,44.95,85.15,1,42.575,0-1yr
8584-KMVXD,0,No,No,8,Fiber optic,No,No,Month-to-month,No,Electronic check,75.6,535.55,0,66.94375,0-1yr
8467-WYNSR,0,No,No,22,DSL,Yes,Yes,Month-to-month,No,Mailed check,55.1,1253.15,0,56.96136363636364,1-2yr
0851-DFJKB,0,No,No,15,DSL,Yes,Yes,Month-to-month,No,Electronic check,58.95,955.15,0,63.67666666666666,1-2yr
5382-SOYZL,0,No,No,22,Fiber optic,No,No,Month-to-month,Yes,Electronic check,95.1,2162.6,0,98.3,1-2yr
9448-REEVD,0,Yes,No,1,DSL,No,No,Month-to-month,No,Credit card,44.7,44.7,1,44.7,0-1yr
3261-CQXOL,0,Yes,Yes,71,No,No,No,Two year,No,Bank transfer,25.45,1813.35,0,25.54014084507042,4-6yr
8388-FYNPZ,0,No,No,4,DSL,Yes,No,Month-to-month,No,Electronic check,56.75,245.15,0,61.2875,0-1yr
4002-BQWPQ,0,No,No,25,DSL,Yes,Yes,Month-to-month,No,Bank transfer,81.75,2028.8,0,81.152,2-4yr
5651-YLPRD,0,Yes,Yes,32,Fiber optic,No,No,Month-to-month,Yes,Electronic check,86.1,2723.75,0,85.1171875,2-4yr
2826-DXLQO,1,Yes,No,7,DSL,Yes,No,Month-to-month,No,Bank transfer,29.8,220.45,0,31.49285714285714,0-1yr
4378-BZYFP,0,No,No,17,No,No,No,One year,Yes,Mailed check,20.5,365.8,0,21.51764705882353,1-2yr
9489-UTFKA,1,Yes,No,8,DSL,Yes,No,Month-to-month,No,Bank transfer,60.9,551.95,0,68.99375,0-1yr
4849-PYRLQ,1,No,No,56,DSL,Yes,Yes,Two year,No,Bank transfer,73.25,4054.2,0,72.39642857142857,4-6yr
9117-SHLZX,0,No,No,1,DSL,No,No,Month-to-month,Yes,Mailed check,45.7,45.7,1,45.7,0-1yr
9889-TMAHG,1,No,No,8,Fiber optic,Yes,Yes,Month-to-month,No,Credit card,100.3,832.35,1,104.04375,0-1yr
4541-RMRLG,0,No,No,7,No,No,No,Month-to-month,No,Electronic check,19.25,112.3,1,16.04285714285714,0-1yr
7764-BDPEE,0,No,Yes,3,No,No,No,Month-to-month,No,Mailed check,20.85,60.65,0,20.216666666666665,0-1yr
3429-IFLEM,0,No,No,71,DSL,Yes,Yes,Two year,No,Credit card,77.35,5550.1,0,78.17042253521127,4-6yr
3158-MOERK,0,No,No,2,Fiber optic,No,No,Month-to-month,Yes,Electronic check,96.0,174.8,1,87.4,0-1yr
7294-TMAOP,0,No,No,1,Fiber optic,No,No,Month-to-month,No,Electronic check,90.55,90.55,1,90.55,0-1yr
5002-GCQFH,0,Yes,No,49,Fiber optic,Yes,No,Month-to-month,Yes,Bank transfer,93.85,4733.1,0,96.59387755102041,4-6yr
0556-FJEGU,0,No,No,58,DSL,No,Yes,Two year,No,Bank transfer,70.1,4048.95,0,69.80948275862069,4-6yr
8919-FYFQZ,1,Yes,No,44,DSL,No,No,Month-to-month,Yes,Electronic check,30.35,1359.7,1,30.902272727272727,2-4yr
0604-THJFP,0,Yes,Yes,59,DSL,No,Yes,Two year,Yes,Credit card,75.95,4542.35,0,76.98898305084747,4-6yr
2834-JRTUA,0,No,No,71,Fiber optic,Yes,Yes,Two year,Yes,Electronic check,108.05,7532.15,1,106.08661971830985,4-6yr
5875-YPQFJ,0,No,No,1,Fiber optic,No,No,Month-to-month,Yes,Electronic check,69.9,69.9,1,69.9,0-1yr
5879-SESNB,0,No,No,11,Fiber optic,No,No,Month-to-month,No,Electronic check,75.25,888.65,0,80.78636363636363,0-1yr
6646-QVXLR,1,Yes,No,62,Fiber optic,No,No,One year,Yes,Electronic check,103.75,6383.35,1,102.95725806451614,4-6yr
6461-PPAXN,0,Yes,Yes,35,DSL,Yes,Yes,One year,Yes,Bank transfer,54.95,1916.0,0,54.74285714285714,2-4yr
3318-ISQFQ,0,No,No,20,No,No,No,Month-to-month,Yes,Bank transfer,19.5,413.0,0,20.65,1-2yr
1106-HRLKZ,0,Yes,Yes,40,No,No,No,Two year,No,Mailed check,19.6,808.95,0,20.223750000000003,2-4yr
2483-XSSMZ,0,No,No,39,DSL,Yes,No,One year,Yes,Electronic check,47.85,1886.4,0,48.369230769230775,2-4yr
8603-IJWDN,0,No,No,1,Fiber optic,No,No,Month-to-month,Yes,Electronic check,86.6,86.6,1,86.6,0-1yr
8165-ZJRNM,0,Yes,Yes,72,No,No,No,Two year,No,Bank transfer,23.75,1679.25,0,23.322916666666668,4-6yr
9369-XFEHK,1,Yes,No,33,Fiber optic,No,No,Month-to-month,Yes,Bank transfer,80.6,2656.5,1,80.5,2-4yr
2604-XVDAM,0,No,No,12,DSL,No,No,Month-to-month,No,Bank transfer,43.8,540.95,0,45.07916666666667,0-1yr
3717-OFRTN,0,No,No,1,No,No,No,Month-to-month,No,Bank transfer,19.75,19.75,0,19.75,0-1yr
9046-JBFWA,0,No,Yes,27,No,No,No,Month-to-month,No,Mailed check,19.15,537.35,0,19.901851851851852,2-4yr
3280-NMUVX,0,Yes,Yes,34,No,No,No,One year,No,Credit card,19.6,678.8,0,19.96470588235294,2-4yr
1206-EHBDD,0,Yes,No,56,Fiber optic,Yes,No,Two year,No,Bank transfer,80.3,4513.65,0,80.60089285714285,4-6yr
8361-LBRDI,0,No,No,58,No,No,No,Two year,No,Credit card,24.35,1423.85,0,24.54913793103448,4-6yr
4883-KCPZJ,0,Yes,Yes,22,No,No,No,Two year,No,Credit card,25.25,555.4,0,25.245454545454546,1-2yr
9108-EQPNQ,0,Yes,Yes,10,No,No,No,Two year,No,Credit card,26.1,225.55,0,22.555,0-1yr
7277-KAMWT,0,No,No,13,No,No,No,Two year,No,Credit card,20.0,268.45,0,20.65,1-2yr
3842-IYKUE,0,No,No,35,Fiber optic,No,Yes,Month-to-month,No,Credit card,85.3,2917.5,1,83.35714285714286,2-4yr
6641-XRPSU,0,No,No,34,Fiber optic,No,No,Month-to-month,Yes,Credit card,70.0,2416.1,1,71.06176470588235,2-4yr
1374-DMZUI,1,No,No,4,Fiber optic,No,No,Month-to-month,Yes,Electronic check,94.3,424.45,1,106.1125,0-1yr
2545-LXYVJ,0,Yes,No,72,No,No,No,Two year,No,Bank transfer,20.7,1492.1,0,20.72361111111111,4-6yr
3234-VKACU,0,No,No,2,DSL,No,Yes,Month-to-month,No,Electronic check,70.3,132.4,0,66.2,0-1yr
8357-EQXFO,0,No,No,7,Fiber optic,No,No,Month-to-month,Yes,Electronic check,95.35,660.9,1,94.41428571428571,0-1yr
1989-PRJHP,1,Yes,No,27,Fiber optic,No,No,Month-to-month,Yes,Electronic check,75.5,1893.95,1,70.1462962962963,2-4yr
8120-JDCAM,0,Yes,Yes,4,Fiber optic,No,No,Month-to-month,Yes,Mailed check,69.55,284.9,0,71.225,0-1yr
8917-FAEMR,0,No,No,37,No,No,No,Two year,No,Mailed check,19.85,784.25,0,21.195945945945947,2-4yr
7047-YXDMZ,0,No,No,21,No,No,No,Month-to-month,No,Mailed check,20.0,417.7,0,19.89047619047619,1-2yr
2858-EIMXH,1,Yes,No,53,Fiber optic,No,No,One year,Yes,Credit card,95.85,5016.25,0,94.64622641509433,4-6yr
9524-EGPJC,0,No,No,18,Fiber optic,No,Yes,Month-to-month,Yes,Electronic check,90.1,1612.75,1,89.59722222222223,1-2yr
6993-OHLXR,0,No,No,2,Fiber optic,No,No,Month-to-month,No,Electronic check,68.95,119.75,1,59.875,0-1yr
8818-XYFCQ,0,Yes,Yes,32,Fiber optic,Yes,No,Month-to-month,Yes,Credit card,99.55,3204.65,1,100.1453125,2-4yr
6419-ZTTLE,1,Yes,No,23,No,No,No,One year,Yes,Electronic check,20.75,485.2,0,21.09565217391304,1-2yr
0929-HYQEW,0,No,No,3,DSL,Yes,No,Month-to-month,Yes,Mailed check,50.15,160.85,0,53.61666666666667,0-1yr
6614-YOLAC,0,Yes,Yes,71,DSL,Yes,Yes,Two year,No,Mailed check,58.65,4145.25,0,58.38380281690141,4-6yr
7426-RHZGU,0,No,No,9,Fiber optic,No,Yes,Month-to-month,Yes,Bank transfer,95.9,827.45,0,91.9388888888889,0-1yr
4065-JJAVA,0,No,No,1,DSL,No,No,Month-to-month,No,Electronic check,49.5,49.5,0,49.5,0-1yr
4695-VADHF,0,Yes,Yes,18,DSL,No,No,Month-to-month,No,Electronic check,57.45,990.85,1,55.047222222222224,1-2yr
3863-IUBJR,0,Yes,Yes,12,DSL,No,No,One year,No,Credit card,53.65,696.35,1,58.02916666666667,0-1yr
7649-SIJJF,0,Yes,No,71,DSL,Yes,Yes,Two year,Yes,Mailed check,80.1,5585.4,0,78.66760563380281,4-6yr
9361-YNQWJ,0,No,No,64,No,No,No,One year,Yes,Bank transfer,24.4,1601.2,0,25.01875,4-6yr
3748-FVMZZ,0,No,No,4,DSL,No,Yes,Month-to-month,Yes,Electronic check,40.05,162.45,0,40.6125,0-1yr
9391-TTOYH,0,No,No,23,No,No,No,Month-to-month,Yes,Mailed check,19.5,470.2,0,20.443478260869565,1-2yr
1452-XRSJV,0,Yes,Yes,39,DSL,Yes,No,Month-to-month,No,Credit card,51.05,2066.0,0,52.97435897435897,2-4yr
3422-WJOYD,0,Yes,No,28,DSL,Yes,Yes,One year,No,Mailed check,54.35,1426.45,0,50.94464285714286,2-4yr
8242-SOQUO,1,No,No,5,Fiber optic,No,No,Month-to-month,Yes,Electronic check,84.7,392.5,0,78.5,0-1yr
7460-ITWWP,1,Yes,No,45,Fiber optic,No,No,Month-to-month,Yes,Electronic check,86.1,3861.45,0,85.81,2-4yr
7147-AYBAA,0,No,No,37,Fiber optic,No,No,Month-to-month,Yes,Mailed check,70.35,2552.9,0,68.9972972972973,2-4yr
7868-TMWMZ,1,Yes,No,60,Fiber optic,Yes,Yes,Two year,Yes,Bank transfer,110.0,6668.35,0,111.13916666666667,4-6yr
4822-RVYBB,1,No,No,8,Fiber optic,No,No,Month-to-month,Yes,Electronic check,100.6,819.4,1,102.425,0-1yr
6732-FZUGP,0,No,No,47,Fiber optic,Yes,No,One year,No,Credit card,94.9,4615.25,0,98.19680851063829,2-4yr
8436-BJUMM,0,Yes,Yes,26,Fiber optic,No,No,Month-to-month,Yes,Electronic check,83.75,2070.6,1,79.63846153846154,2-4yr
4184-TJFAN,1,Yes,Yes,3,Fiber optic,Yes,Yes,Month-to-month,Yes,Mailed check,88.3,273.75,1,91.25,0-1yr
8329-GWVPJ,0,Yes,Yes,50,Fiber optic,No,No,Month-to-month,Yes,Bank transfer,69.75,3557.7,0,71.154,4-6yr
1352-VHKAJ,0,Yes,Yes,27,DSL,No,Yes,Month-to-month,No,Bank transfer,71.6,1957.1,0,72.48518518518519,2-4yr
4145-UQXUQ,1,No,No,8,Fiber optic,No,No,Month-to-month,Yes,Electronic check,92.1,729.95,1,91.24375,0-1yr
2632-TACXW,0,Yes,No,62,No,No,No,Two year,No,Bank transfer,23.65,1416.75,0,22.850806451612904,4-6yr
8146-QQKZH,0,Yes,No,71,DSL,Yes,Yes,Two year,No,Bank transfer,81.85,5924.4,0,83.44225352112676,4-6yr
1767-CJKBA,0,No,No,66,No,No,No,Two year,No,Mailed check,25.1,1697.7,0,25.722727272727273,4-6yr
6445-TNRXS,0,Yes,Yes,68,Fiber optic,Yes,Yes,Two year,Yes,Bank transfer,114.7,7849.85,0,115.43897058823529,4-6yr
4581-LNWUM,0,No,No,13,DSL,No,No,Month-to-month,No,Electronic check,49.15,649.4,0,49.95384615384615,1-2yr
4869-EPIUS,0,Yes,No,56,Fiber optic,No,No,One year,Yes,Electronic check,80.9,4557.5,0,81.38392857142857,4-6yr
9948-YPTDG,0,Yes,No,38,Fiber optic,Yes,No,Month-to-month,Yes,Electronic check,79.45,3013.05,1,79.29078947368421,2-4yr
1236-WFCDV,1,No,No,14,Fiber optic,No,No,Month-to-month,No,Credit card,90.45,1266.1,1,90.43571428571428,1-2yr
1915-OAKWD,0,No,Yes,16,No,No,No,One year,Yes,Bank transfer,19.3,360.35,0,22.521875,1-2yr
7296-PIXQY,0,Yes,Yes,14,Fiber optic,No,No,Month-to-month,No,Electronic check,70.2,1046.5,0,74.75,1-2yr
4883-QICIH,0,Yes,Yes,32,Fiber optic,No,No,Month-to-month,Yes,Bank transfer,69.75,2347.9,1,73.371875,2-4yr
3354-OADJP,0,No,No,8,DSL,Yes,Yes,One year,No,Bank transfer,54.25,447.75,0,55.96875,0-1yr
3524-WQDSG,0,Yes,Yes,43,Fiber optic,No,No,Month-to-month,Yes,Bank transfer,99.3,4209.95,0,97.90581395348836,2-4yr
0810-DHDBD,0,No,No,52,DSL,Yes,Yes,One year,No,Credit card,74.0,3877.65,0,74.57019230769231,4-6yr
4026-SKKHW,0,No,No,3,DSL,No,Yes,Month-to-month,Yes,Mailed check,50.25,152.3,0,50.76666666666667,0-1yr
2829-HYVZP,0,No,No,29,No,No,No,One year,Yes,Mailed check,19.8,572.2,0,19.731034482758623,2-4yr
8329-IBCTI,0,No,No,1,No,No,No,Month-to-month,No,Mailed check,19.65,19.65,1,19.65,0-1yr
1271-SJBGZ,1,No,No,12,DSL,No,Yes,Month-to-month,Yes,Electronic check,43.65,526.95,1,43.9125,0-1yr
3845-JHAMY,0,Yes,Yes,16,DSL,No,No,Month-to-month,Yes,Credit card,35.5,552.7,0,34.54375,1-2yr
7013-PSXHK,0,No,No,40,DSL,No,Yes,One year,Yes,Mailed check,80.75,3208.65,0,80.21625,2-4yr
5669-SRAIP,0,No,No,5,DSL,No,No,Month-to-month,No,Electronic check,39.5,210.75,1,42.15,0-1yr
5981-ITEMU,0,Yes,No,40,Fiber optic,No,No,Month-to-month,Yes,Bank transfer,97.1,3706.95,1,92.67375,2-4yr
3486-NPGST,0,No,No,36,No,No,No,One year,No,Mailed check,19.55,620.75,0,17.243055555555557,2-4yr
6941-PMGEP,0,No,No,5,Fiber optic,No,No,Month-to-month,Yes,Electronic check,80.0,412.5,1,82.5,0-1yr
1624-WOIWJ,0,No,No,10,Fiber optic,Yes,No,Month-to-month,Yes,Mailed check,84.7,832.05,1,83.205,0-1yr
2074-GKOWZ,0,Yes,Yes,2,Fiber optic,No,No,Month-to-month,Yes,Bank transfer,89.55,185.55,1,92.775,0-1yr
0376-YMCJC,0,No,No,23,Fiber optic,No,Yes,Month-to-month,Yes,Electronic check,90.6,1943.2,1,84.48695652173913,1-2yr
6100-FJZDG,0,Yes,Yes,26,No,No,No,One year,Yes,Bank transfer,20.05,505.9,0,19.457692307692305,2-4yr
4829-ZLJTK,1,Yes,No,72,Fiber optic,Yes,No,Two year,Yes,Electronic check,112.4,8046.85,0,111.76180555555555,4-6yr
1730-VFMWO,0,Yes,No,34,DSL,No,Yes,Month-to-month,No,Bank transfer,50.2,1815.3,0,53.391176470588235,2-4yr
7143-BQIBA,0,No,No,10,DSL,Yes,Yes,Month-to-month,No,Bank transfer,62.25,612.95,0,61.295,0-1yr
3800-LYTRK,0,No,No,14,DSL,Yes,Yes,One year,No,Mailed check,55.7,795.15,0,56.79642857142857,1-2yr
0634-SZPQA,0,No,No,23,Fiber optic,Yes,No,Month-to-month,Yes,Bank transfer,90.05,2169.8,1,94.33913043478262,1-2yr
9646-NMHXE,0,Yes,No,47,No,No,No,Two year,No,Mailed check,19.65,973.1,0,20.70425531914894,2-4yr
7030-NJVDP,0,Yes,No,24,Fiber optic,Yes,Yes,Month-to-month,Yes,Electronic check,89.25,2210.2,0,92.09166666666665,1-2yr
5536-RTPWK,0,Yes,No,49,Fiber optic,No,No,Month-to-month,Yes,Bank transfer,99.05,4853.75,1,99.0561224489796,4-6yr
8883-GRDWQ,1,No,No,20,DSL,Yes,Yes,One year,No,Mailed check,54.0,1055.9,0,52.795,1-2yr
6166-ILMNY,0,No,No,2,Fiber optic,No,No,Month-to-month,No,Bank transfer,69.75,144.55,1,72.275,0-1yr
3097-NNSPB,0,No,No,2,DSL,No,No,Month-to-month,Yes,Credit card,49.05,91.1,1,45.55,0-1yr
7771-ZONAT,0,No,No,22,DSL,No,Yes,Two year,No,Bank transfer,56.75,1304.85,0,59.31136363636363,1-2yr
0655-RBDUG,0,No,No,7,Fiber optic,No,No,Month-to-month,Yes,Bank transfer,98.05,713.0,1,101.85714285714286,0-1yr
2111-DWYHN,0,No,No,1,No,No,No,Month-to-month,No,Mailed check,21.1,21.1,0,21.1,0-1yr
4194-WHFCB,0,Yes,Yes,59,Fiber optic,No,Yes,Month-to-month,Yes,Bank transfer,96.65,5580.8,0,94.58983050847458,4-6yr
4121-AGSIN,0,Yes,Yes,58,No,No,No,One year,Yes,Credit card,24.5,1497.9,0,25.82586206896552,4-6yr
4361-BKAXE,0,No,No,41,Fiber optic,Yes,Yes,Month-to-month,Yes,Bank transfer,114.5,4527.45,1,110.42560975609756,2-4yr
9845-PEEKO,1,No,No,59,Fiber optic,No,No,Two year,Yes,Credit card,79.2,4590.35,0,77.80254237288136,4-6yr
0455-XFASS,0,Yes,Yes,3,Fiber optic,No,No,Month-to-month,Yes,Electronic check,69.55,200.2,0,66.73333333333333,0-1yr
0301-KOBTQ,0,No,No,32,No,No,No,Two year,Yes,Bank transfer,20.05,614.45,0,19.2015625,2-4yr
1751-NCDLI,1,Yes,No,46,Fiber optic,No,No,Month-to-month,Yes,Electronic check,98.85,4564.9,0,99.23695652173912,2-4yr
4367-NUYAO,0,Yes,Yes,0,No,No,No,Two year,No,Mailed check,25.75,0.0,0,0.0,
9878-TNQGW,0,No,No,2,Fiber optic,No,No,Month-to-month,Yes,Electronic check,80.95,171.15,1,85.575,0-1yr
9170-ARBTB,0,Yes,Yes,52,No,No,No,One year,No,Credit card,19.6,1012.4,0,19.46923076923077,4-6yr
4441-NIHPT,1,No,No,13,Fiber optic,No,No,Month-to-month,Yes,Electronic check,74.3,940.35,1,72.33461538461539,1-2yr
8999-BOHSE,1,No,No,11,Fiber optic,No,No,Month-to-month,No,Bank transfer,89.7,1047.7,1,95.24545454545455,0-1yr
7241-AJHFS,0,No,No,32,Fiber optic,Yes,Yes,Month-to-month,No,Bank transfer,87.65,2766.4,0,86.45,2-4yr
7029-RPUAV,1,Yes,No,17,Fiber optic,No,No,Month-to-month,Yes,Credit card,100.45,1622.45,1,95.43823529411765,1-2yr
4546-FOKWR,0,No,No,16,Fiber optic,No,No,Month-to-month,Yes,Credit card,74.75,1129.35,0,70.584375,1-2yr
9036-CSKBW,0,No,No,51,Fiber optic,Yes,No,One year,No,Bank transfer,107.45,5680.9,0,111.39019607843136,4-6yr
5832-TRLPB,0,No,No,29,DSL,No,Yes,One year,Yes,Bank transfer,75.35,2243.9,0,77.37586206896552,2-4yr
8590-YFFQO,0,Yes,No,70,DSL,Yes,Yes,Two year,No,Credit card,64.95,4523.25,0,64.61785714285715,4-6yr
8659-IOOPU,0,Yes,Yes,71,Fiber optic,Yes,Yes,Two year,No,Electronic check,100.45,7159.7,0,100.84084507042253,4-6yr
1338-CECEE,0,Yes,Yes,41,DSL,No,No,One year,No,Bank transfer,68.5,2839.95,0,69.2670731707317,2-4yr
7439-DKZTW,0,No,No,1,Fiber optic,No,No,Month-to-month,Yes,Electronic check,80.55,80.55,0,80.55,0-1yr
4646-QZXTF,0,Yes,No,7,DSL,Yes,Yes,Month-to-month,No,Bank transfer,81.25,580.1,0,82.87142857142858,0-1yr
4607-CHPCA,0,Yes,Yes,25,Fiber optic,No,No,One year,Yes,Electronic check,90.4,2178.6,1,87.14399999999999,2-4yr
9742-XOKTS,0,Yes,Yes,67,Fiber optic,Yes,Yes,One year,No,Electronic check,89.55,6038.55,0,90.12761194029851,4-6yr
6921-OZMFH,0,Yes,Yes,5,DSL,No,Yes,Month-to-month,Yes,Mailed check,55.7,259.4,0,51.879999999999995,0-1yr
9578-FOMUK,0,No,Yes,15,No,No,No,Month-to-month,Yes,Electronic check,24.8,324.15,0,21.61,1-2yr
4712-UYOOI,0,Yes,Yes,20,No,No,No,Month-to-month,No,Electronic check,20.0,417.65,0,20.8825,1-2yr
8824-RWFXJ,0,Yes,Yes,3,DSL,No,No,Month-to-month,Yes,Mailed check,56.15,168.15,1,56.050000000000004,0-1yr
7722-CVFXN,0,Yes,Yes,54,Fiber optic,No,Yes,One year,Yes,Electronic check,105.2,5637.85,0,104.40462962962964,4-6yr
8717-VCTXJ,0,No,No,42,No,No,No,One year,Yes,Mailed check,19.55,839.4,0,19.985714285714284,2-4yr
7363-QTBIW,0,Yes,No,9,Fiber optic,No,No,Month-to-month,Yes,Electronic check,79.75,769.1,0,85.45555555555556,0-1yr
4159-NAAIX,0,No,No,63,Fiber optic,No,No,Two year,No,Bank transfer,97.45,6253.0,0,99.25396825396825,4-6yr
0971-QIFJK,0,Yes,No,69,No,No,No,Two year,No,Bank transfer,24.25,1641.8,0,23.794202898550726,4-6yr
9397-TZSHA,0,No,No,69,No,No,No,Two year,No,Credit card,24.6,1678.05,0,24.319565217391304,4-6yr
3391-JSQEW,0,Yes,No,40,DSL,No,No,Month-to-month,Yes,Mailed check,50.15,2058.5,0,51.4625,2-4yr
0343-QLUZP,0,No,No,60,DSL,Yes,No,Two year,No,Bank transfer,39.6,2424.5,0,40.40833333333333,4-6yr
9763-PDTKK,0,No,No,4,Fiber optic,Yes,Yes,Month-to-month,Yes,Bank transfer,94.4,387.2,1,96.8,0-1yr
2176-LVPNX,1,No,No,71,DSL,Yes,Yes,Two year,No,Mailed check,89.85,6293.45,0,88.64014084507042,4-6yr
7627-JKIAZ,0,Yes,No,37,Fiber optic,No,No,Month-to-month,Yes,Credit card,78.95,2839.65,1,76.7472972972973,2-4yr
3312-UUMZW,0,Yes,No,32,Fiber optic,No,No,Month-to-month,Yes,Credit card,98.85,3145.9,0,98.309375,2-4yr
1271-UODNO,0,No,No,39,DSL,No,Yes,Two year,Yes,Credit card,53.85,2200.7,0,56.42820512820512,2-4yr
8461-EFQYM,0,No,No,38,No,No,No,One year,Yes,Electronic check,24.25,914.4,0,24.063157894736843,2-4yr
6900-RBKER,0,No,No,52,Fiber optic,No,No,Two year,Yes,Credit card,89.45,4577.75,0,88.03365384615384,4-6yr
6891-JPYFF,0,Yes,Yes,48,Fiber optic,Yes,No,Month-to-month,Yes,Credit card,105.25,4997.5,0,104.11458333333333,2-4yr
1459-QNFQT,0,Yes,Yes,70,DSL,Yes,Yes,Two year,No,Bank transfer,59.5,4144.8,0,59.21142857142858,4-6yr
1047-NNCBF,0,No,No,20,Fiber optic,No,No,Month-to-month,No,Credit card,70.55,1493.55,0,74.6775,1-2yr
3696-XRIEN,0,No,No,50,DSL,Yes,Yes,One year,Yes,Credit card,82.5,4179.1,0,83.58200000000001,4-6yr
4081-DYXAV,0,No,No,19,DSL,No,No,One year,Yes,Credit card,44.85,893.55,1,47.02894736842105,1-2yr
0074-HDKDG,0,Yes,Yes,25,DSL,Yes,No,One year,Yes,Bank transfer,61.6,1611.0,0,64.44,2-4yr
8791-GFXLZ,0,No,No,12,DSL,No,No,Month-to-month,Yes,Bank transfer,49.05,593.05,0,49.42083333333333,0-1yr
8111-SLLHI,1,Yes,No,39,Fiber optic,No,No,Month-to-month,Yes,Electronic check,105.65,4284.8,1,109.86666666666667,2-4yr
0927-LCSMG,0,No,No,7,Fiber optic,No,No,Month-to-month,No,Mailed check,74.65,544.55,1,77.79285714285713,0-1yr
9330-DHBFL,0,Yes,Yes,23,DSL,Yes,Yes,One year,Yes,Mailed check,66.25,1533.8,0,66.68695652173913,1-2yr
0098-BOWSO,0,No,No,27,No,No,No,Month-to-month,Yes,Electronic check,19.4,529.8,0,19.62222222222222,2-4yr
3452-ABWRL,1,No,No,47,Fiber optic,No,No,Month-to-month,Yes,Credit card,86.05,3865.6,0,82.2468085106383,2-4yr
5859-HZYLF,0,Yes,Yes,26,No,No,No,Two year,Yes,Credit card,19.15,515.75,0,19.83653846153846,2-4yr
8257-RZAHR,0,Yes,No,14,DSL,Yes,No,Month-to-month,Yes,Bank transfer,64.7,941.0,1,67.21428571428571,1-2yr
5293-WXJAK,1,Yes,No,11,Fiber optic,No,Yes,Month-to-month,Yes,Bank transfer,104.05,1133.65,1,103.05909090909091,0-1yr
3156-QLHBO,0,No,Yes,2,No,No,No,Month-to-month,No,Mailed check,19.25,48.35,0,24.175,0-1yr
2208-NQBCT,0,Yes,Yes,26,Fiber optic,Yes,No,Month-to-month,No,Electronic check,81.95,2070.05,0,79.6173076923077,2-4yr
1779-PWPMG,1,Yes,No,72,Fiber optic,Yes,Yes,Two year,Yes,Bank transfer,114.65,8333.95,0,115.74930555555557,4-6yr
6621-NRZAK,0,Yes,Yes,63,No,No,No,Two year,No,Credit card,20.0,1209.25,0,19.194444444444443,4-6yr
0831-JNISG,0,Yes,Yes,71,No,No,No,Two year,No,Mailed check,19.8,1396.25,0,19.66549295774648,4-6yr
0774-IFUVM,0,Yes,Yes,11,DSL,Yes,No,Month-to-month,Yes,Bank transfer,65.15,723.35,0,65.75909090909092,0-1yr
3082-WQRVY,1,Yes,No,14,No,No,No,One year,No,Mailed check,19.65,228.65,0,16.33214285714286,1-2yr
9553-DLCLU,0,No,Yes,13,DSL,Yes,Yes,Two year,No,Credit card,88.95,1161.75,0,89.36538461538461,1-2yr
1641-BYBTK,0,No,Yes,6,No,No,No,Month-to-month,Yes,Mailed check,20.2,98.35,0,16.391666666666666,0-1yr
2460-NGXBJ,1,Yes,Yes,11,Fiber optic,No,No,Month-to-month,Yes,Credit card,75.2,775.3,0,70.48181818181818,0-1yr
2446-ZKVAF,0,Yes,No,18,DSL,No,No,Month-to-month,No,Credit card,56.8,1074.65,0,59.70277777777778,1-2yr
0841-NULXI,0,No,No,1,DSL,No,No,Month-to-month,Yes,Electronic check,35.55,35.55,1,35.55,0-1yr
3522-CDKHF,0,Yes,No,32,Fiber optic,Yes,No,Month-to-month,Yes,Bank transfer,75.5,2324.7,0,72.646875,2-4yr
1430-SFQSA,0,No,No,29,DSL,Yes,Yes,One year,No,Mailed check,35.6,1072.6,0,36.98620689655172,2-4yr
0411-EZJZE,0,No,No,3,DSL,No,No,Month-to-month,Yes,Electronic check,60.25,170.5,0,56.833333333333336,0-1yr
7851-WZEKY,0,No,No,2,Fiber optic,No,No,Month-to-month,Yes,Electronic check,95.15,196.9,1,98.45,0-1yr
8844-TONUD,0,Yes,Yes,13,Fiber optic,No,No,Month-to-month,Yes,Mailed check,96.65,1162.85,1,89.44999999999999,1-2yr
8807-ARQET,0,No,No,41,DSL,No,No,Month-to-month,Yes,Electronic check,40.35,1677.85,0,40.923170731707316,2-4yr
8992-CEUEN,0,No,No,1,No,No,No,Month-to-month,No,Electronic check,18.85,18.85,0,18.85,0-1yr
4320-QMLLA,0,No,No,7,DSL,No,No,Month-to-month,No,Mailed check,54.85,370.4,0,52.91428571428571,0-1yr
8777-PVYGU,0,Yes,No,52,DSL,Yes,No,One year,Yes,Mailed check,64.3,3410.6,0,65.58846153846153,4-6yr
8292-ITGYJ,0,Yes,Yes,45,No,No,No,Two year,Yes,Bank transfer,24.65,1138.8,0,25.306666666666665,2-4yr
6870-ZWMNX,0,Yes,No,70,DSL,No,Yes,Two year,No,Credit card,76.1,5264.25,0,75.20357142857142,4-6yr
0621-CXBKL,0,No,No,53,No,No,No,Two year,No,Mailed check,18.7,1005.7,0,18.975471698113207,4-6yr
5268-DSMNQ,1,Yes,No,62,Fiber optic,No,No,One year,Yes,Credit card,97.95,5936.55,0,95.7508064516129,4-6yr
5334-JLAXU,0,Yes,No,60,Fiber optic,Yes,No,Month-to-month,Yes,Credit card,94.1,5475.9,0,91.265,4-6yr
4086-YQSNZ,1,Yes,No,3,Fiber optic,No,No,Month-to-month,Yes,Electronic check,80.4,224.05,1,74.68333333333334,0-1yr
6242-MBHPK,1,Yes,No,23,Fiber optic,Yes,No,Month-to-month,Yes,Electronic check,95.1,2326.05,0,101.13260869565218,1-2yr
5868-CZJDR,0,No,Yes,1,DSL,No,No,Month-to-month,Yes,Mailed check,31.35,31.35,1,31.35,0-1yr
9359-UGBTK,0,No,No,67,DSL,Yes,Yes,One year,Yes,Bank transfer,72.35,4991.5,0,74.5,4-6yr
0135-NMXAP,0,No,No,12,Fiber optic,No,No,Month-to-month,Yes,Bank transfer,89.75,1052.4,1,87.7,0-1yr
4782-OSFXZ,1,Yes,No,71,DSL,Yes,Yes,Two year,Yes,Bank transfer,82.7,5831.2,0,82.12957746478872,4-6yr
6479-OAUSD,0,No,No,25,No,No,No,One year,No,Credit card,19.9,510.8,0,20.432000000000002,2-4yr
7129-ACFOG,0,No,No,5,DSL,Yes,No,Month-to-month,Yes,Electronic check,53.8,283.95,0,56.79,0-1yr
4189-NAKJS,0,No,No,26,DSL,No,No,One year,Yes,Credit card,51.55,1295.4,0,49.823076923076925,2-4yr
5562-BETPV,0,Yes,Yes,1,No,No,No,One year,No,Mailed check,19.65,19.65,0,19.65,0-1yr
1282-IHQAC,1,No,No,70,DSL,No,No,One year,Yes,Credit card,44.05,3011.65,0,43.02357142857143,4-6yr
9127-FHJBZ,0,Yes,Yes,72,Fiber optic,Yes,Yes,Two year,Yes,Electronic check,114.0,8093.15,0,112.4048611111111,4-6yr
6270-OMFIW,0,Yes,No,60,Fiber optic,No,No,One year,Yes,Electronic check,94.4,5610.25,1,93.50416666666666,4-6yr
1641-RQDAY,1,Yes,Yes,32,Fiber optic,No,No,Month-to-month,Yes,Electronic check,100.4,3217.65,0,100.5515625,2-4yr
0107-WESLM,0,No,No,1,No,No,No,Month-to-month,Yes,Electronic check,19.85,19.85,1,19.85,0-1yr
6994-ORCWG,0,No,No,14,DSL,No,No,One year,Yes,Mailed check,54.25,773.2,0,55.228571428571435,1-2yr
1346-UFHAX,0,No,No,13,Fiber optic,Yes,No,Month-to-month,Yes,Credit card,80.0,1029.35,0,79.18076923076923,1-2yr
3992-YWPKO,0,No,No,6,Fiber optic,No,Yes,Month-to-month,Yes,Credit card,109.9,669.45,1,111.575,0-1yr
2933-XEUJM,0,No,No,46,DSL,Yes,No,Two year,No,Mailed check,79.2,3593.8,0,78.12608695652175,2-4yr
0125-LZQXK,0,No,No,15,Fiber optic,No,Yes,Month-to-month,Yes,Electronic check,101.35,1553.95,1,103.59666666666666,1-2yr
5461-QKNTN,1,Yes,No,43,Fiber optic,No,Yes,Month-to-month,Yes,Electronic check,94.3,3953.15,0,91.93372093023255,2-4yr
4835-YSJMR,0,No,No,39,DSL,No,Yes,Two year,Yes,Bank transfer,49.8,1971.15,0,50.542307692307695,2-4yr
8399-YNDCH,1,No,No,21,DSL,No,No,Month-to-month,Yes,Bank transfer,60.05,1236.15,1,58.86428571428572,1-2yr
3164-YAXFY,0,No,No,57,DSL,Yes,No,Month-to-month,Yes,Electronic check,53.75,3196.0,0,56.07017543859649,4-6yr
0887-WBJVH,0,Yes,No,53,Fiber optic,No,Yes,One year,Yes,Electronic check,93.45,4872.2,0,91.92830188679245,4-6yr
4660-IRIBM,0,Yes,Yes,18,Fiber optic,Yes,No,Month-to-month,Yes,Mailed check,87.9,1500.5,0,83.36111111111111,1-2yr
5673-FSSMF,0,No,No,1,DSL,No,No,Month-to-month,Yes,Electronic check,60.15,60.15,1,60.15,0-1yr
7670-ZBPOQ,0,Yes,No,58,DSL,Yes,Yes,One year,Yes,Bank transfer,61.05,3478.75,0,59.97844827586207,4-6yr
8089-UZWLX,1,No,No,71,Fiber optic,No,No,Two year,No,Bank transfer,104.05,7413.55,0,104.41619718309859,4-6yr
0080-OROZO,0,No,No,35,Fiber optic,No,Yes,One year,Yes,Electronic check,99.25,3532.0,0,100.91428571428571,2-4yr
3916-NRPAP,0,No,No,3,Fiber optic,No,No,Month-to-month,No,Credit card,85.7,256.75,0,85.58333333333333,0-1yr
6807-SIWJI,0,No,No,38,Fiber optic,Yes,No,One year,Yes,Electronic check,104.85,3887.25,0,102.29605263157895,2-4yr
8221-HVAYI,0,Yes,Yes,35,DSL,Yes,Yes,Two year,Yes,Credit card,69.15,2490.15,0,71.14714285714285,2-4yr
1579-KLYDT,0,No,No,7,Fiber optic,No,No,Month-to-month,Yes,Electronic check,90.45,593.45,1,84.77857142857144,0-1yr
5232-NXPAY,0,No,No,47,DSL,No,Yes,Two year,No,Mailed check,74.45,3510.3,0,74.6872340425532,2-4yr
8967-SZQAS,0,No,No,14,DSL,No,No,Month-to-month,No,Electronic check,50.45,765.45,0,54.675000000000004,1-2yr
4468-KAZHE,1,Yes,No,20,DSL,No,No,Month-to-month,Yes,Electronic check,60.0,1259.35,0,62.967499999999994,1-2yr
0455-ENTCR,0,Yes,No,66,DSL,Yes,Yes,Two year,No,Electronic check,85.25,5538.35,0,83.91439393939395,4-6yr
8944-AILEF,0,Yes,No,15,No,No,No,Month-to-month,Yes,Credit card,19.45,340.85,0,22.723333333333336,1-2yr
5542-NKVRU,0,No,No,42,No,No,No,Two year,Yes,Bank transfer,20.75,844.45,0,20.10595238095238,2-4yr
7126-RBHSD,0,Yes,No,17,Fiber optic,Yes,No,Month-to-month,No,Electronic check,78.9,1348.95,0,79.35000000000001,1-2yr
5370-IIVVL,0,No,No,37,Fiber optic,No,Yes,One year,Yes,Credit card,104.5,3778.0,0,102.10810810810811,2-4yr
6789-HJBWG,0,No,No,12,DSL,No,No,Month-to-month,Yes,Electronic check,49.4,611.65,0,50.97083333333333,0-1yr
3927-NLNRY,0,Yes,No,53,Fiber optic,No,No,One year,Yes,Bank transfer,94.25,4867.95,1,91.84811320754717,4-6yr
9087-EYCPR,0,No,No,60,No,No,No,Two year,No,Mailed check,25.0,1505.05,0,25.084166666666665,4-6yr
6791-YBNAK,0,Yes,Yes,18,DSL,No,No,Month-to-month,No,Credit card,25.55,467.85,0,25.991666666666667,1-2yr
6358-LYNGM,0,No,No,1,Fiber optic,No,No,Month-to-month,Yes,Electronic check,74.9,74.9,1,74.9,0-1yr
6077-BDPXA,0,No,No,3,Fiber optic,No,No,Month-to-month,Yes,Electronic check,70.15,194.2,0,64.73333333333333,0-1yr
0013-MHZWF,0,No,Yes,9,DSL,No,Yes,Month-to-month,Yes,Credit card,69.4,571.45,0,63.49444444444445,0-1yr
5494-HECPR,0,No,No,1,Fiber optic,No,No,Month-to-month,Yes,Electronic check,80.25,80.25,1,80.25,0-1yr
8268-YDIXR,0,Yes,No,56,Fiber optic,Yes,No,One year,Yes,Electronic check,93.15,5253.95,0,93.82053571428571,4-6yr
9824-BEMCV,0,Yes,Yes,17,Fiber optic,No,No,Month-to-month,Yes,Electronic check,69.0,1149.65,1,67.62647058823529,1-2yr
1373-ORVIZ,0,Yes,Yes,11,DSL,No,Yes,Month-to-month,Yes,Electronic check,66.35,740.8,1,67.34545454545454,0-1yr
4291-SHSBH,0,No,No,7,Fiber optic,No,No,Month-to-month,Yes,Electronic check,69.55,521.35,0,74.47857142857143,0-1yr
6980-IMXXE,0,Yes,Yes,69,No,No,No,Two year,No,Bank transfer,20.2,1412.65,0,20.473188405797103,4-6yr
9866-QEVEE,0,No,No,19,Fiber optic,No,No,Month-to-month,Yes,Bank transfer,86.0,1532.45,1,80.65526315789474,1-2yr
9897-KXHCM,0,Yes,Yes,3,Fiber optic,No,No,Month-to-month,Yes,Electronic check,80.3,250.05,1,83.35000000000001,0-1yr
0040-HALCW,0,Yes,Yes,54,No,No,No,Two year,No,Credit card,20.4,1090.6,0,20.196296296296296,4-6yr
0784-GTUUK,0,Yes,No,62,No,No,No,One year,Yes,Credit card,23.75,1446.8,0,23.335483870967742,4-6yr
7979-CORPM,0,No,No,24,Fiber optic,No,No,Month-to-month,Yes,Credit card,90.55,2282.55,1,95.10625,1-2yr
2294-DMMUS,0,Yes,Yes,62,DSL,No,No,Month-to-month,Yes,Credit card,70.45,4300.45,0,69.36209677419355,4-6yr
0872-JCPIB,0,No,No,17,DSL,Yes,No,Month-to-month,No,Bank transfer,65.75,1111.2,0,65.36470588235295,1-2yr
3055-MJDSB,0,No,No,9,DSL,No,No,Month-to-month,Yes,Mailed check,24.6,190.1,0,21.12222222222222,0-1yr
9091-WTUUY,0,Yes,Yes,64,DSL,Yes,Yes,Two year,No,Mailed check,69.25,4447.75,0,69.49609375,4-6yr
1618-CFHME,0,No,No,2,Fiber optic,No,No,Month-to-month,Yes,Electronic check,75.9,143.35,1,71.675,0-1yr
3165-HDOEW,0,Yes,Yes,1,DSL,No,No,Month-to-month,Yes,Mailed check,45.85,45.85,1,45.85,0-1yr
6581-NQCBA,0,Yes,No,16,DSL,No,Yes,Month-to-month,Yes,Electronic check,49.95,810.2,1,50.6375,1-2yr
7115-IRDHS,0,Yes,No,72,No,No,No,Two year,No,Bank transfer,24.65,1830.05,0,25.41736111111111,4-6yr
8496-DMZUK,0,No,No,30,Fiber optic,Yes,No,One year,No,Bank transfer,90.4,2820.65,0,94.02166666666668,2-4yr
2040-VZIKE,0,Yes,No,49,Fiber optic,Yes,No,Month-to-month,Yes,Mailed check,100.85,4847.35,0,98.92551020408165,4-6yr
9068-VPWQQ,0,Yes,No,61,DSL,Yes,Yes,Two year,No,Credit card,75.35,4729.3,0,77.52950819672131,4-6yr
0178-SZBHO,0,Yes,Yes,47,Fiber optic,No,No,Month-to-month,No,Electronic check,87.2,4017.45,0,85.47765957446808,2-4yr
0384-RVBPI,0,No,No,20,DSL,Yes,No,Month-to-month,No,Credit card,64.4,1398.6,0,69.92999999999999,1-2yr
1689-MRZQR,0,Yes,Yes,34,Fiber optic,No,No,Month-to-month,No,Electronic check,78.3,2564.3,1,75.42058823529412,2-4yr
1299-AURJA,0,Yes,Yes,70,No,No,No,Two year,No,Bank transfer,24.7,1685.9,0,24.084285714285716,4-6yr
4525-VZCZG,0,No,Yes,54,Fiber optic,Yes,Yes,One year,Yes,Electronic check,105.85,5826.65,0,107.90092592592592,4-6yr
1543-LLLFT,1,Yes,No,61,Fiber optic,No,Yes,One year,Yes,Mailed check,98.3,6066.55,0,99.4516393442623,4-6yr
5835-BEQEU,0,No,No,3,Fiber optic,No,No,Month-to-month,Yes,Electronic check,76.95,228.4,1,76.13333333333334,0-1yr
2788-CJQAQ,0,No,No,13,No,No,No,One year,No,Mailed check,19.45,270.2,0,20.784615384615385,1-2yr
5565-FILXA,1,No,No,16,Fiber optic,No,No,Month-to-month,Yes,Electronic check,96.15,1529.2,1,95.575,1-2yr
0319-QZTCO,0,Yes,Yes,3,DSL,No,No,Month-to-month,Yes,Credit card,58.7,168.6,0,56.199999999999996,0-1yr
2120-SMPEX,0,No,No,25,No,No,No,Month-to-month,Yes,Mailed check,20.15,536.35,0,21.454,2-4yr
0096-FCPUF,0,No,No,30,DSL,Yes,No,Month-to-month,Yes,Mailed check,64.5,1888.45,0,62.94833333333334,2-4yr
0668-OGMHD,0,Yes,No,21,DSL,Yes,No,Month-to-month,No,Electronic check,28.5,629.35,0,29.969047619047622,1-2yr
5552-ZNFSJ,0,No,No,1,DSL,No,No,Month-to-month,No,Electronic check,45.3,45.3,1,45.3,0-1yr
2223-KAGMX,0,No,No,15,No,No,No,Month-to-month,No,Bank transfer,19.4,289.3,1,19.28666666666667,1-2yr
6507-ZJSUR,1,Yes,No,23,Fiber optic,No,No,Month-to-month,Yes,Electronic check,90.45,2117.25,0,92.05434782608695,1-2yr
9408-HRXRK,0,Yes,Yes,45,Fiber optic,Yes,No,Month-to-month,Yes,Electronic check,105.15,4730.9,0,105.1311111111111,2-4yr
5593-SUAOO,0,Yes,Yes,24,Fiber optic,No,No,One year,No,Bank transfer,83.15,2033.05,0,84.71041666666666,1-2yr
7321-PKUYW,0,No,No,11,Fiber optic,No,Yes,Month-to-month,No,Electronic check,90.15,987.95,1,89.81363636363636,0-1yr
2833-SLKDQ,0,No,No,1,DSL,No,No,Month-to-month,No,Mailed check,45.05,45.05,1,45.05,0-1yr
6766-HFKLA,0,Yes,No,56,Fiber optic,No,Yes,Two year,No,Bank transfer,103.2,5744.35,0,102.57767857142858,4-6yr
7595-EUIVN,0,No,No,1,Fiber optic,No,No,Month-to-month,No,Electronic check,75.8,75.8,1,75.8,0-1yr
7617-EYGLW,0,No,No,1,No,No,No,Month-to-month,No,Electronic check,19.45,19.45,0,19.45,0-1yr
2026-TGDHM,0,No,No,7,Fiber optic,No,No,Month-to-month,Yes,Electronic check,79.3,523.15,1,74.73571428571428,0-1yr
9220-ZNKJI,1,Yes,No,55,Fiber optic,No,Yes,Two year,No,Credit card,88.8,4805.3,0,87.36909090909091,4-6yr
4030-VPZBD,0,No,No,2,DSL,No,Yes,Month-to-month,Yes,Electronic check,30.9,59.05,1,29.525,0-1yr
2226-ICFDO,0,Yes,Yes,72,DSL,Yes,Yes,Two year,Yes,Credit card,85.9,6110.75,0,84.87152777777777,4-6yr
0723-VSOBE,1,No,No,45,DSL,No,No,One year,No,Electronic check,34.2,1596.6,0,35.48,2-4yr
5529-GIBVH,0,No,No,47,No,No,No,Two year,No,Mailed check,20.15,1046.2,0,22.25957446808511,2-4yr
4187-CINZD,1,No,No,46,Fiber optic,No,No,One year,No,Credit card,95.25,4424.2,1,96.17826086956521,2-4yr
9992-UJOEL,0,No,No,2,DSL,No,No,Month-to-month,Yes,Mailed check,50.3,92.75,0,46.375,0-1yr
4741-WWJQZ,0,Yes,No,2,Fiber optic,Yes,Yes,Month-to-month,Yes,Electronic check,80.15,194.55,0,97.275,0-1yr
6625-UTXEW,0,Yes,No,12,DSL,No,No,Month-to-month,Yes,Electronic check,51.25,612.1,0,51.00833333333333,0-1yr
6818-WOBHJ,1,Yes,No,68,Fiber optic,No,No,Month-to-month,Yes,Bank transfer,89.6,6127.6,1,90.11176470588236,4-6yr
6244-BESBM,0,Yes,Yes,69,Fiber optic,No,Yes,Two year,Yes,Credit card,95.2,6671.7,0,96.69130434782609,4-6yr
1004-NOZNR,1,No,Yes,56,Fiber optic,Yes,No,One year,No,Credit card,94.8,5264.3,0,94.00535714285715,4-6yr
1251-STYSZ,1,No,No,4,Fiber optic,Yes,No,Month-to-month,Yes,Electronic check,80.25,303.7,0,75.925,0-1yr
2612-PHGOX,0,Yes,No,64,DSL,No,Yes,Two year,Yes,Bank transfer,76.1,4818.8,0,75.29375,4-6yr
2408-TZMJL,0,Yes,No,59,Fiber optic,Yes,No,One year,Yes,Electronic check,110.15,6448.05,1,109.28898305084746,4-6yr
8480-PPONV,0,Yes,Yes,62,Fiber optic,Yes,Yes,Two year,No,Bank transfer,115.55,7159.05,0,115.46854838709677,4-6yr
8780-IHCRN,0,Yes,Yes,63,No,No,No,Two year,No,Credit card,24.65,1574.5,0,24.99206349206349,4-6yr
4598-ZADCK,0,No,No,53,DSL,Yes,Yes,One year,Yes,Electronic check,53.6,2879.2,0,54.32452830188679,4-6yr
1257-SXUXQ,0,Yes,Yes,5,No,No,No,Month-to-month,No,Mailed check,19.45,86.05,0,17.21,0-1yr
9681-KYGYB,1,Yes,No,49,Fiber optic,Yes,No,Month-to-month,Yes,Electronic check,88.2,4159.45,0,84.88673469387754,4-6yr
7182-OVLBJ,0,Yes,Yes,62,Fiber optic,Yes,No,Two year,Yes,Bank transfer,101.15,6638.35,0,107.07016129032259,4-6yr
5095-ETBRJ,0,Yes,No,55,DSL,Yes,Yes,Two year,No,Mailed check,56.8,3112.05,0,56.582727272727276,4-6yr
7005-CYUIL,1,Yes,No,71,Fiber optic,Yes,Yes,Two year,Yes,Electronic check,99.4,7168.25,0,100.96126760563381,4-6yr
4821-WQOYN,0,Yes,Yes,72,No,No,No,Two year,Yes,Credit card,20.1,1326.25,0,18.42013888888889,4-6yr
4730-AWNAU,0,Yes,Yes,36,DSL,Yes,Yes,One year,No,Credit card,60.7,2234.55,0,62.07083333333334,2-4yr
3452-FLHYD,0,Yes,No,25,No,No,No,One year,Yes,Bank transfer,20.95,495.15,0,19.805999999999997,2-4yr
2388-LAESQ,1,Yes,No,72,Fiber optic,Yes,Yes,Two year,Yes,Bank transfer,114.85,8317.95,0,115.52708333333334,4-6yr
9531-NSBMR,0,No,No,36,No,No,No,One year,Yes,Bank transfer,19.25,679.8,0,18.883333333333333,2-4yr
6260-ONULR,0,No,No,1,DSL,No,No,Month-to-month,Yes,Mailed check,62.8,62.8,0,62.8,0-1yr
4389-UEFCZ,0,Yes,No,72,Fiber optic,Yes,No,Two year,Yes,Electronic check,105.5,7544.0,0,104.77777777777777,4-6yr
8711-LOBKY,0,Yes,Yes,59,No,No,No,Two year,No,Mailed check,19.85,1188.25,0,20.139830508474578,4-6yr
9134-CEQMF,1,Yes,No,7,Fiber optic,No,No,Month-to-month,Yes,Electronic check,89.5,676.7,1,96.67142857142858,0-1yr
8985-OOPOS,0,No,No,1,DSL,No,Yes,One year,No,Credit card,74.1,74.1,0,74.1,0-1yr
8800-ZKRFW,0,Yes,Yes,30,Fiber optic,No,Yes,Month-to-month,Yes,Electronic check,107.5,3242.5,0,108.08333333333333,2-4yr
2616-FLVQC,0,No,No,64,No,No,No,Two year,No,Mailed check,19.55,1240.15,0,19.37734375,4-6yr
9968-FFVVH,0,No,No,63,DSL,Yes,Yes,One year,No,Bank transfer,68.8,4111.35,0,65.25952380952381,4-6yr
3108-PCCGG,1,Yes,No,72,DSL,Yes,No,Two year,No,Credit card,84.45,5899.85,0,81.94236111111111,4-6yr
7993-PYKOF,0,Yes,No,8,Fiber optic,Yes,No,Month-to-month,No,Electronic check,75.0,632.95,1,79.11875,0-1yr
8390-FESFV,0,No,No,62,DSL,No,Yes,Two year,No,Bank transfer,84.5,5193.2,0,83.76129032258065,4-6yr
3022-BEXHZ,0,Yes,Yes,67,Fiber optic,No,Yes,Two year,Yes,Bank transfer,111.2,7530.8,0,112.4,4-6yr
5027-XWQHA,0,No,No,6,DSL,No,No,Month-to-month,No,Electronic check,44.75,270.95,1,45.15833333333333,0-1yr
6248-TKCQV,0,Yes,Yes,70,DSL,Yes,Yes,Two year,Yes,Bank transfer,80.6,5460.2,0,78.00285714285714,4-6yr
6729-GDNGC,1,No,No,20,Fiber optic,No,No,Month-to-month,No,Bank transfer,80.7,1614.2,0,80.71000000000001,1-2yr
6198-ZFIOJ,0,No,No,5,Fiber optic,No,No,Month-to-month,No,Electronic check,75.6,402.5,0,80.5,0-1yr
5989-OMNJE,0,Yes,Yes,24,DSL,Yes,No,One year,No,Electronic check,57.6,1367.75,0,56.989583333333336,1-2yr
4566-QVRRW,0,Yes,No,11,DSL,No,No,Month-to-month,Yes,Electronic check,44.05,483.7,1,43.97272727272727,0-1yr
1291-CUOCY,0,Yes,No,72,Fiber optic,No,Yes,Two year,Yes,Credit card,110.6,7962.2,0,110.58611111111111,4-6yr
9795-SHUHB,0,Yes,Yes,66,DSL,Yes,Yes,Two year,Yes,Credit card,58.2,3810.8,0,57.73939393939394,4-6yr
3230-IUALN,0,Yes,Yes,45,DSL,Yes,Yes,Two year,Yes,Mailed check,81.0,3533.6,0,78.52444444444444,2-4yr
0042-RLHYP,0,Yes,Yes,69,No,No,No,Two year,No,Bank transfer,19.7,1396.9,0,20.244927536231884,4-6yr
8519-IMDHU,1,Yes,No,15,Fiber optic,No,No,Month-to-month,Yes,Bank transfer,85.6,1345.55,1,89.70333333333333,1-2yr
4945-RVMTE,0,No,No,28,DSL,No,No,Month-to-month,Yes,Bank transfer,59.55,1646.45,0,58.801785714285714,2-4yr
0201-OAMXR,0,No,No,70,Fiber optic,Yes,Yes,One year,No,Credit card,115.55,8127.6,1,116.10857142857144,4-6yr
1866-NXPSP,0,No,No,36,DSL,Yes,Yes,One year,Yes,Mailed check,75.55,2680.15,0,74.44861111111112,2-4yr
3372-KWFBM,1,No,No,16,Fiber optic,No,No,Month-to-month,Yes,Electronic check,86.6,1281.0,1,80.0625,1-2yr
7831-QGOXH,0,No,No,18,Fiber optic,No,No,Month-to-month,Yes,Electronic check,85.2,1553.9,1,86.32777777777778,1-2yr
6393-WRYZE,0,Yes,No,34,Fiber optic,No,No,Month-to-month,Yes,Electronic check,97.65,3207.55,1,94.33970588235294,2-4yr
3941-XTSKM,0,Yes,Yes,42,DSL,No,No,One year,Yes,Credit card,45.1,2049.05,0,48.786904761904765,2-4yr
1661-CZBAU,0,No,No,48,DSL,Yes,Yes,One year,Yes,Bank transfer,70.95,3629.2,0,75.60833333333333,2-4yr
6599-RCLCJ,0,Yes,No,47,Fiber optic,No,Yes,Month-to-month,Yes,Electronic check,109.55,5124.55,1,109.03297872340426,2-4yr
9831-BPFRI,0,Yes,Yes,39,Fiber optic,No,Yes,One year,Yes,Electronic check,89.55,3474.45,1,89.08846153846153,2-4yr
5158-RIVOP,0,Yes,Yes,11,No,No,No,Two year,No,Credit card,20.9,202.3,0,18.39090909090909,0-1yr
9788-YTFGE,0,No,No,7,No,No,No,Month-to-month,Yes,Mailed check,19.95,147.5,0,21.071428571428573,0-1yr
9277-JOOMO,0,No,No,3,No,No,No,Month-to-month,No,Mailed check,24.6,86.35,0,28.78333333333333,0-1yr
1907-YLNYW,0,No,No,8,DSL,Yes,No,Month-to-month,Yes,Electronic check,66.7,579.0,0,72.375,0-1yr
1725-MIMXW,0,No,Yes,1,No,No,No,Month-to-month,Yes,Mailed check,19.45,19.45,1,19.45,0-1yr
8947-YRTDV,0,Yes,Yes,32,Fiber optic,Yes,No,One year,No,Mailed check,94.8,3131.55,0,97.8609375,2-4yr
3161-ONRWK,0,Yes,Yes,60,DSL,Yes,Yes,One year,Yes,Bank transfer,65.85,3928.3,0,65.47166666666666,4-6yr
0114-RSRRW,0,Yes,No,10,No,No,No,Month-to-month,Yes,Bank transfer,19.95,187.75,0,18.775,0-1yr
4565-NLZBV,0,Yes,No,71,No,No,No,Two year,Yes,Bank transfer,24.65,1710.15,0,24.086619718309862,4-6yr
0031-PVLZI,0,Yes,Yes,4,No,No,No,Month-to-month,No,Mailed check,20.35,76.35,1,19.0875,0-1yr
7206-GZCDC,1,No,No,1,Fiber optic,No,No,Month-to-month,Yes,Electronic check,69.25,69.25,1,69.25,0-1yr
6682-VCIXC,0,Yes,Yes,43,DSL,Yes,Yes,One year,Yes,Bank transfer,51.25,2151.6,0,50.03720930232558,2-4yr
4791-QRGMF,0,Yes,No,59,Fiber optic,No,No,One year,Yes,Bank transfer,99.5,5961.1,1,101.035593220339,4-6yr
6475-VHUIZ,0,Yes,No,23,DSL,No,Yes,Month-to-month,No,Electronic check,54.25,1221.55,0,53.11086956521739,1-2yr
3910-MRQOY,0,Yes,No,72,No,No,No,Two year,No,Bank transfer,19.4,1496.45,0,20.78402777777778,4-6yr
0661-WCQNQ,0,Yes,No,22,DSL,Yes,Yes,One year,Yes,Credit card,56.25,1292.2,0,58.73636363636364,1-2yr
7537-RBWEA,0,No,No,1,DSL,No,No,Month-to-month,Yes,Mailed check,25.15,25.15,0,25.15,0-1yr
4656-CAURT,0,No,No,69,No,No,No,Two year,No,Bank transfer,23.95,1713.1,0,24.827536231884057,4-6yr
0121-SNYRK,0,No,No,50,DSL,Yes,Yes,One year,Yes,Mailed check,35.4,1748.9,0,34.978,4-6yr
1768-ZAIFU,1,No,No,1,DSL,No,No,Month-to-month,Yes,Electronic check,25.2,25.2,1,25.2,0-1yr
4671-LXRDQ,0,No,No,2,DSL,No,No,Month-to-month,Yes,Mailed check,45.0,96.45,1,48.225,0-1yr
3733-LSYCE,0,Yes,No,15,Fiber optic,No,No,Month-to-month,No,Bank transfer,75.35,1114.55,0,74.30333333333333,1-2yr
6265-FRMTQ,0,No,No,31,No,No,No,Two year,No,Bank transfer,20.4,609.1,0,19.648387096774194,2-4yr
1934-SJVJK,0,No,No,1,No,No,No,Month-to-month,No,Mailed check,20.15,20.15,1,20.15,0-1yr
3838-OZURD,0,Yes,No,66,Fiber optic,No,No,Month-to-month,Yes,Credit card,105.0,7133.25,1,108.07954545454545,4-6yr
1371-DWPAZ,0,Yes,Yes,0,DSL,Yes,Yes,Two year,No,Credit card,56.05,0.0,0,0.0,
9269-CQOOL,0,No,Yes,3,DSL,No,No,Month-to-month,Yes,Credit card,54.7,169.45,1,56.48333333333333,0-1yr
2017-CCBLH,0,No,No,8,No,No,No,Two year,No,Mailed check,20.0,141.6,0,17.7,0-1yr
7690-KPNCU,0,Yes,Yes,64,DSL,Yes,No,One year,Yes,Credit card,73.05,4688.65,0,73.26015625,4-6yr
0536-BGFMZ,0,Yes,No,28,No,No,No,Month-to-month,No,Mailed check,20.5,563.05,0,20.10892857142857,2-4yr
2293-IJWPS,0,Yes,No,57,Fiber optic,No,No,One year,Yes,Credit card,100.75,5985.0,0,105.0,4-6yr
2845-HSJCY,0,Yes,Yes,14,Fiber optic,No,No,Month-to-month,Yes,Electronic check,87.25,1258.6,1,89.89999999999999,1-2yr
5469-NUJUR,0,No,No,19,No,No,No,Two year,Yes,Mailed check,19.95,373.5,0,19.657894736842106,1-2yr
1184-PJVDB,0,Yes,No,10,Fiber optic,No,No,Month-to-month,Yes,Electronic check,79.95,857.2,1,85.72,0-1yr
2625-TRCZQ,0,Yes,No,51,DSL,No,No,Month-to-month,Yes,Electronic check,49.65,2553.35,0,50.0656862745098,4-6yr
4102-HLENU,0,Yes,No,67,DSL,Yes,No,Two year,No,Mailed check,65.65,4322.85,0,64.52014925373135,4-6yr
7266-GSSJX,0,Yes,Yes,11,No,No,No,Month-to-month,Yes,Electronic check,20.45,250.8,0,22.8,0-1yr
7722-VJRQD,0,Yes,Yes,72,DSL,Yes,Yes,Two year,No,Bank transfer,60.95,4549.05,0,63.181250000000006,4-6yr
7073-QETQY,0,Yes,Yes,66,No,No,No,One year,Yes,Electronic check,20.35,1359.5,0,20.598484848484848,4-6yr
9415-DPEWS,0,No,No,18,Fiber optic,No,Yes,Month-to-month,Yes,Electronic check,88.35,1639.3,1,91.07222222222222,1-2yr
5624-RYAMH,0,No,No,9,No,No,No,Month-to-month,Yes,Electronic check,19.5,178.85,0,19.87222222222222,0-1yr
0196-JTUQI,0,No,No,9,Fiber optic,No,No,Month-to-month,Yes,Credit card,75.2,633.85,0,70.42777777777778,0-1yr
7130-YXBRO,0,Yes,No,48,Fiber optic,Yes,No,Month-to-month,Yes,Bank transfer,111.45,5315.1,0,110.73125,2-4yr
9272-LSVYH,0,No,No,10,Fiber optic,No,No,Month-to-month,No,Mailed check,70.15,735.5,0,73.55,0-1yr
7943-RQCHR,0,No,No,9,Fiber optic,No,No,Month-to-month,Yes,Electronic check,94.75,889.9,1,98.87777777777778,0-1yr
3793-MMFUH,1,No,No,13,Fiber optic,No,No,Month-to-month,Yes,Electronic check,95.05,1290.0,1,99.23076923076923,1-2yr
3249-ZPQRG,0,No,No,4,Fiber optic,No,No,Month-to-month,No,Electronic check,78.45,330.05,1,82.5125,0-1yr
2568-BRGYX,0,No,No,4,Fiber optic,No,No,Month-to-month,Yes,Electronic check,70.2,237.95,1,59.4875,0-1yr
3084-DOWLE,0,Yes,No,72,DSL,Yes,Yes,Two year,No,Bank transfer,92.0,6474.4,0,89.92222222222222,4-6yr
1084-MNSMJ,0,Yes,Yes,51,DSL,Yes,Yes,Two year,No,Credit card,85.5,4421.95,0,86.70490196078431,4-6yr
7721-JXEAW,0,Yes,No,59,DSL,No,No,Month-to-month,Yes,Bank transfer,41.05,2452.7,1,41.57118644067796,4-6yr
7249-WBIYX,0,Yes,No,10,Fiber optic,No,No,Month-to-month,Yes,Electronic check,85.6,813.85,1,81.385,0-1yr
4238-HFHSN,1,Yes,No,61,Fiber optic,No,No,Month-to-month,Yes,Electronic check,82.15,4904.85,0,80.40737704918034,4-6yr
6250-CGGUN,0,No,No,54,Fiber optic,Yes,Yes,One year,No,Electronic check,84.4,4484.05,0,83.03796296296296,4-6yr
5478-JJVZK,0,No,No,33,DSL,Yes,No,Month-to-month,Yes,Mailed check,60.9,2033.85,0,61.631818181818176,2-4yr
7596-IIWYC,0,No,No,27,No,No,No,Two year,Yes,Bank transfer,20.25,538.2,0,19.933333333333334,2-4yr
6567-HOOPW,1,No,No,1,Fiber optic,No,No,Month-to-month,Yes,Electronic check,79.2,79.2,1,79.2,0-1yr
9793-WECQC,0,No,No,23,Fiber optic,No,No,Month-to-month,No,Mailed check,95.3,2192.9,0,95.34347826086957,1-2yr
4291-HPAXL,0,No,Yes,1,No,No,No,Month-to-month,No,Mailed check,19.85,19.85,0,19.85,0-1yr
8999-YPYBV,0,Yes,Yes,45,DSL,Yes,Yes,Two year,Yes,Mailed check,84.35,3858.05,0,85.73444444444445,2-4yr
1839-FBNFR,0,Yes,Yes,39,No,No,No,Two year,Yes,Bank transfer,19.85,854.8,0,21.91794871794872,2-4yr
3164-AALRN,0,No,No,5,DSL,No,No,One year,Yes,Mailed check,70.0,347.4,1,69.47999999999999,0-1yr
3071-MVJCD,0,Yes,Yes,72,DSL,Yes,Yes,Two year,No,Bank transfer,82.3,5815.15,0,80.76597222222222,4-6yr
1697-BCSHV,0,Yes,Yes,58,DSL,No,No,Month-to-month,Yes,Bank transfer,66.8,3970.4,0,68.45517241379311,4-6yr
0562-KBDVM,0,No,No,70,DSL,Yes,Yes,Two year,Yes,Bank transfer,44.6,3058.15,0,43.68785714285715,4-6yr
1131-SUEKT,0,Yes,Yes,61,Fiber optic,No,Yes,One year,Yes,Bank transfer,98.45,6145.2,0,100.74098360655738,4-6yr
3717-OEAUQ,0,No,No,2,Fiber optic,No,No,Month-to-month,No,Mailed check,70.7,129.2,0,64.6,0-1yr
4538-WNTMJ,0,Yes,Yes,46,No,No,No,One year,No,Mailed check,24.95,1165.9,0,25.345652173913045,2-4yr
3334-CTHOL,0,No,No,1,DSL,No,No,Month-to-month,Yes,Bank transfer,49.95,49.95,1,49.95,0-1yr
4704-ERYFC,0,Yes,No,22,Fiber optic,No,No,Month-to-month,Yes,Electronic check,69.25,1554.0,1,70.63636363636364,1-2yr
9432-RUVSL,0,No,No,48,Fiber optic,Yes,Yes,Two year,Yes,Credit card,102.5,4904.25,0,102.171875,2-4yr
8060-HIWJJ,0,No,No,64,DSL,No,Yes,Two year,No,Credit card,86.55,5632.55,0,88.00859375,4-6yr
7684-XSZIY,0,Yes,Yes,72,No,No,No,Two year,No,Bank transfer,24.3,1643.25,0,22.822916666666668,4-6yr
9089-UOWJG,0,Yes,Yes,12,DSL,No,No,Month-to-month,Yes,Credit card,58.35,740.55,0,61.7125,0-1yr
8621-MNIHH,1,Yes,No,34,Fiber optic,No,No,Month-to-month,Yes,Electronic check,94.25,3217.55,1,94.63382352941177,2-4yr
8039-ACLPL,0,Yes,Yes,72,DSL,Yes,No,Two year,No,Credit card,68.75,4888.2,0,67.89166666666667,4-6yr
9885-AIBVB,0,Yes,No,29,Fiber optic,No,No,Month-to-month,Yes,Electronic check,85.8,2440.25,0,84.14655172413794,2-4yr
1934-MKPXS,0,Yes,Yes,33,No,No,No,One year,No,Credit card,20.1,620.55,0,18.804545454545455,2-4yr
2592-YKDIF,0,No,No,1,No,No,No,Month-to-month,No,Mailed check,20.35,20.35,0,20.35,0-1yr
2272-JKMSI,0,Yes,Yes,62,Fiber optic,No,Yes,One year,Yes,Electronic check,110.8,6840.95,0,110.33790322580644,4-6yr
0471-LVHGK,0,Yes,No,41,DSL,No,No,One year,Yes,Electronic check,73.0,3001.2,1,73.19999999999999,2-4yr
9518-RWHZL,0,No,No,64,Fiber optic,No,No,One year,Yes,Credit card,100.05,6254.2,1,97.721875,4-6yr
8714-CTZJW,0,No,No,4,Fiber optic,No,No,Month-to-month,Yes,Credit card,82.85,319.6,0,79.9,0-1yr
3569-EDBPQ,0,No,No,24,Fiber optic,Yes,Yes,Month-to-month,Yes,Electronic check,84.35,1938.05,0,80.75208333333333,1-2yr
3131-NWVFJ,0,Yes,Yes,14,No,No,No,One year,No,Mailed check,19.55,294.5,0,21.035714285714285,1-2yr
7521-YXVZY,0,No,Yes,3,No,No,No,Month-to-month,No,Mailed check,19.95,58.3,0,19.433333333333334,0-1yr
5419-CONWX,1,No,No,4,Fiber optic,No,No,Month-to-month,Yes,Credit card,99.8,442.85,1,110.7125,0-1yr
6240-EURKS,0,No,Yes,18,DSL,No,No,Month-to-month,Yes,Electronic check,35.0,553.0,1,30.72222222222222,1-2yr
2373-NTKOD,0,No,No,8,DSL,No,No,Month-to-month,Yes,Electronic check,66.25,546.45,0,68.30625,0-1yr
1970-KKFWL,0,No,No,35,No,No,No,Two year,No,Bank transfer,23.3,797.1,0,22.774285714285714,2-4yr
6960-HVYXR,0,No,No,1,Fiber optic,No,No,Month-to-month,No,Electronic check,76.0,76.0,1,76.0,0-1yr
9337-SRRNI,0,No,Yes,66,No,No,No,Two year,Yes,Credit card,25.3,1673.8,0,25.36060606060606,4-6yr
0895-UADGO,0,No,Yes,8,DSL,Yes,Yes,Two year,Yes,Mailed check,44.55,343.45,0,42.93125,0-1yr
5678-VFNEQ,0,Yes,No,71,Fiber optic,Yes,No,One year,Yes,Credit card,104.1,7412.25,0,104.39788732394366,4-6yr
5977-CKHON,0,Yes,Yes,43,Fiber optic,No,No,Month-to-month,Yes,Bank transfer,92.55,4039.0,0,93.93023255813954,2-4yr
7024-OHCCK,1,No,No,2,Fiber optic,No,No,Month-to-month,Yes,Electronic check,93.85,170.85,1,85.425,0-1yr
2692-BUCFV,1,No,No,29,Fiber optic,No,No,Month-to-month,Yes,Bank transfer,101.45,2948.6,0,101.67586206896551,2-4yr
7861-UVUFT,0,Yes,No,15,Fiber optic,No,No,Month-to-month,Yes,Electronic check,84.3,1308.4,1,87.22666666666667,1-2yr
1830-GGFNM,0,Yes,Yes,65,Fiber optic,Yes,Yes,Two year,No,Credit card,94.55,6078.75,0,93.51923076923077,4-6yr
5302-BDJNT,0,No,No,35,Fiber optic,No,Yes,Month-to-month,No,Electronic check,95.5,3418.2,0,97.66285714285713,2-4yr
5223-UZAVK,0,No,No,64,Fiber optic,Yes,No,One year,Yes,Credit card,100.3,6603.8,0,103.184375,4-6yr
4859-ZSRDZ,0,Yes,Yes,58,DSL,No,Yes,Two year,Yes,Credit card,55.5,3166.9,0,54.601724137931036,4-6yr
5651-WYIPH,1,No,No,18,DSL,No,No,Month-to-month,Yes,Credit card,49.85,865.75,0,48.09722222222222,1-2yr
9350-VLHMB,0,Yes,Yes,67,Fiber optic,No,No,Month-to-month,Yes,Bank transfer,89.55,6373.1,0,95.12089552238807,4-6yr
3498-LZGQZ,0,Yes,Yes,63,No,No,No,Two year,Yes,Mailed check,19.15,1177.05,0,18.683333333333334,4-6yr
8785-CJSHH,0,Yes,No,60,Fiber optic,No,No,Month-to-month,Yes,Electronic check,99.8,5985.75,0,99.7625,4-6yr
5357-TZHPP,1,No,No,9,Fiber optic,No,No,Month-to-month,Yes,Credit card,84.4,732.5,1,81.38888888888889,0-1yr
3870-SPZSI,0,Yes,Yes,70,Fiber optic,Yes,Yes,Two year,Yes,Credit card,113.05,7869.05,0,112.415,4-6yr
0680-DFNNY,0,Yes,No,15,Fiber optic,No,No,Month-to-month,Yes,Electronic check,101.1,1504.05,1,100.27,1-2yr
7560-QRBXH,0,No,Yes,48,No,No,No,One year,No,Mailed check,19.95,936.7,0,19.514583333333334,2-4yr
7077-XJMET,0,Yes,No,12,DSL,No,Yes,Month-to-month,Yes,Electronic check,74.15,741.4,0,61.78333333333333,0-1yr
8752-GHJFU,1,Yes,No,71,Fiber optic,Yes,Yes,One year,Yes,Electronic check,92.0,6585.2,0,92.74929577464789,4-6yr
6896-SRVYQ,1,No,No,44,Fiber optic,No,No,Month-to-month,No,Electronic check,73.85,3122.4,0,70.96363636363637,2-4yr
7767-UXAGJ,0,No,No,1,DSL,No,No,Month-to-month,Yes,Electronic check,50.45,50.45,1,50.45,0-1yr
4652-ODEVH,0,Yes,Yes,45,No,No,No,Two year,No,Mailed check,24.45,1088.25,0,24.183333333333334,2-4yr
6510-UPNKS,0,No,No,23,No,No,No,One year,No,Credit card,24.8,615.35,0,26.754347826086956,1-2yr
6718-BDGHG,0,Yes,No,43,DSL,No,Yes,One year,Yes,Bank transfer,64.85,2908.2,0,67.63255813953488,2-4yr
9046-DQMTP,0,No,No,35,No,No,No,Month-to-month,No,Bank transfer,20.75,739.9,0,21.14,2-4yr
6439-LAJXL,0,Yes,No,9,DSL,Yes,Yes,Month-to-month,Yes,Mailed check,68.95,593.85,0,65.98333333333333,0-1yr
1571-SAVHK,0,No,No,12,Fiber optic,No,Yes,Month-to-month,Yes,Mailed check,99.95,1132.75,1,94.39583333333333,0-1yr
9052-VKDUW,1,Yes,No,65,Fiber optic,Yes,No,Month-to-month,Yes,Credit card,109.4,7227.45,0,111.19153846153846,4-6yr
9546-CQJSU,0,No,No,2,Fiber optic,No,No,Month-to-month,Yes,Electronic check,91.4,193.6,1,96.8,0-1yr
1666-JZPZT,0,No,No,27,DSL,No,No,Month-to-month,No,Mailed check,49.0,1291.35,0,47.827777777777776,2-4yr
5777-KJIRB,0,No,No,40,DSL,No,No,One year,Yes,Mailed check,50.25,2023.55,0,50.58875,2-4yr
0506-LVNGN,1,No,No,5,Fiber optic,No,No,Month-to-month,Yes,Credit card,75.55,349.65,1,69.92999999999999,0-1yr
7677-SJJJK,0,Yes,Yes,8,No,No,No,One year,No,Credit card,19.9,153.95,0,19.24375,0-1yr
2480-EJWYP,1,Yes,No,58,Fiber optic,No,No,One year,Yes,Bank transfer,97.8,5458.8,0,94.11724137931034,4-6yr
3253-HKOKL,0,Yes,Yes,52,Fiber optic,Yes,No,One year,No,Electronic check,100.3,5244.45,0,100.85480769230769,4-6yr
7055-HNEOJ,0,Yes,No,3,DSL,No,Yes,Month-to-month,Yes,Mailed check,55.8,154.55,0,51.51666666666667,0-1yr
5514-YQENT,0,No,Yes,41,Fiber optic,Yes,Yes,Two year,Yes,Electronic check,111.15,4507.15,0,109.93048780487804,2-4yr
3211-AAPKX,0,No,No,20,Fiber optic,No,Yes,Month-to-month,Yes,Mailed check,98.55,2031.95,0,101.5975,1-2yr
8445-DNBAE,0,No,Yes,1,DSL,No,No,Month-to-month,Yes,Electronic check,50.05,50.05,0,50.05,0-1yr
2951-QOQTK,0,No,Yes,4,Fiber optic,No,Yes,Month-to-month,No,Credit card,80.8,332.45,1,83.1125,0-1yr
2958-NHPPS,0,No,No,23,No,No,No,Month-to-month,No,Electronic check,20.85,473.9,0,20.604347826086954,1-2yr
6806-YDEUL,1,No,No,6,No,No,No,Month-to-month,No,Bank transfer,19.5,106.8,0,17.8,0-1yr
1735-XMJVH,0,Yes,Yes,8,No,No,No,Month-to-month,Yes,Mailed check,19.35,152.6,0,19.075,0-1yr
6890-PFRQX,0,No,No,18,DSL,Yes,No,Month-to-month,No,Mailed check,69.5,1199.4,0,66.63333333333334,1-2yr
0222-CNVPT,1,No,No,52,DSL,Yes,No,Month-to-month,Yes,Credit card,48.8,2555.05,0,49.135576923076925,4-6yr
5899-OUVKV,0,No,No,31,Fiber optic,No,No,Month-to-month,Yes,Electronic check,94.5,2979.2,0,96.1032258064516,2-4yr
8681-ICONS,0,Yes,Yes,29,No,No,No,Month-to-month,Yes,Mailed check,20.65,654.85,0,22.58103448275862,2-4yr
1621-YNCJH,0,Yes,No,36,Fiber optic,Yes,Yes,Two year,Yes,Credit card,106.05,3834.4,0,106.51111111111112,2-4yr
3473-XIIIT,0,Yes,No,16,Fiber optic,No,No,Month-to-month,Yes,Electronic check,100.0,1534.75,1,95.921875,1-2yr
6362-QHAFM,0,Yes,No,42,Fiber optic,No,Yes,One year,Yes,Electronic check,108.3,4586.15,0,109.19404761904761,2-4yr
7893-IXHRQ,0,No,No,1,No,No,No,Month-to-month,No,Electronic check,20.55,20.55,1,20.55,0-1yr
3070-BDOQC,0,No,No,60,Fiber optic,No,No,Two year,Yes,Electronic check,99.65,5941.05,0,99.0175,4-6yr
2952-QAYZF,0,No,No,5,Fiber optic,No,No,Month-to-month,Yes,Electronic check,85.3,424.15,1,84.83,0-1yr
6234-PFPXL,0,Yes,No,22,Fiber optic,Yes,Yes,Month-to-month,No,Credit card,95.9,2234.95,0,101.58863636363635,1-2yr
9824-QCJPK,0,Yes,No,36,No,No,No,One year,No,Mailed check,20.0,666.75,0,18.520833333333332,2-4yr
4763-PGDPO,0,No,No,4,Fiber optic,No,No,Month-to-month,No,Electronic check,70.4,281.0,1,70.25,0-1yr
4283-IVYCI,0,No,No,9,DSL,Yes,Yes,Month-to-month,No,Mailed check,64.95,547.8,0,60.86666666666666,0-1yr
1866-OBPNR,0,Yes,Yes,1,Fiber optic,No,No,Month-to-month,No,Credit card,74.6,74.6,0,74.6,0-1yr
8205-MQUGY,0,Yes,Yes,12,DSL,Yes,No,Month-to-month,Yes,Electronic check,49.2,571.15,0,47.59583333333333,0-1yr
8970-ANWXO,0,No,No,23,DSL,No,Yes,One year,Yes,Mailed check,73.75,1756.6,0,76.37391304347825,1-2yr
9480-BQJEI,0,No,No,62,Fiber optic,Yes,No,One year,Yes,Bank transfer,92.3,5731.45,0,92.44274193548387,4-6yr
5394-SVGJV,0,No,No,37,Fiber optic,No,Yes,Month-to-month,No,Bank transfer,98.8,3475.55,1,93.9337837837838,2-4yr
6979-TNDEU,0,No,No,8,No,No,No,Month-to-month,No,Mailed check,19.2,156.85,0,19.60625,0-1yr
9777-WJJPR,0,Yes,No,31,Fiber optic,No,No,Month-to-month,No,Credit card,88.65,2683.2,0,86.55483870967741,2-4yr
9283-LZQOH,0,Yes,Yes,13,Fiber optic,No,No,Month-to-month,Yes,Credit card,74.4,896.75,1,68.98076923076923,1-2yr
7079-QRCBC,0,No,No,24,Fiber optic,No,No,Month-to-month,Yes,Electronic check,98.75,2407.3,1,100.30416666666667,1-2yr
9495-SKLKD,0,Yes,Yes,45,Fiber optic,No,No,Month-to-month,Yes,Bank transfer,95.95,4456.65,0,99.03666666666666,2-4yr
6048-UWKAL,1,Yes,No,69,Fiber optic,No,Yes,Two year,No,Credit card,105.4,6998.95,0,101.4340579710145,4-6yr
5067-DGXLL,0,No,No,2,No,No,No,Month-to-month,No,Mailed check,20.25,36.8,0,18.4,0-1yr
5469-CTCWN,0,Yes,Yes,61,Fiber optic,Yes,No,One year,Yes,Electronic check,106.0,6547.7,1,107.33934426229509,4-6yr
9851-QXEEQ,0,No,No,41,Fiber optic,No,No,Month-to-month,Yes,Electronic check,104.7,4346.4,1,106.00975609756097,2-4yr
6281-FKEWS,0,No,No,44,DSL,No,No,One year,Yes,Electronic check,49.05,2265.0,0,51.47727272727273,2-4yr
8898-KASCD,0,No,No,39,DSL,No,Yes,One year,No,Mailed check,35.55,1309.15,0,33.56794871794872,2-4yr
9242-TKFSV,0,Yes,Yes,72,DSL,Yes,Yes,Two year,Yes,Credit card,65.1,4754.3,0,66.03194444444445,4-6yr
9290-SHCMB,1,No,No,13,Fiber optic,No,No,Month-to-month,Yes,Electronic check,96.85,1235.55,0,95.04230769230769,1-2yr
0743-HNPFG,0,Yes,Yes,51,DSL,Yes,Yes,One year,Yes,Credit card,69.75,3562.5,0,69.8529411764706,4-6yr
2277-BKJKN,1,Yes,No,71,Fiber optic,No,No,Two year,Yes,Electronic check,99.2,7213.75,0,101.60211267605634,4-6yr
9809-IMGCQ,1,No,No,22,Fiber optic,No,No,Month-to-month,Yes,Electronic check,96.7,2082.95,1,94.67954545454545,1-2yr
5208-HFSBT,0,No,No,2,DSL,No,Yes,Month-to-month,Yes,Credit card,55.05,102.75,1,51.375,0-1yr
5035-PGZXH,0,No,No,56,Fiber optic,No,No,One year,Yes,Electronic check,106.8,5914.4,0,105.61428571428571,4-6yr
8695-WDYEA,0,No,No,1,DSL,Yes,No,Month-to-month,No,Mailed check,51.25,51.25,0,51.25,0-1yr
6543-JXSOO,0,Yes,Yes,23,DSL,Yes,Yes,One year,Yes,Mailed check,57.75,1282.85,0,55.77608695652174,1-2yr
8016-ZMGMO,1,Yes,No,66,DSL,No,No,One year,Yes,Bank transfer,70.85,4738.85,0,71.80075757575759,4-6yr
8605-ITULD,0,No,No,1,No,No,No,Month-to-month,No,Mailed check,19.55,19.55,0,19.55,0-1yr
3254-YRILK,1,No,No,19,Fiber optic,No,No,Month-to-month,Yes,Electronic check,88.2,1775.8,1,93.46315789473684,1-2yr
6416-YJTTB,0,No,No,11,Fiber optic,Yes,No,Month-to-month,Yes,Bank transfer,79.5,795.65,0,72.33181818181818,0-1yr
2667-WYLWJ,0,Yes,Yes,8,No,No,No,One year,Yes,Mailed check,19.75,145.0,1,18.125,0-1yr
4472-VESGY,0,Yes,Yes,52,Fiber optic,Yes,No,Month-to-month,No,Bank transfer,98.15,4993.4,0,96.02692307692307,4-6yr
3195-TQDZX,0,No,No,3,No,No,No,Month-to-month,Yes,Electronic check,20.25,61.45,0,20.483333333333334,0-1yr
3128-YOVTD,0,Yes,Yes,51,Fiber optic,Yes,No,Month-to-month,Yes,Bank transfer,79.15,4018.55,0,78.79509803921569,4-6yr
0529-ONKER,1,No,No,15,Fiber optic,No,No,Month-to-month,No,Electronic check,75.65,1146.65,1,76.44333333333334,1-2yr
1728-CXQBE,1,Yes,No,64,Fiber optic,No,No,Month-to-month,Yes,Electronic check,94.25,6081.4,0,95.021875,4-6yr
7041-TXQJH,0,No,No,37,DSL,No,No,Month-to-month,Yes,Credit card,40.2,1478.85,0,39.96891891891892,2-4yr
5014-GSOUQ,0,No,No,13,No,No,No,Two year,No,Mailed check,19.95,243.65,0,18.742307692307694,1-2yr
5724-BIDBU,0,Yes,No,49,DSL,Yes,No,One year,Yes,Electronic check,55.35,2633.95,0,53.754081632653055,4-6yr
0481-SUMCB,1,No,No,45,Fiber optic,No,No,One year,Yes,Bank transfer,102.15,4735.35,0,105.23,2-4yr
1769-GRUIK,0,No,No,18,Fiber optic,No,No,Month-to-month,Yes,Electronic check,71.1,1247.75,0,69.31944444444444,1-2yr
5240-IJOQT,1,No,No,1,Fiber optic,No,No,Month-to-month,Yes,Electronic check,74.7,74.7,1,74.7,0-1yr
8819-WFGGJ,0,Yes,No,68,DSL,Yes,No,Two year,Yes,Bank transfer,54.1,3794.5,0,55.8014705882353,4-6yr
7427-AUFPY,0,No,No,54,No,No,No,Two year,No,Credit card,19.65,1008.7,0,18.67962962962963,4-6yr
2811-POVEX,1,Yes,Yes,23,Fiber optic,No,No,Month-to-month,Yes,Bank transfer,88.45,2130.55,0,92.63260869565218,1-2yr
1092-GANHU,0,No,No,17,Fiber optic,No,No,Month-to-month,Yes,Electronic check,76.65,1313.55,1,77.26764705882353,1-2yr
7898-PDWQE,0,Yes,No,71,DSL,Yes,Yes,Two year,No,Credit card,80.4,5727.15,0,80.66408450704225,4-6yr
9972-EWRJS,0,Yes,Yes,67,No,No,No,Two year,Yes,Bank transfer,19.25,1372.9,0,20.491044776119406,4-6yr
9314-IJWSQ,0,Yes,Yes,14,Fiber optic,No,No,Month-to-month,Yes,Electronic check,84.8,1203.9,0,85.99285714285715,1-2yr
0661-XEYAN,1,No,No,1,DSL,No,No,Month-to-month,Yes,Mailed check,25.8,25.8,1,25.8,0-1yr
5799-JRCZO,0,No,Yes,63,No,No,No,Two year,No,Credit card,19.5,1215.1,0,19.287301587301585,4-6yr
1921-KYSAY,0,No,No,41,DSL,No,Yes,One year,Yes,Electronic check,68.6,2877.05,0,70.1719512195122,2-4yr
6198-RTPMF,0,Yes,No,17,Fiber optic,No,No,Month-to-month,No,Electronic check,92.6,1579.7,0,92.9235294117647,1-2yr
2924-KHUVI,0,Yes,No,56,Fiber optic,Yes,No,One year,Yes,Electronic check,100.55,5514.95,0,98.48125,4-6yr
1925-GMVBW,0,No,No,5,No,No,No,Month-to-month,No,Credit card,20.55,96.1,0,19.22,0-1yr
7881-EVUAD,0,No,No,2,DSL,Yes,No,Month-to-month,Yes,Electronic check,42.6,72.4,1,36.2,0-1yr
6184-DYUOB,0,Yes,No,3,No,No,No,Month-to-month,Yes,Mailed check,19.6,55.25,0,18.416666666666668,0-1yr
9207-ZPANB,0,No,No,37,DSL,Yes,Yes,One year,No,Electronic check,67.45,2443.3,0,66.03513513513514,2-4yr
5766-XQXMQ,0,No,No,29,DSL,Yes,No,Month-to-month,Yes,Bank transfer,68.85,1970.5,1,67.94827586206897,2-4yr
9327-QSDED,0,No,No,8,DSL,No,No,Month-to-month,No,Mailed check,43.55,335.4,0,41.925,0-1yr
1656-DRSMG,0,No,No,63,Fiber optic,No,Yes,Month-to-month,Yes,Credit card,109.85,7002.95,0,111.15793650793651,4-6yr
3012-VFFMN,0,Yes,Yes,7,No,No,No,Month-to-month,No,Mailed check,20.65,158.95,0,22.707142857142856,0-1yr
2984-AFWNC,0,No,No,3,Fiber optic,No,No,Month-to-month,No,Electronic check,95.4,293.15,0,97.71666666666665,0-1yr
0640-YJTPY,0,Yes,Yes,72,No,No,No,Two year,No,Bank transfer,21.0,1493.75,0,20.74652777777778,4-6yr
8096-LOIST,0,No,No,19,DSL,No,No,Month-to-month,Yes,Electronic check,56.2,1093.4,0,57.54736842105264,1-2yr
9764-REAFF,0,Yes,No,59,No,No,No,Two year,No,Bank transfer,18.4,1057.85,0,17.92966101694915,4-6yr
3703-VAVCL,0,Yes,Yes,2,Fiber optic,No,Yes,Month-to-month,No,Credit card,90.0,190.05,1,95.025,0-1yr
7107-UBYKY,0,Yes,Yes,35,No,No,No,Month-to-month,Yes,Electronic check,25.75,882.55,0,25.215714285714284,2-4yr
4881-GQJTW,0,No,No,14,No,No,No,Month-to-month,No,Credit card,19.6,300.4,0,21.457142857142856,1-2yr
8519-QJGJD,0,No,No,14,Fiber optic,No,No,Month-to-month,No,Electronic check,75.35,1025.95,1,73.28214285714286,1-2yr
7876-DNYAP,0,Yes,Yes,69,No,No,No,Two year,No,Credit card,19.8,1436.95,0,20.82536231884058,4-6yr
7905-NJMXS,1,Yes,No,7,DSL,Yes,Yes,Month-to-month,No,Electronic check,64.2,475.0,0,67.85714285714286,0-1yr
2882-WDTBA,0,Yes,Yes,69,DSL,Yes,Yes,Two year,Yes,Bank transfer,75.75,5388.15,0,78.0891304347826,4-6yr
2091-GPPIQ,0,Yes,Yes,72,DSL,No,Yes,Two year,Yes,Electronic check,78.95,5730.15,0,79.58541666666666,4-6yr
6326-MTTXK,0,No,No,8,Fiber optic,No,No,Month-to-month,No,Electronic check,100.85,819.55,1,102.44375,0-1yr
5071-FBJFS,0,Yes,Yes,4,DSL,Yes,No,Month-to-month,No,Electronic check,50.3,217.1,0,54.275,0-1yr
2796-UUZZO,0,Yes,Yes,63,Fiber optic,No,No,Month-to-month,Yes,Credit card,80.3,4896.35,0,77.71984126984128,4-6yr
2429-AYKKO,0,No,No,72,No,No,No,Two year,No,Bank transfer,19.85,1434.1,0,19.918055555555554,4-6yr
9798-OPFEM,0,No,No,46,No,No,No,Two year,Yes,Electronic check,21.1,937.1,0,20.371739130434783,2-4yr
0330-IVZHA,0,Yes,No,5,Fiber optic,No,No,Month-to-month,No,Electronic check,69.95,330.15,1,66.03,0-1yr
3794-NFNCH,0,Yes,No,30,DSL,No,No,Month-to-month,Yes,Mailed check,50.0,1474.9,0,49.163333333333334,2-4yr
5193-QLVZB,0,No,No,63,Fiber optic,No,No,Two year,Yes,Bank transfer,104.75,6536.5,0,103.75396825396825,4-6yr
7114-AEOZE,0,No,No,60,No,No,No,Two year,No,Bank transfer,19.85,1128.1,0,18.801666666666666,4-6yr
2886-KEFUM,0,Yes,No,63,Fiber optic,No,No,One year,Yes,Electronic check,107.5,6873.75,1,109.10714285714286,4-6yr
5522-NYKPB,0,Yes,Yes,25,Fiber optic,No,Yes,Month-to-month,No,Electronic check,85.9,2199.05,0,87.962,2-4yr
4237-RLAQD,0,No,No,1,DSL,No,No,Month-to-month,Yes,Mailed check,45.85,45.85,1,45.85,0-1yr
9957-YODKZ,1,Yes,No,6,Fiber optic,No,No,Month-to-month,Yes,Electronic check,80.8,457.1,0,76.18333333333334,0-1yr
6518-KZXCB,0,No,No,22,No,No,No,Two year,No,Mailed check,25.25,566.5,0,25.75,1-2yr
2245-ADZFJ,0,Yes,Yes,31,DSL,No,Yes,Two year,No,Bank transfer,80.55,2471.6,0,79.7290322580645,2-4yr
7776-QGYJC,0,Yes,Yes,39,Fiber optic,No,Yes,Month-to-month,Yes,Bank transfer,81.5,3107.3,0,79.67435897435898,2-4yr
9313-QOLTZ,0,No,No,26,No,No,No,Month-to-month,No,Mailed check,20.9,518.3,0,19.934615384615384,2-4yr
9651-GTSAQ,0,Yes,No,53,Fiber optic,Yes,No,One year,Yes,Bank transfer,106.1,5769.75,1,108.86320754716981,4-6yr
3186-BAXNB,0,No,No,1,Fiber optic,No,Yes,Month-to-month,No,Electronic check,91.7,91.7,1,91.7,0-1yr
4672-FOTSD,0,No,No,12,DSL,Yes,Yes,Month-to-month,Yes,Electronic check,67.25,832.3,0,69.35833333333333,0-1yr
0637-YLETY,0,No,No,16,Fiber optic,No,No,Month-to-month,Yes,Credit card,95.6,1555.65,1,97.228125,1-2yr
9818-XQCUV,0,No,No,2,No,No,No,Month-to-month,No,Mailed check,20.35,45.3,0,22.65,0-1yr
7338-ERIVA,0,No,Yes,39,DSL,Yes,Yes,One year,No,Bank transfer,45.05,1790.6,0,45.91282051282051,2-4yr
1157-BQCUW,0,No,No,1,Fiber optic,No,No,Month-to-month,Yes,Electronic check,74.95,74.95,1,74.95,0-1yr
8259-NFJTV,0,Yes,Yes,7,DSL,Yes,Yes,Month-to-month,No,Mailed check,34.65,246.6,0,35.22857142857143,0-1yr
3223-DWFIO,1,No,No,4,Fiber optic,No,No,Month-to-month,No,Electronic check,69.35,261.65,0,65.4125,0-1yr
2660-EMUBI,1,No,No,10,Fiber optic,No,No,Month-to-month,Yes,Electronic check,95.35,898.35,1,89.83500000000001,0-1yr
6968-GMKPR,0,No,No,55,Fiber optic,No,No,Month-to-month,Yes,Electronic check,81.55,4509.5,0,81.99090909090908,4-6yr
4751-ERMAN,0,Yes,Yes,72,DSL,No,No,Two year,Yes,Bank transfer,75.4,5480.25,0,76.11458333333333,4-6yr
1436-ZMJAN,0,Yes,No,10,DSL,No,No,Month-to-month,Yes,Credit card,67.8,653.15,0,65.315,0-1yr
3292-PBZEJ,1,No,No,11,Fiber optic,No,Yes,Month-to-month,Yes,Electronic check,111.4,1183.05,0,107.55,0-1yr
0799-DDIHE,0,Yes,Yes,15,DSL,No,No,Month-to-month,No,Electronic check,46.3,639.45,0,42.63,1-2yr
3070-FNFZQ,0,Yes,Yes,23,No,No,No,Two year,No,Bank transfer,20.4,478.75,0,20.815217391304348,1-2yr
2812-SFXMJ,0,No,Yes,1,No,No,No,Month-to-month,No,Mailed check,20.05,20.05,0,20.05,0-1yr
7675-OZCZG,1,No,No,3,DSL,No,No,Month-to-month,No,Electronic check,45.0,127.1,1,42.36666666666667,0-1yr
5014-WUQMG,0,Yes,Yes,47,Fiber optic,Yes,No,One year,Yes,Electronic check,96.1,4391.45,0,93.43510638297872,2-4yr
5312-TSZVC,0,No,Yes,15,No,No,No,One year,No,Mailed check,19.65,270.6,0,18.040000000000003,1-2yr
2003-CKLOR,0,No,No,66,Fiber optic,No,No,Month-to-month,No,Electronic check,99.5,6710.5,1,101.67424242424242,4-6yr
0993-OSGPT,1,Yes,No,68,DSL,No,Yes,One year,Yes,Bank transfer,60.65,3975.9,0,58.46911764705882,4-6yr
9254-RBFON,0,Yes,Yes,17,Fiber optic,No,Yes,One year,No,Bank transfer,98.6,1704.95,1,100.29117647058824,1-2yr
1205-WNWPJ,0,No,No,7,DSL,No,Yes,Month-to-month,Yes,Mailed check,59.5,415.95,1,59.42142857142857,0-1yr
9391-EOYLI,1,Yes,No,12,Fiber optic,No,No,Month-to-month,Yes,Electronic check,80.45,950.2,1,79.18333333333334,0-1yr
7108-DGVUU,1,Yes,No,21,DSL,No,No,One year,No,Bank transfer,71.7,1497.05,0,71.28809523809524,1-2yr
2782-JEEBU,0,No,No,21,DSL,No,Yes,Month-to-month,Yes,Mailed check,36.0,780.15,0,37.15,1-2yr
5127-BZENZ,0,Yes,Yes,56,DSL,Yes,No,One year,No,Bank transfer,65.2,3512.15,0,62.71696428571429,4-6yr
2720-FVBQP,0,Yes,Yes,6,DSL,No,No,Month-to-month,Yes,Credit card,48.95,273.25,0,45.541666666666664,0-1yr
9906-NHHVC,1,No,No,65,DSL,No,No,Two year,Yes,Bank transfer,53.5,3517.9,0,54.121538461538464,4-6yr
4522-XRWWI,0,Yes,No,42,DSL,Yes,Yes,One year,No,Credit card,80.45,3375.9,0,80.37857142857143,2-4yr
3766-EJLFL,0,Yes,Yes,68,Fiber optic,Yes,Yes,Two year,Yes,Bank transfer,109.05,7508.55,0,110.41985294117647,4-6yr
5939-SXWHM,0,Yes,Yes,48,No,No,No,Two year,No,Bank transfer,26.3,1245.05,0,25.938541666666666,2-4yr
8152-UOBNY,1,No,No,50,Fiber optic,No,Yes,One year,Yes,Electronic check,106.8,5347.95,0,106.959,4-6yr
7351-KYHQH,1,No,No,7,DSL,No,No,Month-to-month,Yes,Electronic check,64.95,493.65,0,70.52142857142857,0-1yr
7643-RCHXS,0,Yes,Yes,63,No,No,No,Two year,No,Electronic check,19.35,1263.85,0,20.06111111111111,4-6yr
8246-SHFGA,0,No,No,17,No,No,No,Month-to-month,No,Credit card,21.1,385.55,0,22.679411764705883,1-2yr
8387-MOJJT,0,Yes,Yes,42,Fiber optic,No,No,Month-to-month,Yes,Credit card,77.95,3384.0,1,80.57142857142857,2-4yr
0620-XEFWH,0,Yes,Yes,4,No,No,No,Month-to-month,No,Mailed check,18.85,84.2,0,21.05,0-1yr
6485-QXWWE,0,No,Yes,62,No,No,No,Two year,No,Bank transfer,26.0,1638.7,0,26.43064516129032,4-6yr
2761-OCIAX,1,No,No,2,Fiber optic,No,No,Month-to-month,Yes,Electronic check,74.7,165.4,1,82.7,0-1yr
7321-VGNKU,0,Yes,No,2,Fiber optic,No,No,Month-to-month,Yes,Electronic check,70.35,120.25,0,60.125,0-1yr
5327-CNLUQ,0,Yes,No,48,Fiber optic,Yes,No,Two year,Yes,Bank transfer,96.9,4473.45,0,93.19687499999999,2-4yr
7552-KEYGT,0,Yes,No,27,No,No,No,Two year,No,Bank transfer,19.55,520.55,0,19.27962962962963,2-4yr
5816-JMLGY,0,Yes,Yes,70,DSL,No,Yes,Two year,Yes,Bank transfer,80.4,5717.85,0,81.68357142857144,4-6yr
3068-OMWZA,1,No,No,1,Fiber optic,No,No,Month-to-month,Yes,Electronic check,88.8,88.8,1,88.8,0-1yr
2927-QRRQV,0,Yes,No,46,Fiber optic,No,No,One year,Yes,Electronic check,94.65,4312.5,0,93.75,2-4yr
6032-KRXXO,0,No,No,30,Fiber optic,No,No,Month-to-month,Yes,Electronic check,90.25,2755.35,1,91.845,2-4yr
7459-RRWQZ,0,No,No,15,DSL,Yes,No,Month-to-month,Yes,Bank transfer,64.65,994.55,1,66.30333333333333,1-2yr
6265-SXWBU,0,Yes,Yes,69,Fiber optic,No,No,One year,No,Credit card,95.75,6511.25,0,94.3659420289855,4-6yr
7941-RCJOW,0,No,No,65,No,No,No,Two year,Yes,Credit card,19.55,1218.65,0,18.74846153846154,4-6yr
6374-NTQLP,1,Yes,Yes,72,Fiber optic,Yes,Yes,Two year,Yes,Credit card,104.1,7447.7,0,103.44027777777778,4-6yr
4154-AQUGT,1,Yes,No,13,Fiber optic,No,Yes,Month-to-month,Yes,Bank transfer,89.05,1169.35,1,89.94999999999999,1-2yr
2387-KDZQY,0,No,No,17,No,No,No,One year,Yes,Mailed check,20.1,279.5,0,16.441176470588236,1-2yr
3584-WKTTW,0,Yes,No,51,Fiber optic,Yes,Yes,One year,Yes,Electronic check,111.55,5720.35,0,112.16372549019609,4-6yr
3399-BMLVW,0,Yes,Yes,51,DSL,Yes,Yes,Two year,No,Credit card,60.5,3121.45,0,61.20490196078431,4-6yr
1971-DTCZB,0,Yes,No,72,DSL,Yes,Yes,Two year,Yes,Bank transfer,90.95,6468.6,0,89.84166666666667,4-6yr
3092-IGHWF,0,Yes,Yes,67,Fiber optic,No,No,One year,No,Electronic check,87.4,5918.8,1,88.34029850746269,4-6yr
3374-PZLXD,0,No,No,34,No,No,No,Month-to-month,No,Mailed check,19.7,675.6,0,19.870588235294118,2-4yr
3813-DHBBB,0,Yes,No,67,DSL,Yes,Yes,Two year,Yes,Bank transfer,50.95,3521.7,0,52.56268656716418,4-6yr
2812-REYAT,0,Yes,No,49,No,No,No,One year,Yes,Bank transfer,20.05,923.1,0,18.838775510204083,4-6yr
6518-PPLMZ,0,Yes,Yes,53,No,No,No,Two year,Yes,Mailed check,19.4,1110.35,0,20.95,4-6yr
4939-KYYPY,0,No,No,27,DSL,No,Yes,Month-to-month,No,Electronic check,59.45,1611.65,0,59.69074074074074,2-4yr
8017-LXHFA,1,No,No,23,Fiber optic,No,No,Month-to-month,Yes,Electronic check,94.75,2293.6,1,99.72173913043478,1-2yr
5930-GBIWP,0,No,No,69,DSL,Yes,Yes,Two year,Yes,Credit card,81.5,5553.25,0,80.48188405797102,4-6yr
6022-KOUQO,0,Yes,Yes,2,DSL,No,Yes,Month-to-month,No,Bank transfer,29.05,44.75,0,22.375,0-1yr
6352-TWCAU,0,No,No,35,Fiber optic,No,No,Month-to-month,Yes,Electronic check,86.45,3029.1,1,86.54571428571428,2-4yr
2361-UPSND,0,Yes,No,46,DSL,Yes,Yes,One year,No,Mailed check,70.6,3231.05,0,70.24021739130436,2-4yr
6035-RIIOM,0,No,No,54,Fiber optic,No,No,Two year,Yes,Bank transfer,97.2,5129.45,0,94.9898148148148,4-6yr
2929-QNSRW,0,Yes,No,56,Fiber optic,No,No,One year,Yes,Electronic check,98.25,5508.35,1,98.36339285714287,4-6yr
1262-OPMFY,0,Yes,No,9,Fiber optic,No,No,Month-to-month,Yes,Bank transfer,75.75,655.9,1,72.87777777777778,0-1yr
9504-DSHWM,0,No,No,20,DSL,Yes,Yes,Month-to-month,No,Bank transfer,59.2,1191.2,0,59.56,1-2yr
5035-BVCXS,0,No,No,11,Fiber optic,No,No,Month-to-month,Yes,Mailed check,75.9,866.4,0,78.76363636363637,0-1yr
6267-DCFFZ,1,Yes,No,30,Fiber optic,No,No,Month-to-month,Yes,Electronic check,90.05,2627.2,0,87.57333333333332,2-4yr
3533-UVMOM,0,Yes,No,68,DSL,Yes,No,Two year,No,Bank transfer,70.95,4741.45,0,69.72720588235293,4-6yr
2439-LYPMQ,1,Yes,No,38,Fiber optic,No,No,Month-to-month,Yes,Electronic check,102.6,4009.2,0,105.50526315789473,2-4yr
4248-QPAVC,1,Yes,No,17,Fiber optic,Yes,No,Month-to-month,Yes,Bank transfer,85.35,1463.45,1,86.08529411764707,1-2yr
1899-VXWXM,0,No,No,48,Fiber optic,No,No,One year,Yes,Credit card,106.1,5082.8,1,105.89166666666667,2-4yr
1478-VPOAD,0,No,No,1,DSL,No,No,Month-to-month,No,Electronic check,43.8,43.8,0,43.8,0-1yr
9995-HOTOH,0,Yes,Yes,63,DSL,Yes,No,Two year,No,Electronic check,59.0,3707.6,0,58.85079365079365,4-6yr
2988-PLAHS,0,No,No,3,DSL,No,No,One year,Yes,Electronic check,69.95,220.45,0,73.48333333333333,0-1yr
1371-OJCEK,0,No,No,48,No,No,No,One year,No,Bank transfer,24.35,1133.7,0,23.618750000000002,2-4yr
4999-IEZLT,0,No,No,66,DSL,No,Yes,One year,No,Credit card,29.45,1983.15,0,30.047727272727276,4-6yr
8883-ANODQ,0,Yes,Yes,68,Fiber optic,No,No,Two year,Yes,Credit card,84.4,5746.75,0,84.51102941176471,4-6yr
4690-LLKUA,1,No,No,17,DSL,No,No,Month-to-month,Yes,Electronic check,45.05,770.6,1,45.32941176470588,1-2yr
2351-RRBUE,0,Yes,Yes,7,No,No,No,One year,No,Mailed check,20.65,134.05,0,19.150000000000002,0-1yr
5980-BDHPY,0,Yes,No,72,DSL,Yes,Yes,Two year,Yes,Bank transfer,87.1,6230.1,0,86.52916666666667,4-6yr
1498-DQNRX,0,Yes,No,29,No,No,No,Month-to-month,No,Mailed check,19.85,573.05,0,19.760344827586206,2-4yr
9469-WEJBT,0,Yes,No,37,Fiber optic,No,Yes,Month-to-month,Yes,Electronic check,90.35,3419.3,0,92.41351351351352,2-4yr
3331-HQDTW,0,No,No,34,Fiber optic,Yes,No,Month-to-month,Yes,Mailed check,109.8,3587.25,1,105.50735294117646,2-4yr
9490-DFPMD,1,No,No,42,Fiber optic,No,No,Month-to-month,Yes,Electronic check,84.65,3541.35,1,84.31785714285714,2-4yr
2581-VKIRT,0,Yes,Yes,59,DSL,Yes,Yes,One year,No,Mailed check,65.5,3801.3,0,64.42881355932204,4-6yr
5442-XSDCW,0,Yes,Yes,11,Fiber optic,No,No,Month-to-month,Yes,Bank transfer,79.5,868.5,1,78.95454545454545,0-1yr
7426-WEIJX,1,Yes,Yes,60,Fiber optic,Yes,No,Month-to-month,Yes,Electronic check,80.95,4859.1,0,80.985,4-6yr
2851-MMUTZ,0,No,No,27,DSL,No,Yes,Month-to-month,Yes,Mailed check,56.15,1439.35,0,53.30925925925926,2-4yr
3049-NDXFL,0,No,No,1,Fiber optic,No,No,Month-to-month,No,Mailed check,85.8,85.8,1,85.8,0-1yr
8580-AECUZ,1,No,No,1,Fiber optic,No,No,Month-to-month,Yes,Electronic check,79.1,79.1,1,79.1,0-1yr
3307-TLCUD,0,Yes,No,17,DSL,Yes,No,Month-to-month,No,Mailed check,34.4,592.75,0,34.86764705882353,1-2yr
6625-FLENO,0,Yes,No,58,No,No,No,Two year,No,Mailed check,20.75,1185.95,0,20.44741379310345,4-6yr
2967-MXRAV,0,Yes,Yes,1,No,No,No,One year,No,Mailed check,18.8,18.8,0,18.8,0-1yr
7963-GQRMY,0,Yes,Yes,3,DSL,No,No,Month-to-month,No,Mailed check,44.3,134.5,1,44.833333333333336,0-1yr
8189-HBVRW,0,No,No,53,Fiber optic,Yes,No,Month-to-month,No,Electronic check,90.8,4921.2,0,92.85283018867923,4-6yr
4163-KIUHY,0,No,No,35,No,No,No,Month-to-month,Yes,Electronic check,25.6,901.25,0,25.75,2-4yr
1228-FZFRV,0,Yes,Yes,50,Fiber optic,Yes,No,Month-to-month,No,Credit card,105.95,5341.8,1,106.836,4-6yr
3500-NSDOA,0,Yes,Yes,68,DSL,No,Yes,Two year,No,Credit card,70.8,4859.95,0,71.46985294117647,4-6yr
1171-TYKUR,0,Yes,No,47,No,No,No,Month-to-month,No,Electronic check,25.4,1139.2,0,24.238297872340425,2-4yr
3761-FLYZI,1,Yes,No,65,Fiber optic,No,No,Month-to-month,Yes,Bank transfer,108.8,7082.45,0,108.96076923076923,4-6yr
2058-DCJBE,0,No,No,5,Fiber optic,No,No,Month-to-month,Yes,Electronic check,69.75,324.6,1,64.92,0-1yr
5364-XYIRR,0,Yes,No,51,Fiber optic,No,No,Month-to-month,Yes,Electronic check,94.65,4812.75,1,94.36764705882354,4-6yr
4829-AUOAX,0,No,No,46,Fiber optic,No,No,Month-to-month,No,Bank transfer,96.05,4399.5,1,95.6413043478261,2-4yr
1219-NNDDO,0,No,No,9,Fiber optic,No,No,Month-to-month,Yes,Electronic check,76.85,663.55,0,73.72777777777777,0-1yr
8388-DMKAE,0,No,No,8,No,No,No,Two year,No,Mailed check,20.25,174.65,0,21.83125,0-1yr
4403-BWPAY,0,No,No,14,No,No,No,One year,Yes,Credit card,24.8,321.7,0,22.978571428571428,1-2yr
9659-QEQSY,0,No,No,45,Fiber optic,Yes,Yes,Month-to-month,Yes,Electronic check,115.65,5125.5,0,113.9,2-4yr
5405-ZMYXQ,0,No,No,8,Fiber optic,No,No,Month-to-month,Yes,Credit card,74.6,548.9,0,68.6125,0-1yr
5047-LHVLY,1,No,Yes,1,DSL,No,No,Month-to-month,Yes,Mailed check,50.15,50.15,1,50.15,0-1yr
1442-OKRJE,0,Yes,Yes,66,Fiber optic,Yes,No,One year,Yes,Bank transfer,103.15,7031.3,0,106.53484848484848,4-6yr
4737-AQCPU,0,Yes,Yes,72,DSL,Yes,Yes,Two year,No,Credit card,72.1,5016.65,0,69.67569444444445,4-6yr
9158-VCTQB,0,Yes,No,41,Fiber optic,Yes,Yes,Month-to-month,Yes,Bank transfer,113.6,4594.95,1,112.07195121951219,2-4yr
2808-CHTDM,0,Yes,Yes,23,No,No,No,Two year,No,Mailed check,25.1,611.45,0,26.584782608695654,1-2yr
6311-UEUME,0,No,No,29,Fiber optic,No,No,Month-to-month,Yes,Electronic check,78.9,2384.15,1,82.21206896551725,2-4yr
0793-TWELN,0,No,No,4,Fiber optic,Yes,No,Month-to-month,Yes,Electronic check,80.15,319.85,0,79.9625,0-1yr
3283-WCWXT,0,Yes,Yes,6,No,No,No,Two year,No,Mailed check,25.4,153.3,0,25.55,0-1yr
1060-ENTOF,1,Yes,No,67,Fiber optic,Yes,Yes,One year,Yes,Credit card,105.4,7035.6,0,105.0089552238806,4-6yr
0999-QXNSA,1,No,Yes,7,DSL,No,No,Month-to-month,Yes,Mailed check,45.75,344.2,0,49.17142857142857,0-1yr
5451-MHQOF,0,Yes,Yes,56,No,No,No,One year,Yes,Mailed check,24.45,1431.65,0,25.56517857142857,4-6yr
4836-WNFNO,0,Yes,No,72,No,No,No,Two year,No,Credit card,25.0,1849.2,0,25.683333333333334,4-6yr
9225-BZLNZ,0,Yes,No,72,DSL,Yes,No,Two year,Yes,Electronic check,85.25,6083.1,0,84.48750000000001,4-6yr
0354-VXMJC,0,Yes,Yes,23,No,No,No,Two year,No,Credit card,19.6,426.65,0,18.55,1-2yr
4422-QVIJA,0,No,Yes,35,DSL,No,No,Month-to-month,No,Mailed check,50.15,1655.35,0,47.29571428571428,2-4yr
9365-SRSZE,1,Yes,No,27,Fiber optic,No,No,Month-to-month,Yes,Electronic check,70.55,1943.9,0,71.9962962962963,2-4yr
6839-ITVZJ,0,Yes,Yes,26,DSL,No,Yes,Month-to-month,Yes,Electronic check,60.05,1616.15,1,62.159615384615385,2-4yr
8332-OSJDW,0,Yes,Yes,12,No,No,No,One year,No,Mailed check,26.4,314.95,0,26.245833333333334,0-1yr
4735-BJKOU,0,No,No,40,No,No,No,Two year,No,Mailed check,20.15,804.85,0,20.12125,2-4yr
0274-JKUJR,0,Yes,Yes,7,DSL,Yes,No,Month-to-month,No,Mailed check,58.85,465.7,0,66.52857142857142,0-1yr
5740-YHGTW,0,Yes,Yes,70,Fiber optic,Yes,No,Month-to-month,Yes,Credit card,97.55,6669.05,0,95.27214285714285,4-6yr
8917-SZTTJ,0,Yes,Yes,60,No,No,No,Two year,No,Credit card,19.65,1161.75,0,19.3625,4-6yr
1696-MZVAU,0,Yes,Yes,39,DSL,No,No,One year,Yes,Credit card,25.25,947.75,0,24.30128205128205,2-4yr
7359-WWYJV,0,Yes,No,72,Fiber optic,Yes,Yes,Two year,No,Credit card,114.45,8375.05,0,116.32013888888888,4-6yr
0375-HVGXO,0,No,No,1,DSL,No,No,Month-to-month,Yes,Electronic check,34.7,34.7,1,34.7,0-1yr
4906-ZHGPK,0,Yes,Yes,54,DSL,No,Yes,One year,Yes,Electronic check,70.7,3770.0,0,69.81481481481481,4-6yr
8593-WHYHV,0,No,No,3,Fiber optic,No,No,Month-to-month,Yes,Electronic check,85.3,264.8,1,88.26666666666667,0-1yr
3795-GWTRD,0,Yes,Yes,63,DSL,Yes,Yes,Two year,No,Credit card,75.55,4707.85,0,74.72777777777779,4-6yr
1298-PHBTI,0,Yes,Yes,71,Fiber optic,No,Yes,Two year,Yes,Electronic check,84.8,6152.4,0,86.65352112676055,4-6yr
6223-DHJGV,0,No,No,42,No,No,No,One year,Yes,Mailed check,20.65,958.1,0,22.811904761904763,2-4yr
6961-MJKBO,0,No,No,47,No,No,No,Two year,No,Bank transfer,20.45,943.0,0,20.06382978723404,2-4yr
6097-EQISJ,0,Yes,Yes,66,Fiber optic,No,No,One year,Yes,Credit card,102.45,6615.15,1,100.22954545454544,4-6yr
4423-YLHDV,0,Yes,No,21,Fiber optic,Yes,No,Month-to-month,Yes,Bank transfer,104.4,2200.25,1,104.77380952380952,1-2yr
8158-WPEZG,0,No,No,11,DSL,No,Yes,Month-to-month,Yes,Electronic check,35.65,425.1,0,38.64545454545455,0-1yr
0107-YHINA,0,No,Yes,1,Fiber optic,No,No,Month-to-month,Yes,Electronic check,99.75,99.75,1,99.75,0-1yr
4918-FYJNT,1,Yes,No,55,Fiber optic,No,Yes,Month-to-month,No,Electronic check,90.45,5044.8,0,91.72363636363637,4-6yr
0727-BNRLG,0,No,No,69,Fiber optic,No,Yes,Two year,Yes,Credit card,97.65,6743.55,0,97.73260869565217,4-6yr
4854-CIDCF,1,No,No,3,Fiber optic,No,No,Month-to-month,No,Electronic check,73.85,196.4,0,65.46666666666667,0-1yr
8640-SDGKB,0,No,No,4,DSL,No,Yes,Month-to-month,Yes,Electronic check,74.4,299.7,1,74.925,0-1yr
3280-MRDOF,1,No,No,30,DSL,No,Yes,Two year,Yes,Credit card,69.1,2093.9,0,69.79666666666667,2-4yr
6435-SRWBJ,0,No,No,5,Fiber optic,No,Yes,Month-to-month,Yes,Electronic check,82.75,417.75,0,83.55,0-1yr
9964-WBQDJ,0,Yes,No,71,No,No,No,Two year,Yes,Credit card,24.4,1725.4,0,24.301408450704226,4-6yr
6303-KFWSL,0,No,No,29,DSL,No,No,One year,Yes,Electronic check,55.25,1620.2,0,55.86896551724138,2-4yr
1702-CCFNJ,0,Yes,No,52,DSL,No,Yes,Month-to-month,No,Bank transfer,61.35,3169.55,0,60.95288461538462,4-6yr
8932-CZHRQ,0,No,No,68,DSL,Yes,No,One year,No,Credit card,76.75,5233.25,0,76.9595588235294,4-6yr
0386-CWRGM,0,Yes,Yes,46,No,No,No,Two year,No,Mailed check,19.4,967.85,0,21.04021739130435,2-4yr
5515-RUGKN,0,No,No,8,DSL,No,No,Month-to-month,Yes,Credit card,54.75,438.05,0,54.75625,0-1yr
0404-AHASP,0,Yes,No,72,No,No,No,Two year,No,Credit card,19.7,1421.9,0,19.748611111111114,4-6yr
7279-NMVJC,0,No,No,17,No,No,No,One year,No,Bank transfer,19.9,323.15,0,19.008823529411764,1-2yr
2081-VEYEH,0,No,No,3,Fiber optic,No,Yes,Month-to-month,Yes,Electronic check,107.95,318.6,0,106.2,0-1yr
6407-UTSLV,1,No,No,2,Fiber optic,No,No,Month-to-month,Yes,Bank transfer,83.8,163.7,0,81.85,0-1yr
4116-TZAQJ,0,No,No,9,Fiber optic,Yes,No,Month-to-month,Yes,Credit card,74.25,639.65,1,71.07222222222222,0-1yr
9060-HJJRW,0,No,No,51,DSL,No,No,One year,Yes,Credit card,56.4,2928.5,0,57.42156862745098,4-6yr
2587-YNLES,0,Yes,Yes,6,No,No,No,Two year,No,Mailed check,20.1,100.35,0,16.724999999999998,0-1yr
7398-SKNQZ,0,Yes,No,3,Fiber optic,No,No,Month-to-month,No,Electronic check,94.9,273.2,0,91.06666666666666,0-1yr
5935-FCCNB,1,No,No,17,Fiber optic,No,No,Month-to-month,Yes,Electronic check,94.2,1608.15,0,94.59705882352942,1-2yr
1958-RNRKS,0,Yes,No,30,DSL,No,No,Month-to-month,No,Electronic check,49.9,1441.95,0,48.065000000000005,2-4yr
5136-RGMZO,0,No,No,31,DSL,No,Yes,Month-to-month,Yes,Electronic check,71.05,2168.15,0,69.94032258064516,2-4yr
8345-MVDYC,0,No,No,45,DSL,Yes,Yes,Two year,No,Bank transfer,81.65,3618.7,0,80.41555555555556,2-4yr
8226-BXGES,0,Yes,No,64,Fiber optic,Yes,No,One year,No,Bank transfer,89.45,5692.65,0,88.94765625,4-6yr
3877-JRJIP,0,No,No,1,DSL,No,No,Month-to-month,Yes,Electronic check,59.85,59.85,1,59.85,0-1yr
8375-DKEBR,1,No,No,1,Fiber optic,No,No,Month-to-month,Yes,Electronic check,69.6,69.6,1,69.6,0-1yr
9705-IOVQQ,1,Yes,Yes,61,Fiber optic,No,No,One year,No,Electronic check,99.0,5969.3,0,97.85737704918033,4-6yr
1015-OWJKI,0,No,No,1,No,No,No,Month-to-month,No,Mailed check,19.05,19.05,0,19.05,0-1yr
7511-YMXVQ,0,No,No,9,DSL,No,No,Month-to-month,Yes,Electronic check,45.4,418.8,1,46.53333333333333,0-1yr
2040-XBAVJ,0,Yes,Yes,72,Fiber optic,Yes,Yes,Two year,No,Bank transfer,114.45,8100.55,0,112.50763888888889,4-6yr
7551-JOHTI,0,No,No,1,No,No,No,Month-to-month,No,Mailed check,19.5,19.5,1,19.5,0-1yr
8887-IPQNC,0,Yes,No,7,DSL,No,No,Month-to-month,Yes,Mailed check,44.25,313.45,0,44.778571428571425,0-1yr
8646-JCOMS,0,Yes,No,66,Fiber optic,No,Yes,One year,Yes,Bank transfer,90.55,6130.95,0,92.89318181818182,4-6yr
9804-ICWBG,0,No,No,1,Fiber optic,No,No,Month-to-month,Yes,Electronic check,69.9,69.9,1,69.9,0-1yr
1222-KJNZD,0,Yes,Yes,40,No,No,No,Month-to-month,Yes,Bank transfer,20.4,745.3,0,18.6325,2-4yr
0106-GHRQR,0,No,No,16,DSL,No,No,Month-to-month,Yes,Bank transfer,71.4,1212.1,0,75.75625,1-2yr
5318-IXUZF,0,No,No,2,Fiber optic,No,No,Month-to-month,Yes,Bank transfer,87.15,183.75,1,91.875,0-1yr
3768-VHXQO,0,Yes,No,67,No,No,No,Two year,No,Credit card,24.85,1583.5,0,23.634328358208954,4-6yr
8952-WCVCD,0,Yes,No,41,Fiber optic,Yes,No,One year,Yes,Bank transfer,104.45,4162.05,0,101.51341463414634,2-4yr
2418-TPEUN,0,Yes,Yes,56,No,No,No,Two year,Yes,Credit card,19.8,1119.9,0,19.998214285714287,4-6yr
3963-RYFNS,0,No,No,72,Fiber optic,Yes,Yes,Two year,Yes,Bank transfer,116.45,8013.55,0,111.29930555555556,4-6yr
3198-VELRD,0,Yes,Yes,3,Fiber optic,No,No,Month-to-month,Yes,Bank transfer,84.75,264.85,1,88.28333333333335,0-1yr
8540-ZQGEA,0,Yes,No,54,No,No,No,Two year,No,Credit card,20.05,1102.4,0,20.414814814814818,4-6yr
1320-REHCS,1,No,No,52,Fiber optic,No,Yes,Month-to-month,Yes,Electronic check,110.75,5832.0,0,112.15384615384616,4-6yr
4137-JOPHL,0,No,No,50,Fiber optic,No,Yes,Two year,Yes,Bank transfer,89.7,4304.5,0,86.09,4-6yr
9436-ZBZCT,0,No,No,14,Fiber optic,No,Yes,Month-to-month,Yes,Electronic check,89.95,1178.4,1,84.17142857142858,1-2yr
7801-CEDNV,0,Yes,No,27,DSL,Yes,No,One year,No,Credit card,48.7,1421.75,0,52.657407407407405,2-4yr
2057-BOYKM,1,Yes,No,72,Fiber optic,Yes,Yes,Two year,Yes,Bank transfer,96.6,6827.5,0,94.82638888888889,4-6yr
3658-QQJYD,0,No,No,62,DSL,Yes,No,One year,Yes,Credit card,74.3,4698.05,0,75.775,4-6yr
1803-BGNBD,0,No,No,12,DSL,No,Yes,Month-to-month,Yes,Electronic check,54.3,654.5,0,54.541666666666664,0-1yr
0134-XWXCE,1,No,No,44,DSL,No,Yes,One year,No,Bank transfer,74.85,3268.05,0,74.27386363636364,2-4yr
6950-TWMYB,0,Yes,Yes,54,Fiber optic,No,Yes,Two year,Yes,Bank transfer,79.95,4362.05,0,80.77870370370371,4-6yr
5848-FHRFC,0,No,No,68,No,No,No,Two year,No,Bank transfer,20.05,1386.9,0,20.39558823529412,4-6yr
2243-FNMMI,0,No,No,20,No,No,No,Month-to-month,No,Mailed check,19.4,415.4,0,20.77,1-2yr
2511-MORQY,0,Yes,Yes,50,DSL,No,No,One year,No,Bank transfer,54.9,2614.1,0,52.282,4-6yr
5356-KZCKT,0,No,No,58,No,No,No,Two year,Yes,Credit card,24.45,1513.6,0,26.096551724137928,4-6yr
9470-XCCEM,0,Yes,Yes,35,Fiber optic,No,No,Month-to-month,Yes,Bank transfer,89.65,3161.6,0,90.33142857142857,2-4yr
6519-CFDBX,0,No,No,2,DSL,No,No,Month-to-month,Yes,Electronic check,45.4,80.95,0,40.475,0-1yr
3902-MIVLE,0,Yes,Yes,63,DSL,Yes,Yes,Two year,No,Mailed check,75.7,4676.7,0,74.23333333333333,4-6yr
0409-WTMPL,0,Yes,No,58,Fiber optic,Yes,No,One year,Yes,Credit card,110.65,6526.65,0,112.52844827586206,4-6yr
8763-KIAFH,0,Yes,Yes,27,No,No,No,One year,Yes,Mailed check,20.55,583.3,0,21.6037037037037,2-4yr
3669-WHAFY,0,Yes,No,71,Fiber optic,Yes,Yes,Two year,Yes,Credit card,115.15,8078.1,0,113.77605633802817,4-6yr
3055-VTCGS,0,No,No,63,DSL,No,No,One year,No,Credit card,58.55,3503.5,0,55.611111111111114,4-6yr
3144-KMTWZ,0,Yes,No,71,Fiber optic,No,No,Month-to-month,Yes,Bank transfer,93.25,6669.45,0,93.93591549295775,4-6yr
7279-BUYWN,1,No,No,41,Fiber optic,Yes,No,Month-to-month,Yes,Electronic check,113.2,4689.5,1,114.3780487804878,2-4yr
7156-MHUGY,1,No,No,13,Fiber optic,No,No,Month-to-month,Yes,Electronic check,90.5,1201.15,1,92.39615384615385,1-2yr
7198-GLXTC,0,No,No,2,Fiber optic,No,No,Month-to-month,No,Electronic check,79.0,143.65,1,71.825,0-1yr
2007-QVGAW,0,Yes,Yes,68,No,No,No,Two year,Yes,Bank transfer,19.35,1292.65,0,19.009558823529414,4-6yr
5207-PLSTK,0,Yes,Yes,1,DSL,Yes,No,Month-to-month,Yes,Mailed check,48.75,48.75,0,48.75,0-1yr
2307-FYNNL,1,No,No,65,Fiber optic,Yes,Yes,Two year,Yes,Electronic check,109.05,7108.2,0,109.35692307692307,4-6yr
5605-XNWEN,1,Yes,No,72,No,No,No,Two year,Yes,Bank transfer,25.0,1802.55,0,25.035416666666666,4-6yr
2155-AMQRX,0,No,No,28,DSL,No,Yes,Month-to-month,Yes,Credit card,54.9,1505.15,0,53.75535714285714,2-4yr
6181-AXXYF,0,Yes,Yes,72,No,No,No,Two year,No,Credit card,24.75,1859.1,0,25.820833333333333,4-6yr
5091-HFAZW,0,No,No,2,Fiber optic,Yes,No,Month-to-month,Yes,Electronic check,91.15,168.5,0,84.25,0-1yr
0516-VRYBW,0,No,Yes,18,No,No,No,One year,No,Bank transfer,20.15,390.85,1,21.71388888888889,1-2yr
2519-LBNQL,1,Yes,No,60,Fiber optic,No,No,One year,Yes,Electronic check,104.35,6339.45,0,105.6575,4-6yr
8623-ULFNQ,1,No,No,26,DSL,No,Yes,Month-to-month,Yes,Electronic check,66.05,1652.4,0,63.55384615384616,2-4yr
8380-PEFPE,0,No,Yes,1,Fiber optic,No,No,Month-to-month,Yes,Electronic check,71.65,71.65,1,71.65,0-1yr
5687-DKDTV,0,No,No,4,No,No,No,Month-to-month,No,Mailed check,20.35,77.5,1,19.375,0-1yr
1568-LJSZU,0,Yes,Yes,68,DSL,Yes,Yes,Two year,Yes,Credit card,92.2,6392.85,0,94.0125,4-6yr
7530-HDYDS,0,No,No,38,Fiber optic,No,Yes,Month-to-month,Yes,Credit card,84.25,3264.5,1,85.90789473684211,2-4yr
7789-HKSBS,1,Yes,No,42,Fiber optic,Yes,No,One year,Yes,Bank transfer,105.2,4599.15,0,109.50357142857142,2-4yr
7416-CKTEP,0,Yes,No,57,No,No,No,Two year,Yes,Bank transfer,19.6,1134.25,0,19.899122807017545,4-6yr
2586-CWXVV,0,Yes,No,54,DSL,No,No,Month-to-month,No,Electronic check,30.4,1621.35,0,30.025,4-6yr
3096-IZETN,0,No,No,12,Fiber optic,No,No,Month-to-month,No,Bank transfer,78.1,947.3,1,78.94166666666666,0-1yr
2348-KCJLT,0,Yes,No,44,DSL,Yes,No,One year,Yes,Mailed check,61.5,2722.2,0,61.86818181818182,2-4yr
8401-EMUWF,0,Yes,Yes,42,DSL,Yes,No,Month-to-month,Yes,Bank transfer,69.4,3058.3,0,72.81666666666668,2-4yr
4193-IBKSW,0,Yes,Yes,72,No,No,No,Two year,No,Bank transfer,24.75,1769.6,0,24.577777777777776,4-6yr
5377-NDTOU,0,Yes,Yes,71,DSL,Yes,Yes,Two year,No,Mailed check,91.05,6293.75,0,88.6443661971831,4-6yr
5922-ABDVO,0,Yes,No,19,Fiber optic,No,No,Month-to-month,No,Mailed check,89.65,1761.05,1,92.68684210526315,1-2yr
2474-LCNUE,0,Yes,No,23,DSL,No,Yes,Month-to-month,Yes,Credit card,73.65,1642.75,0,71.42391304347827,1-2yr
0839-QNXME,0,No,No,30,No,No,No,Two year,No,Credit card,19.4,578.5,0,19.283333333333335,2-4yr
3506-OVLKD,0,No,No,35,No,No,No,One year,No,Bank transfer,26.2,954.9,0,27.282857142857143,2-4yr
9172-ANCRX,0,No,No,10,Fiber optic,Yes,No,Month-to-month,Yes,Electronic check,98.7,973.25,1,97.325,0-1yr
6650-VJONK,0,No,No,1,DSL,No,No,Month-to-month,Yes,Bank transfer,43.85,43.85,0,43.85,0-1yr
2178-PMGCJ,0,No,No,22,Fiber optic,No,No,Month-to-month,Yes,Mailed check,69.7,1490.4,0,67.74545454545455,1-2yr
7492-TAFJD,0,Yes,Yes,7,DSL,Yes,No,Two year,No,Mailed check,38.55,280.0,0,40.0,0-1yr
2773-MADBQ,0,No,No,36,DSL,Yes,Yes,Two year,Yes,Mailed check,53.1,1901.25,0,52.8125,2-4yr
6016-LVTJQ,0,Yes,Yes,34,No,No,No,Month-to-month,No,Mailed check,20.65,716.4,0,21.070588235294117,2-4yr
7860-KSUGX,0,Yes,Yes,72,DSL,Yes,No,Two year,No,Credit card,64.45,4720.0,0,65.55555555555556,4-6yr
8966-KZXXA,0,Yes,Yes,36,No,No,No,Two year,No,Credit card,25.1,930.95,0,25.859722222222224,2-4yr
6910-HADCM,0,No,No,1,Fiber optic,No,No,Month-to-month,No,Electronic check,76.35,76.35,1,76.35,0-1yr
4816-LXZYW,0,No,No,23,Fiber optic,No,No,Month-to-month,Yes,Electronic check,79.15,1676.95,1,72.9108695652174,1-2yr
9606-PBKBQ,1,Yes,No,32,Fiber optic,No,No,Month-to-month,Yes,Electronic check,85.0,2642.05,1,82.5640625,2-4yr
5149-QYTTU,0,Yes,Yes,71,Fiber optic,Yes,Yes,One year,Yes,Credit card,95.15,6770.85,0,95.36408450704226,4-6yr
2070-XYMFH,1,No,No,23,Fiber optic,No,No,Month-to-month,Yes,Mailed check,79.35,1835.3,0,79.79565217391304,1-2yr
2085-BOJKI,0,Yes,No,17,Fiber optic,No,No,One year,Yes,Bank transfer,96.65,1588.25,0,93.42647058823529,1-2yr
0817-HSUSE,0,No,No,1,DSL,No,Yes,Month-to-month,Yes,Electronic check,75.5,75.5,0,75.5,0-1yr
5442-PPTJY,0,Yes,Yes,12,No,No,No,Two year,No,Mailed check,19.7,258.35,0,21.52916666666667,0-1yr
1927-QEWMY,0,Yes,No,72,No,No,No,Two year,No,Credit card,20.5,1502.25,0,20.864583333333332,4-6yr
1663-MHLHE,0,No,No,1,No,No,No,Month-to-month,No,Mailed check,19.2,19.2,0,19.2,0-1yr
5663-QBGIS,1,Yes,No,72,Fiber optic,No,No,Two year,No,Bank transfer,98.35,6929.4,0,96.24166666666666,4-6yr
4450-MDZFX,0,Yes,Yes,60,Fiber optic,No,No,Month-to-month,No,Bank transfer,74.35,4453.3,0,74.22166666666666,4-6yr
6701-DHKWQ,0,Yes,Yes,61,DSL,No,Yes,Two year,No,Credit card,51.35,3244.4,0,53.18688524590164,4-6yr
7554-AKDQF,0,Yes,No,6,DSL,No,No,Month-to-month,No,Mailed check,45.65,323.45,0,53.90833333333333,0-1yr
3536-IQCTX,1,Yes,No,32,Fiber optic,No,No,Month-to-month,No,Electronic check,85.3,2661.1,1,83.159375,2-4yr
4911-BANWH,0,No,Yes,31,Fiber optic,No,No,Month-to-month,Yes,Credit card,86.55,2697.4,1,87.01290322580645,2-4yr
8496-EJAUI,0,No,No,19,Fiber optic,No,No,Month-to-month,Yes,Credit card,73.85,1424.5,1,74.97368421052632,1-2yr
0794-YVSGE,0,Yes,Yes,72,No,No,No,Two year,No,Bank transfer,20.3,1401.15,0,19.460416666666667,4-6yr
5423-BHIXO,0,No,No,32,DSL,No,No,Month-to-month,Yes,Electronic check,54.2,1739.6,0,54.3625,2-4yr
6908-VVYHM,0,Yes,No,65,Fiber optic,No,No,Month-to-month,Yes,Electronic check,90.65,5931.0,0,91.24615384615385,4-6yr
2959-EEXWB,0,Yes,Yes,45,DSL,Yes,No,Month-to-month,Yes,Bank transfer,50.9,2333.85,0,51.86333333333333,2-4yr
1839-UMACK,0,No,No,42,No,No,No,One year,No,Electronic check,25.05,949.85,0,22.61547619047619,2-4yr
3030-YDNRM,0,No,No,8,Fiber optic,No,No,Month-to-month,Yes,Electronic check,74.85,572.45,0,71.55625,0-1yr
7321-KKSDU,0,No,Yes,32,No,No,No,Two year,No,Mailed check,20.5,696.8,0,21.775,2-4yr
3402-XRIUO,1,Yes,No,22,DSL,Yes,Yes,Month-to-month,Yes,Mailed check,63.55,1381.8,0,62.809090909090905,1-2yr
3132-TVFDZ,1,Yes,No,57,DSL,No,No,Month-to-month,Yes,Electronic check,44.85,2572.95,1,45.13947368421052,4-6yr
8286-AFUYI,0,No,No,1,DSL,Yes,No,Month-to-month,No,Electronic check,47.95,47.95,0,47.95,0-1yr
8080-DDEMJ,1,No,No,1,DSL,No,No,Month-to-month,No,Electronic check,45.1,45.1,1,45.1,0-1yr
8356-WUAOJ,0,Yes,No,1,DSL,No,No,Month-to-month,Yes,Electronic check,45.0,45.0,0,45.0,0-1yr
6365-MTGZX,0,No,No,24,Fiber optic,No,Yes,Month-to-month,Yes,Electronic check,96.0,2122.45,1,88.43541666666665,1-2yr
1349-WXNGG,0,No,No,1,No,No,No,Month-to-month,No,Bank transfer,20.05,20.05,1,20.05,0-1yr
8058-DMYRU,1,No,No,54,Fiber optic,No,No,Month-to-month,Yes,Electronic check,90.05,4931.8,0,91.32962962962964,4-6yr
9350-ZXYJC,0,No,No,4,No,No,No,Two year,Yes,Credit card,25.3,116.95,0,29.2375,0-1yr
6990-YNRIO,0,Yes,Yes,65,Fiber optic,Yes,Yes,Two year,No,Bank transfer,108.65,6937.95,1,106.7376923076923,4-6yr
8958-JPTRR,0,Yes,No,56,No,No,No,One year,No,Electronic check,24.3,1261.7,0,22.530357142857145,4-6yr
6959-GQEGV,0,No,No,45,DSL,Yes,No,Month-to-month,Yes,Electronic check,75.95,3273.8,0,72.75111111111111,2-4yr
3173-WSSUE,0,Yes,Yes,71,No,No,No,Two year,No,Credit card,19.7,1415.85,0,19.941549295774646,4-6yr
1265-HVPZB,0,Yes,No,59,DSL,Yes,No,One year,No,Credit card,66.4,3958.2,0,67.08813559322033,4-6yr
4115-UMJFQ,0,No,No,69,DSL,No,No,One year,Yes,Bank transfer,35.75,2492.25,0,36.119565217391305,4-6yr
7369-TRPFD,0,No,No,19,No,No,No,One year,No,Mailed check,18.8,279.2,0,14.694736842105263,1-2yr
1098-KFQEC,0,Yes,Yes,55,No,No,No,Two year,No,Credit card,19.4,1083.0,0,19.69090909090909,4-6yr
7190-XHTWJ,0,No,No,38,No,No,No,One year,No,Mailed check,19.3,755.5,0,19.88157894736842,2-4yr
0621-TWIEM,0,No,No,10,DSL,No,No,Month-to-month,Yes,Electronic check,45.55,402.6,1,40.260000000000005,0-1yr
3537-RYBHH,1,Yes,No,47,DSL,Yes,No,Month-to-month,Yes,Credit card,67.45,3252.0,0,69.19148936170212,2-4yr
2485-ITVKB,0,Yes,No,2,DSL,No,No,Month-to-month,Yes,Electronic check,35.1,68.75,1,34.375,0-1yr
3669-OYSJI,0,No,No,1,DSL,No,No,Month-to-month,No,Credit card,46.2,46.2,1,46.2,0-1yr
1612-EOHDH,0,No,No,1,DSL,No,No,Month-to-month,No,Electronic check,45.15,45.15,1,45.15,0-1yr
6702-OHFWR,1,No,No,1,DSL,No,No,Month-to-month,Yes,Electronic check,43.3,43.3,1,43.3,0-1yr
5296-BFCYD,0,Yes,Yes,46,No,No,No,Two year,Yes,Mailed check,20.1,936.85,0,20.366304347826087,2-4yr
4510-PYUSH,1,No,No,38,DSL,Yes,No,Month-to-month,Yes,Credit card,57.15,2250.65,1,59.227631578947374,2-4yr
9359-JANWS,0,Yes,No,65,DSL,Yes,Yes,Two year,No,Credit card,58.9,3857.1,0,59.339999999999996,4-6yr
7517-SAWMO,0,Yes,No,19,Fiber optic,Yes,No,Month-to-month,Yes,Electronic check,73.2,1441.1,1,75.84736842105262,1-2yr
4143-HHPMK,0,No,No,52,Fiber optic,No,No,Month-to-month,Yes,Electronic check,85.35,4338.6,1,83.4346153846154,4-6yr
3279-DYZQM,0,Yes,Yes,71,No,No,No,Two year,No,Mailed check,19.45,1378.45,0,19.414788732394367,4-6yr
7054-LGEQW,0,No,No,1,DSL,No,No,Month-to-month,No,Mailed check,45.95,45.95,1,45.95,0-1yr
0523-VNGTF,1,No,No,52,DSL,No,Yes,Month-to-month,Yes,Electronic check,50.5,2566.3,0,49.35192307692308,4-6yr
9575-IWCAZ,0,Yes,No,6,No,No,No,One year,No,Mailed check,25.1,171.0,0,28.5,0-1yr
7105-MXJLL,1,Yes,No,26,DSL,No,No,One year,No,Mailed check,60.7,1597.4,0,61.43846153846154,2-4yr
7064-FRRSW,1,No,No,48,Fiber optic,No,No,One year,Yes,Electronic check,99.0,4744.35,0,98.840625,2-4yr
7940-UQQUG,0,Yes,Yes,64,Fiber optic,Yes,Yes,One year,Yes,Bank transfer,104.4,6721.6,0,105.025,4-6yr
0923-PNFUB,0,No,No,3,Fiber optic,No,No,Month-to-month,No,Electronic check,83.75,247.25,1,82.41666666666667,0-1yr
3961-SXAXY,0,No,No,1,DSL,No,No,Month-to-month,Yes,Bank transfer,44.05,44.05,0,44.05,0-1yr
7010-BRBUU,0,Yes,Yes,72,No,No,No,Two year,No,Credit card,24.1,1734.65,0,24.092361111111114,4-6yr
3566-HJGPK,0,No,No,1,DSL,No,No,Month-to-month,Yes,Mailed check,45.55,45.55,0,45.55,0-1yr
3062-ICYZQ,0,Yes,Yes,51,Fiber optic,Yes,No,Month-to-month,Yes,Electronic check,93.8,4539.35,0,89.00686274509805,4-6yr
9938-PRCVK,0,Yes,Yes,41,No,No,No,Two year,No,Bank transfer,19.7,804.25,0,19.615853658536587,2-4yr
0973-KYVNF,0,Yes,Yes,72,DSL,Yes,No,Two year,Yes,Credit card,70.65,5011.15,0,69.59930555555555,4-6yr
5129-HHMZC,0,Yes,No,43,DSL,Yes,Yes,Two year,No,Credit card,86.45,3574.5,0,83.12790697674419,2-4yr
9637-CDTKZ,0,Yes,No,72,Fiber optic,Yes,Yes,Two year,Yes,Credit card,114.1,8086.4,0,112.3111111111111,4-6yr
3946-JEWRQ,0,Yes,No,47,Fiber optic,No,No,One year,Yes,Credit card,95.2,4563.0,0,97.08510638297872,2-4yr
7873-CVMAW,0,No,No,72,DSL,Yes,Yes,Two year,No,Credit card,88.55,6362.35,0,88.36597222222223,4-6yr
0463-WZZKO,0,No,No,3,No,No,No,Month-to-month,Yes,Credit card,20.75,67.1,0,22.366666666666664,0-1yr
3494-JCHRQ,0,No,No,1,Fiber optic,No,No,Month-to-month,Yes,Electronic check,70.05,70.05,1,70.05,0-1yr
6474-FVJLC,0,No,No,2,Fiber optic,No,No,Month-to-month,Yes,Electronic check,86.0,165.45,1,82.725,0-1yr
4524-QCSSM,0,No,No,26,DSL,Yes,No,Month-to-month,Yes,Bank transfer,44.65,1156.55,0,44.482692307692304,2-4yr
5832-EXGTT,0,Yes,Yes,29,DSL,Yes,No,Month-to-month,Yes,Mailed check,60.2,1834.15,0,63.24655172413794,2-4yr
8840-DQLGN,1,Yes,No,35,Fiber optic,Yes,Yes,Month-to-month,Yes,Bank transfer,100.5,3653.35,1,104.38142857142857,2-4yr
2039-JONDJ,0,No,No,27,DSL,Yes,No,One year,No,Bank transfer,55.45,1477.65,0,54.72777777777778,2-4yr
7217-JYHOQ,0,Yes,Yes,24,DSL,Yes,Yes,Month-to-month,Yes,Credit card,70.3,1706.45,0,71.10208333333334,1-2yr
6695-FRVEC,0,Yes,Yes,67,DSL,Yes,Yes,Two year,Yes,Bank transfer,60.4,3953.7,0,59.01044776119403,4-6yr
4547-LYTDD,0,No,No,16,Fiber optic,No,No,Month-to-month,No,Electronic check,72.65,1194.3,1,74.64375,1-2yr
9894-QMIMJ,0,No,No,23,DSL,No,No,One year,No,Bank transfer,55.8,1327.85,0,57.73260869565217,1-2yr
8069-YQQAJ,0,No,No,14,DSL,No,No,Month-to-month,Yes,Mailed check,31.1,419.7,0,29.978571428571428,1-2yr
6770-XUAGN,0,Yes,Yes,1,No,No,No,Month-to-month,Yes,Electronic check,21.0,21.0,1,21.0,0-1yr
4193-ORFCL,1,No,No,1,DSL,No,No,Month-to-month,No,Mailed check,45.1,45.1,1,45.1,0-1yr
1636-NTNCO,1,No,No,4,DSL,No,No,Month-to-month,Yes,Credit card,50.95,207.35,0,51.8375,0-1yr
3466-WAESX,0,No,Yes,16,DSL,Yes,No,Month-to-month,Yes,Electronic check,69.1,1083.7,0,67.73125,1-2yr
9281-PKKZE,0,Yes,No,46,DSL,No,No,Month-to-month,Yes,Electronic check,43.95,2007.85,0,43.64891304347826,2-4yr
3638-VBZTA,0,No,Yes,68,DSL,Yes,Yes,Two year,Yes,Bank transfer,86.5,5882.75,0,86.51102941176471,4-6yr
7459-IMVYU,0,No,No,38,DSL,Yes,Yes,Month-to-month,No,Electronic check,69.95,2657.55,0,69.93552631578947,2-4yr
7776-QWNFX,1,Yes,No,30,DSL,No,No,Month-to-month,Yes,Bank transfer,50.4,1527.5,1,50.916666666666664,2-4yr
6689-TCZHQ,1,No,No,5,Fiber optic,No,No,Month-to-month,No,Electronic check,78.95,378.4,1,75.67999999999999,0-1yr
8563-OYMQY,0,No,No,17,Fiber optic,No,No,Month-to-month,Yes,Credit card,90.95,1612.2,0,94.83529411764707,1-2yr
0754-EEBDC,0,Yes,Yes,4,No,No,No,Two year,No,Mailed check,19.9,76.65,0,19.1625,0-1yr
5777-ZPQNC,0,No,No,12,No,No,No,One year,No,Electronic check,20.15,260.7,0,21.724999999999998,0-1yr
1951-IEYXM,0,Yes,Yes,72,DSL,Yes,Yes,Two year,Yes,Credit card,90.6,6441.85,0,89.4701388888889,4-6yr
3318-NMQXL,0,No,No,3,Fiber optic,No,No,Month-to-month,Yes,Electronic check,92.0,266.8,0,88.93333333333334,0-1yr
3143-ILDAL,0,No,No,56,Fiber optic,No,Yes,Month-to-month,Yes,Electronic check,94.45,5124.6,1,91.51071428571429,4-6yr
1022-RKXDR,0,No,No,41,No,No,No,One year,Yes,Mailed check,24.85,962.25,0,23.46951219512195,2-4yr
2361-FJWNO,0,No,No,40,DSL,No,Yes,One year,No,Credit card,36.0,1382.9,0,34.572500000000005,2-4yr
2272-UOINI,0,No,No,7,DSL,Yes,Yes,Month-to-month,Yes,Electronic check,78.5,571.05,0,81.57857142857142,0-1yr
8232-UTFOZ,0,No,No,69,No,No,No,Two year,No,Credit card,19.95,1399.35,0,20.280434782608694,4-6yr
3750-YHRYO,0,Yes,Yes,7,No,No,No,One year,No,Mailed check,20.65,150.0,0,21.428571428571427,0-1yr
6637-KYRCV,0,Yes,Yes,5,DSL,No,No,Month-to-month,Yes,Electronic check,30.5,167.2,0,33.44,0-1yr
5668-MEISB,0,Yes,Yes,72,Fiber optic,Yes,Yes,Two year,No,Credit card,106.1,7657.4,0,106.35277777777777,4-6yr
0129-QMPDR,0,Yes,Yes,44,No,No,No,One year,Yes,Bank transfer,20.5,865.05,0,19.660227272727273,2-4yr
7188-CBBBA,0,No,No,65,Fiber optic,No,No,One year,Yes,Electronic check,95.5,6153.85,0,94.6746153846154,4-6yr
5356-CSVSQ,0,No,No,3,DSL,No,Yes,Month-to-month,No,Electronic check,64.6,174.2,0,58.06666666666666,0-1yr
3221-CJMSG,0,No,No,24,DSL,No,Yes,Month-to-month,Yes,Credit card,51.1,1269.6,0,52.9,1-2yr
4720-VSTSI,0,No,No,44,Fiber optic,No,No,Month-to-month,Yes,Bank transfer,84.8,3862.55,1,87.78522727272728,2-4yr
3219-JQRSL,1,Yes,No,72,DSL,Yes,Yes,Two year,No,Credit card,89.1,6352.4,0,88.22777777777777,4-6yr
2801-NISEI,0,No,No,24,DSL,Yes,Yes,Month-to-month,No,Electronic check,54.95,1348.5,0,56.1875,1-2yr
3946-MHCZW,0,No,No,1,DSL,No,No,Month-to-month,No,Mailed check,50.9,50.9,1,50.9,0-1yr
4623-ZKHLY,0,Yes,No,22,No,No,No,Month-to-month,Yes,Bank transfer,20.45,471.55,0,21.43409090909091,1-2yr
6732-VAILE,0,Yes,Yes,70,DSL,No,Yes,Two year,Yes,Credit card,85.95,5931.75,0,84.73928571428571,4-6yr
8201-AAXCB,0,Yes,Yes,25,DSL,No,No,Month-to-month,No,Electronic check,60.35,1404.65,0,56.18600000000001,2-4yr
7696-CFTAT,0,Yes,Yes,37,No,No,No,Two year,No,Bank transfer,19.8,726.1,0,19.624324324324323,2-4yr
1845-CSBRZ,1,Yes,Yes,22,Fiber optic,No,No,Month-to-month,No,Bank transfer,85.35,1961.6,0,89.16363636363636,1-2yr
2123-VSCOT,0,Yes,Yes,59,DSL,No,Yes,Two year,Yes,Bank transfer,72.1,4194.85,0,71.09915254237289,4-6yr
6651-AZVTJ,0,Yes,Yes,49,Fiber optic,No,No,Month-to-month,Yes,Electronic check,99.8,4872.45,1,99.43775510204081,4-6yr
4566-GOLUK,0,Yes,Yes,47,Fiber optic,No,Yes,Month-to-month,Yes,Bank transfer,107.35,5118.95,1,108.91382978723404,2-4yr
2484-DGXPZ,0,Yes,Yes,31,No,No,No,Month-to-month,Yes,Mailed check,19.55,658.95,1,21.256451612903227,2-4yr
2018-QKYGT,0,Yes,Yes,1,Fiber optic,No,No,Month-to-month,Yes,Electronic check,81.05,81.05,0,81.05,0-1yr
2792-VPPET,0,No,No,3,No,No,No,Month-to-month,Yes,Electronic check,20.5,76.95,0,25.650000000000002,0-1yr
7409-JURKQ,0,Yes,No,53,Fiber optic,No,Yes,One year,Yes,Bank transfer,111.8,5809.75,0,109.61792452830188,4-6yr
3247-MHJKM,0,No,No,1,No,No,No,Month-to-month,No,Mailed check,20.2,20.2,0,20.2,0-1yr
1964-SVLEA,0,No,No,20,No,No,No,One year,Yes,Mailed check,19.7,415.9,0,20.794999999999998,1-2yr
4587-NUKOX,0,No,No,3,Fiber optic,Yes,No,Month-to-month,Yes,Electronic check,79.1,246.5,1,82.16666666666667,0-1yr
7297-DVYGA,0,No,No,51,No,No,No,One year,Yes,Bank transfer,19.85,996.95,0,19.548039215686277,4-6yr
2239-CGBUZ,0,Yes,No,51,DSL,Yes,Yes,One year,Yes,Bank transfer,60.5,3145.15,0,61.66960784313726,4-6yr
0854-UYHZD,0,Yes,Yes,13,No,No,No,Two year,No,Mailed check,19.55,265.3,0,20.407692307692308,1-2yr
7243-LCGGZ,0,No,No,1,No,No,No,Month-to-month,No,Mailed check,20.9,20.9,0,20.9,0-1yr
8267-KFGYD,0,No,Yes,1,No,No,No,Month-to-month,Yes,Mailed check,21.05,21.05,0,21.05,0-1yr
4890-VMUAV,0,No,No,63,DSL,Yes,Yes,One year,No,Electronic check,71.5,4576.3,0,72.63968253968254,4-6yr
9261-WDCAF,0,No,No,3,DSL,No,No,Month-to-month,No,Mailed check,54.65,189.1,0,63.03333333333333,0-1yr
3764-MNMOI,0,No,No,46,No,No,No,Two year,No,Credit card,19.2,908.15,0,19.742391304347827,2-4yr
7442-YGZFK,0,No,No,1,DSL,No,No,Month-to-month,Yes,Credit card,49.8,49.8,0,49.8,0-1yr
0420-BWTPW,0,No,Yes,8,DSL,No,No,Month-to-month,No,Mailed check,25.5,215.2,1,26.9,0-1yr
8229-BUJHX,0,Yes,Yes,71,No,No,No,Two year,No,Bank transfer,20.5,1500.95,0,21.140140845070423,4-6yr
7449-HVPIV,0,Yes,Yes,55,Fiber optic,No,No,Month-to-month,Yes,Credit card,90.4,5099.15,0,92.71181818181817,4-6yr
5504-WSIUR,0,No,No,70,Fiber optic,No,Yes,One year,Yes,Bank transfer,90.25,6385.95,0,91.22785714285715,4-6yr
8183-ONMXC,0,No,No,2,Fiber optic,No,No,Month-to-month,No,Electronic check,80.75,159.45,1,79.725,0-1yr
8466-PZBLH,0,Yes,Yes,67,Fiber optic,Yes,Yes,Two year,No,Bank transfer,104.6,6885.75,0,102.7723880597015,4-6yr
9614-RMGHA,0,Yes,No,65,Fiber optic,No,No,Month-to-month,Yes,Bank transfer,91.85,5940.85,1,91.39769230769231,4-6yr
8735-IJJEG,0,Yes,No,14,DSL,No,No,Month-to-month,No,Credit card,50.2,668.85,0,47.775,1-2yr
0564-MUUQK,0,Yes,Yes,20,Fiber optic,No,Yes,Month-to-month,Yes,Bank transfer,95.5,1916.2,0,95.81,1-2yr
5054-IEXZT,0,No,Yes,1,Fiber optic,No,No,Month-to-month,Yes,Electronic check,75.35,75.35,1,75.35,0-1yr
5834-ASPWA,0,No,No,1,Fiber optic,No,No,Month-to-month,Yes,Electronic check,75.45,75.45,1,75.45,0-1yr
0701-RFGFI,0,Yes,Yes,49,Fiber optic,No,No,Month-to-month,Yes,Bank transfer,95.4,4613.95,0,94.16224489795918,4-6yr
0019-EFAEP,0,No,No,72,Fiber optic,Yes,No,Two year,Yes,Bank transfer,101.3,7261.25,0,100.85069444444444,4-6yr
5619-PTMIK,0,Yes,No,46,DSL,Yes,No,Month-to-month,No,Electronic check,53.1,2459.8,0,53.47391304347826,2-4yr
3737-XBQDD,0,No,No,24,Fiber optic,No,No,Month-to-month,Yes,Bank transfer,84.85,2048.8,0,85.36666666666667,1-2yr
5882-CMAZQ,0,Yes,Yes,5,DSL,No,Yes,Month-to-month,No,Electronic check,34.25,163.55,0,32.71,0-1yr
5846-QFDFI,0,Yes,Yes,33,Fiber optic,No,Yes,Month-to-month,No,Credit card,88.6,2888.7,0,87.53636363636363,2-4yr
4445-KWOKW,0,No,No,42,DSL,Yes,No,One year,Yes,Bank transfer,60.15,2421.6,0,57.65714285714286,2-4yr
3511-APPBJ,0,No,No,23,Fiber optic,Yes,No,One year,Yes,Credit card,99.95,2292.75,0,99.68478260869566,1-2yr
7967-HYCDE,0,No,No,8,Fiber optic,No,No,Month-to-month,No,Bank transfer,70.7,553.4,0,69.175,0-1yr
2430-RRYUW,0,No,No,66,DSL,Yes,No,One year,Yes,Mailed check,54.8,3465.7,0,52.51060606060606,4-6yr
3948-XHGNA,0,No,No,24,DSL,Yes,No,Month-to-month,Yes,Bank transfer,49.55,1210.4,1,50.43333333333334,1-2yr
3723-BFBGR,1,No,No,24,DSL,No,No,Month-to-month,No,Credit card,54.8,1291.3,0,53.80416666666667,1-2yr
0565-IYCGT,0,No,No,69,DSL,Yes,Yes,One year,Yes,Credit card,78.6,5356.45,1,77.62971014492753,4-6yr
5447-WZAFP,0,No,No,53,Fiber optic,No,No,One year,Yes,Mailed check,100.3,5200.8,0,98.12830188679246,4-6yr
5110-CHOPY,0,No,No,60,DSL,Yes,No,Two year,No,Electronic check,53.6,3237.05,0,53.950833333333335,4-6yr
5445-UTODQ,0,Yes,No,7,Fiber optic,No,No,Month-to-month,Yes,Electronic check,81.1,576.65,1,82.37857142857142,0-1yr
4425-OWHWB,0,No,No,20,No,No,No,One year,Yes,Credit card,19.35,433.75,0,21.6875,1-2yr
7892-QVYKW,0,Yes,Yes,23,Fiber optic,No,No,Month-to-month,No,Electronic check,85.6,1868.4,0,81.23478260869565,1-2yr
9675-ICXCT,0,Yes,Yes,72,DSL,Yes,Yes,Two year,Yes,Electronic check,80.8,5728.55,0,79.56319444444445,4-6yr
1024-VRZHF,0,Yes,No,11,Fiber optic,No,No,Month-to-month,Yes,Electronic check,74.95,825.7,1,75.06363636363636,0-1yr
4703-MQYKT,0,No,No,21,No,No,No,Two year,No,Mailed check,19.6,390.4,0,18.59047619047619,1-2yr
9497-QCMMS,1,No,No,1,Fiber optic,No,No,Month-to-month,Yes,Electronic check,93.55,93.55,1,93.55,0-1yr
5692-ICXLW,1,No,No,31,Fiber optic,No,No,Month-to-month,Yes,Electronic check,90.7,2845.15,0,91.77903225806452,2-4yr
0602-DDUML,0,No,No,57,DSL,No,Yes,Two year,No,Mailed check,69.75,3894.4,0,68.32280701754387,4-6yr
2208-MPXIO,0,Yes,Yes,45,No,No,No,Two year,Yes,Bank transfer,20.0,886.4,0,19.697777777777777,2-4yr
1960-UYCNN,0,No,No,10,Fiber optic,No,No,Month-to-month,Yes,Electronic check,95.25,1021.55,0,102.155,0-1yr
0348-SDKOL,0,Yes,No,58,Fiber optic,No,Yes,Month-to-month,Yes,Credit card,102.1,5885.4,1,101.47241379310344,4-6yr
3190-FZATL,0,No,Yes,14,No,No,No,Month-to-month,No,Mailed check,19.95,268.4,0,19.17142857142857,1-2yr
7336-RLLRH,0,Yes,No,27,DSL,Yes,Yes,One year,No,Mailed check,80.85,2204.35,0,81.64259259259259,2-4yr
4373-MAVJG,0,Yes,Yes,14,Fiber optic,No,No,Month-to-month,Yes,Bank transfer,90.9,1259.0,1,89.92857142857143,1-2yr
8901-HJXTF,0,Yes,Yes,12,DSL,No,No,Month-to-month,No,Mailed check,29.2,309.1,1,25.758333333333336,0-1yr
7710-JSYOA,0,Yes,Yes,69,Fiber optic,No,Yes,Two year,Yes,Bank transfer,93.3,6398.05,0,92.72536231884058,4-6yr
5419-KLXBN,0,Yes,Yes,25,Fiber optic,No,No,Month-to-month,Yes,Bank transfer,89.15,2257.75,1,90.31,2-4yr
3424-NMNBO,1,Yes,No,58,Fiber optic,Yes,No,One year,Yes,Electronic check,108.85,6287.25,1,108.40086206896552,4-6yr
9885-MFVSU,0,Yes,Yes,35,DSL,Yes,Yes,Two year,Yes,Credit card,46.35,1662.05,0,47.48714285714286,2-4yr
4514-GFCFI,1,No,No,16,Fiber optic,No,No,Month-to-month,Yes,Electronic check,84.75,1350.15,1,84.384375,1-2yr
0607-MVMGC,0,Yes,Yes,45,DSL,No,No,One year,No,Credit card,78.75,3600.65,0,80.01444444444445,2-4yr
3365-SAIGS,0,No,No,17,Fiber optic,No,No,Month-to-month,Yes,Electronic check,83.55,1329.15,0,78.18529411764706,1-2yr
9828-AOQLM,0,Yes,Yes,1,DSL,No,No,Month-to-month,Yes,Electronic check,45.7,45.7,1,45.7,0-1yr
8022-BECSI,0,No,No,22,No,No,No,One year,No,Mailed check,19.6,422.5,0,19.204545454545453,1-2yr
8000-REIQB,1,No,No,1,Fiber optic,No,No,Month-to-month,Yes,Electronic check,69.95,69.95,1,69.95,0-1yr
9993-LHIEB,0,Yes,Yes,67,DSL,Yes,Yes,Two year,No,Mailed check,67.85,4627.65,0,69.06940298507462,4-6yr
0266-CLZKZ,0,Yes,Yes,67,Fiber optic,No,Yes,Two year,Yes,Bank transfer,105.65,6717.9,0,100.26716417910447,4-6yr
7615-ESMYF,0,Yes,No,2,DSL,No,No,Month-to-month,No,Electronic check,44.6,97.1,1,48.55,0-1yr
3858-VOBET,0,No,No,23,Fiber optic,No,No,Month-to-month,Yes,Electronic check,74.95,1710.45,1,74.36739130434783,1-2yr
7020-OZKXZ,1,No,No,9,Fiber optic,No,No,Month-to-month,No,Credit card,75.5,637.4,0,70.82222222222222,0-1yr
3977-QCRSL,0,No,No,5,No,No,No,Month-to-month,No,Mailed check,20.15,117.95,0,23.59,0-1yr
0017-DINOC,0,No,No,54,DSL,Yes,Yes,Two year,No,Credit card,45.2,2460.55,0,45.56574074074074,4-6yr
1447-PJGGA,0,No,No,57,Fiber optic,No,No,Two year,Yes,Electronic check,95.25,5464.65,1,95.87105263157895,4-6yr
8565-CLBZW,0,No,No,24,Fiber optic,No,No,Month-to-month,Yes,Mailed check,89.85,2165.05,1,90.21041666666667,1-2yr
9139-WQQDY,0,Yes,Yes,49,Fiber optic,No,No,One year,No,Mailed check,100.45,4941.8,1,100.8530612244898,4-6yr
0224-HJAPT,0,No,No,5,DSL,No,No,Month-to-month,No,Electronic check,47.15,223.15,1,44.63,0-1yr
8086-OVPWV,0,No,No,2,Fiber optic,No,No,Month-to-month,Yes,Electronic check,80.2,181.1,1,90.55,0-1yr
9430-FRQOC,0,No,Yes,4,Fiber optic,No,Yes,Month-to-month,Yes,Mailed check,87.1,341.45,1,85.3625,0-1yr
7639-OPLNG,0,Yes,Yes,70,DSL,Yes,Yes,Two year,Yes,Bank transfer,79.25,5731.85,0,81.88357142857143,4-6yr
3074-GQWYX,0,No,No,5,Fiber optic,No,No,Month-to-month,Yes,Bank transfer,75.9,357.75,1,71.55,0-1yr
1492-QGCLU,0,Yes,Yes,53,DSL,Yes,Yes,Month-to-month,No,Electronic check,85.7,4616.1,0,87.09622641509435,4-6yr
6845-RGTYS,0,Yes,No,47,Fiber optic,Yes,No,Month-to-month,Yes,Electronic check,98.75,4533.7,1,96.46170212765956,2-4yr
7328-OWMOM,0,No,Yes,31,No,No,No,One year,No,Credit card,20.1,589.25,0,19.008064516129032,2-4yr
4418-LZMSV,0,Yes,Yes,13,DSL,No,Yes,Month-to-month,No,Bank transfer,61.8,750.1,0,57.7,1-2yr
5155-AZQPB,0,Yes,Yes,28,DSL,No,No,Month-to-month,No,Mailed check,49.9,1410.25,0,50.36607142857143,2-4yr
8861-HGGKB,0,No,No,10,Fiber optic,No,No,Month-to-month,No,Electronic check,86.45,830.85,1,83.08500000000001,0-1yr
1087-GRUYI,0,Yes,No,38,No,No,No,Two year,No,Bank transfer,20.4,743.5,0,19.56578947368421,2-4yr
7065-YUNRY,0,No,No,1,DSL,No,No,Month-to-month,Yes,Mailed check,45.3,45.3,1,45.3,0-1yr
7694-VLBWQ,0,Yes,No,67,Fiber optic,No,No,One year,No,Electronic check,104.1,7040.85,1,105.08731343283583,4-6yr
2546-KZAAT,0,Yes,No,52,DSL,Yes,No,One year,Yes,Mailed check,75.4,3865.45,0,74.33557692307691,4-6yr
0181-RITDD,0,Yes,Yes,62,Fiber optic,Yes,Yes,Two year,No,Mailed check,108.15,6825.65,0,110.09112903225805,4-6yr
5989-PGKJB,0,No,No,16,Fiber optic,No,No,Month-to-month,Yes,Electronic check,86.25,1340.1,0,83.75625,1-2yr
4795-KTRTH,1,Yes,No,5,Fiber optic,No,No,Month-to-month,Yes,Electronic check,81.0,371.65,1,74.33,0-1yr
8272-ONJLV,0,No,No,12,Fiber optic,No,No,One year,No,Electronic check,95.7,1184.0,0,98.66666666666667,0-1yr
1488-PBLJN,0,Yes,Yes,72,Fiber optic,Yes,Yes,Two year,Yes,Bank transfer,116.85,8477.7,0,117.74583333333334,4-6yr
0308-GIQJT,1,No,No,71,Fiber optic,No,Yes,One year,No,Bank transfer,105.75,7382.85,0,103.98380281690142,4-6yr
3778-FOAQW,0,Yes,No,24,No,No,No,One year,No,Mailed check,20.15,456.85,0,19.035416666666666,1-2yr
4452-ROHMO,0,No,No,15,No,No,No,Two year,No,Mailed check,19.6,331.6,0,22.10666666666667,1-2yr
6481-OGDOO,0,Yes,No,67,Fiber optic,Yes,No,One year,Yes,Credit card,90.6,6056.15,1,90.39029850746267,4-6yr
3090-LETTY,0,No,Yes,2,DSL,Yes,No,Month-to-month,No,Bank transfer,60.95,134.6,0,67.3,0-1yr
5349-AZPEW,0,Yes,Yes,5,DSL,No,No,Month-to-month,No,Mailed check,25.05,125.5,0,25.1,0-1yr
3753-TSEMP,0,Yes,No,15,Fiber optic,No,No,Month-to-month,No,Electronic check,88.15,1390.6,1,92.70666666666666,1-2yr
8305-VHZBZ,0,No,No,1,No,No,No,Month-to-month,Yes,Mailed check,20.2,20.2,1,20.2,0-1yr
9720-JJJOR,0,Yes,Yes,41,DSL,Yes,No,One year,Yes,Bank transfer,60.3,2511.3,0,61.25121951219513,2-4yr
8100-HZZLJ,0,No,Yes,43,DSL,Yes,No,Month-to-month,Yes,Electronic check,63.95,2737.05,0,63.65232558139535,2-4yr
8775-ERLNB,1,Yes,No,1,Fiber optic,No,No,Month-to-month,No,Electronic check,74.3,74.3,0,74.3,0-1yr
8309-IEYJD,1,No,No,1,Fiber optic,No,No,Month-to-month,Yes,Mailed check,70.6,70.6,0,70.6,0-1yr
9172-JITSM,0,Yes,Yes,26,Fiber optic,No,No,Month-to-month,Yes,Electronic check,90.8,2361.8,1,90.83846153846154,2-4yr
6298-QDFNH,0,No,No,22,Fiber optic,No,No,Month-to-month,Yes,Electronic check,79.35,1730.35,1,78.65227272727272,1-2yr
7398-HPYZQ,0,Yes,No,71,DSL,Yes,Yes,Two year,No,Bank transfer,90.55,6404.0,0,90.19718309859155,4-6yr
3546-GHEAE,0,No,No,7,No,No,No,Two year,No,Mailed check,19.45,165.35,0,23.62142857142857,0-1yr
7361-YPXFS,1,No,No,28,DSL,No,Yes,Month-to-month,No,Bank transfer,64.45,1867.6,0,66.7,2-4yr
6557-BZXLQ,1,No,No,16,Fiber optic,No,No,Month-to-month,No,Electronic check,69.65,1043.3,0,65.20625,1-2yr
2550-QHZGP,0,No,No,7,No,No,No,One year,No,Mailed check,19.5,128.6,0,18.37142857142857,0-1yr
7519-JTWQH,0,No,No,69,Fiber optic,No,Yes,Two year,Yes,Bank transfer,110.5,7455.45,0,108.05,4-6yr
2538-OIMXF,0,No,Yes,1,DSL,No,No,Month-to-month,No,Mailed check,24.7,24.7,0,24.7,0-1yr
8543-MSDMF,0,No,No,3,DSL,Yes,No,Month-to-month,Yes,Electronic check,77.4,206.15,0,68.71666666666667,0-1yr
9961-JBNMK,1,No,No,21,Fiber optic,No,No,Month-to-month,Yes,Bank transfer,96.8,2030.3,1,96.68095238095238,1-2yr
1170-SASML,0,Yes,No,69,Fiber optic,No,No,Month-to-month,Yes,Bank transfer,85.4,5869.4,0,85.06376811594203,4-6yr
4872-JCVCA,0,Yes,No,71,DSL,Yes,Yes,Two year,Yes,Bank transfer,47.6,3377.8,0,47.57464788732395,4-6yr
5346-BZCHP,0,Yes,Yes,69,No,No,No,Two year,No,Mailed check,19.4,1346.2,0,19.51014492753623,4-6yr
2038-LLMLM,0,No,No,48,Fiber optic,No,Yes,Month-to-month,Yes,Electronic check,103.85,4946.05,0,103.04270833333334,2-4yr
6173-ITPWD,0,Yes,No,47,Fiber optic,No,No,Month-to-month,Yes,Bank transfer,83.35,4065.0,1,86.48936170212765,2-4yr
9734-UYXQI,0,No,No,2,DSL,No,No,Month-to-month,Yes,Electronic check,49.4,106.55,1,53.275,0-1yr
1216-BGTSP,0,No,No,45,Fiber optic,Yes,Yes,Month-to-month,Yes,Credit card,108.45,4964.7,0,110.32666666666667,2-4yr
4138-NAXED,0,No,No,51,Fiber optic,No,No,Month-to-month,No,Bank transfer,81.0,4085.75,0,80.11274509803921,4-6yr
2189-UXTKY,0,Yes,No,22,DSL,Yes,Yes,Month-to-month,Yes,Electronic check,79.2,1742.75,1,79.2159090909091,1-2yr
0744-BIKKF,0,No,No,72,DSL,Yes,Yes,Two year,No,Bank transfer,86.65,6224.8,0,86.45555555555556,4-6yr
7483-IQWIB,0,Yes,Yes,37,Fiber optic,No,No,Month-to-month,Yes,Electronic check,92.95,3415.25,0,92.30405405405405,2-4yr
5248-KWLAR,0,Yes,Yes,71,DSL,Yes,Yes,Two year,No,Electronic check,90.35,6325.25,0,89.08802816901408,4-6yr
4958-GZWIY,0,Yes,Yes,7,DSL,No,No,Month-to-month,No,Electronic check,48.7,340.25,1,48.607142857142854,0-1yr
7996-MHXLW,0,No,No,66,No,No,No,Two year,Yes,Credit card,25.15,1683.6,0,25.509090909090908,4-6yr
7833-PKIHD,0,Yes,Yes,51,DSL,Yes,Yes,One year,Yes,Bank transfer,76.4,3966.3,0,77.77058823529413,4-6yr
7061-OVMIM,0,Yes,Yes,30,No,No,No,One year,No,Bank transfer,19.55,608.5,0,20.283333333333335,2-4yr
5153-RTHKF,0,No,No,34,Fiber optic,No,No,Month-to-month,No,Electronic check,85.35,2896.6,0,85.19411764705882,2-4yr
1852-QSWCD,0,Yes,Yes,64,No,No,No,Two year,Yes,Mailed check,24.8,1514.85,0,23.66953125,4-6yr
4832-VRBMR,1,Yes,No,65,Fiber optic,No,No,One year,Yes,Bank transfer,103.15,6792.45,0,104.49923076923076,4-6yr
9079-LWTFD,0,No,No,47,Fiber optic,Yes,Yes,Month-to-month,No,Mailed check,100.75,4669.2,0,99.34468085106383,2-4yr
6356-ELRKD,0,No,No,1,Fiber optic,Yes,No,Month-to-month,Yes,Electronic check,95.6,95.6,1,95.6,0-1yr
8624-GIOUT,0,No,No,49,DSL,Yes,No,Month-to-month,Yes,Credit card,59.75,2934.3,1,59.88367346938776,4-6yr
3392-EHMNK,0,Yes,Yes,67,Fiber optic,No,Yes,Two year,No,Credit card,94.1,6302.8,0,94.07164179104478,4-6yr
5986-WWXDV,0,No,Yes,39,No,No,No,One year,No,Bank transfer,19.35,779.2,0,19.97948717948718,2-4yr
3061-BCKYI,0,No,No,14,No,No,No,Month-to-month,No,Mailed check,19.9,283.75,0,20.267857142857142,1-2yr
6179-GJPSO,1,No,No,43,Fiber optic,Yes,Yes,Month-to-month,Yes,Credit card,108.15,4600.7,1,106.99302325581395,2-4yr
7901-TBKJX,1,No,No,56,Fiber optic,No,No,Month-to-month,Yes,Electronic check,101.05,5594.0,0,99.89285714285714,4-6yr
7228-PAQPD,0,No,No,14,DSL,No,Yes,One year,No,Credit card,59.1,772.85,0,55.20357142857143,1-2yr
3177-LASXD,0,No,No,1,Fiber optic,No,No,Month-to-month,No,Electronic check,71.35,71.35,1,71.35,0-1yr
7746-QYVCO,0,Yes,Yes,16,DSL,Yes,No,One year,Yes,Mailed check,55.85,857.8,0,53.6125,1-2yr
5804-HYIEZ,0,Yes,Yes,70,Fiber optic,Yes,No,Month-to-month,Yes,Electronic check,106.05,7554.05,0,107.915,4-6yr
9919-FZDED,1,Yes,No,72,DSL,Yes,No,Two year,Yes,Credit card,84.1,5981.65,0,83.07847222222222,4-6yr
5934-TSSAU,0,Yes,Yes,23,Fiber optic,No,No,Month-to-month,Yes,Credit card,75.3,1702.9,0,74.0391304347826,1-2yr
3486-KHMLI,0,No,Yes,21,No,No,No,Month-to-month,No,Mailed check,24.7,467.15,0,22.245238095238093,1-2yr
4897-QSUYC,0,No,No,1,No,No,No,Month-to-month,Yes,Mailed check,20.15,20.15,1,20.15,0-1yr
1084-UQCHV,0,No,Yes,1,Fiber optic,No,No,Month-to-month,No,Bank transfer,69.75,69.75,1,69.75,0-1yr
8290-YWKHZ,1,Yes,No,32,Fiber optic,No,No,Month-to-month,Yes,Electronic check,93.2,2931.0,1,91.59375,2-4yr
2955-BJZHG,0,Yes,Yes,17,Fiber optic,No,No,Month-to-month,No,Electronic check,80.85,1400.85,1,82.40294117647058,1-2yr
3806-DXQOM,0,No,No,4,DSL,Yes,No,Month-to-month,Yes,Electronic check,33.65,137.85,1,34.4625,0-1yr
6784-XYJAE,0,No,No,36,DSL,No,No,One year,No,Electronic check,55.8,1941.5,0,53.93055555555556,2-4yr
3933-DQPWX,0,No,No,50,DSL,No,Yes,Two year,No,Credit card,39.7,1932.75,0,38.655,4-6yr
6661-EIPZC,0,Yes,Yes,48,DSL,No,Yes,Month-to-month,Yes,Credit card,29.5,1423.05,0,29.646874999999998,2-4yr
8957-THMOA,0,No,Yes,50,No,No,No,Two year,No,Credit card,20.15,970.85,0,19.417,4-6yr
2251-PYLPB,0,Yes,No,72,DSL,Yes,Yes,Two year,No,Credit card,79.55,5810.9,0,80.70694444444445,4-6yr
5555-RNPGT,0,No,Yes,10,No,No,No,Month-to-month,No,Credit card,24.8,223.9,0,22.39,0-1yr
1057-FOGLZ,0,No,No,18,No,No,No,Month-to-month,No,Mailed check,19.65,391.7,0,21.76111111111111,1-2yr
9300-RENDD,0,No,No,1,Fiber optic,No,No,Month-to-month,Yes,Electronic check,79.95,79.95,1,79.95,0-1yr
0761-AETCS,0,No,No,1,No,No,No,Month-to-month,No,Electronic check,19.3,19.3,1,19.3,0-1yr
8087-LGYHQ,0,No,No,9,Fiber optic,No,No,Month-to-month,Yes,Electronic check,94.05,811.65,0,90.18333333333334,0-1yr
4137-BTIKL,0,No,No,2,Fiber optic,Yes,No,Month-to-month,No,Mailed check,90.75,174.75,0,87.375,0-1yr
2190-BCXEC,0,Yes,No,40,Fiber optic,No,Yes,Month-to-month,Yes,Credit card,78.85,3126.85,0,78.17125,2-4yr
6227-FBDXH,0,Yes,No,69,Fiber optic,No,No,One year,No,Bank transfer,99.5,6841.45,0,99.15144927536231,4-6yr
2153-MREFK,0,Yes,No,37,Fiber optic,Yes,Yes,One year,Yes,Electronic check,99.2,3754.6,1,101.47567567567567,2-4yr
2911-WDXMV,0,No,Yes,18,Fiber optic,No,No,Month-to-month,Yes,Credit card,80.55,1406.65,0,78.14722222222223,1-2yr
7206-PQBBZ,1,Yes,No,11,Fiber optic,No,No,Month-to-month,Yes,Electronic check,70.2,834.7,0,75.88181818181819,0-1yr
3106-ULWFW,0,Yes,No,8,Fiber optic,No,No,Month-to-month,Yes,Credit card,85.2,627.4,1,78.425,0-1yr
0925-VYDLG,0,No,No,3,Fiber optic,No,No,Month-to-month,No,Electronic check,75.25,242.0,1,80.66666666666667,0-1yr
4547-FZJWE,0,Yes,Yes,55,DSL,Yes,No,One year,No,Credit card,59.45,3157.0,0,57.4,4-6yr
7422-WNBTY,0,Yes,No,33,Fiber optic,No,No,Month-to-month,Yes,Electronic check,93.35,3092.0,0,93.6969696969697,2-4yr
0842-IWYCP,0,No,No,46,DSL,No,No,Month-to-month,No,Bank transfer,44.95,2168.9,0,47.15,2-4yr
3521-HTQTV,0,No,No,34,No,No,No,Two year,No,Bank transfer,26.1,980.35,0,28.833823529411767,2-4yr
3744-ZBHON,0,No,No,3,No,No,No,Month-to-month,No,Electronic check,20.2,65.95,0,21.983333333333334,0-1yr
3373-DIUUN,0,Yes,Yes,30,No,No,No,Two year,No,Mailed check,21.25,711.9,0,23.73,2-4yr
8383-SGHJU,0,No,No,33,DSL,Yes,Yes,One year,No,Electronic check,59.4,1952.8,0,59.17575757575757,2-4yr
7607-QKKTJ,0,Yes,Yes,45,Fiber optic,No,No,One year,Yes,Credit card,95.0,4368.85,0,97.08555555555556,2-4yr
7707-PYBBH,0,No,No,40,DSL,Yes,Yes,Month-to-month,Yes,Mailed check,61.9,2647.1,0,66.1775,2-4yr
8984-HPEMB,0,No,No,71,Fiber optic,Yes,Yes,Two year,Yes,Electronic check,118.65,8477.6,0,119.40281690140846,4-6yr
4349-GFQHK,0,No,No,1,DSL,No,No,Month-to-month,No,Electronic check,54.35,54.35,1,54.35,0-1yr
4139-DETXS,0,Yes,Yes,72,DSL,Yes,Yes,Two year,No,Bank transfer,64.45,4528.0,0,62.888888888888886,4-6yr
9779-DPNEJ,0,Yes,Yes,22,Fiber optic,No,No,Month-to-month,Yes,Electronic check,80.15,1790.65,0,81.39318181818182,1-2yr
9805-FILKB,0,Yes,Yes,46,No,No,No,One year,Yes,Bank transfer,20.2,845.6,0,18.382608695652173,2-4yr
5793-YOLJN,0,Yes,Yes,55,No,No,No,Two year,No,Mailed check,21.0,1210.3,0,22.005454545454544,4-6yr
0673-IGUQO,0,No,No,1,No,No,No,Month-to-month,No,Mailed check,20.45,20.45,0,20.45,0-1yr
4123-FCVCB,0,No,No,12,DSL,No,Yes,One year,Yes,Mailed check,75.85,854.45,0,71.20416666666667,0-1yr
8819-IMISP,0,No,No,31,Fiber optic,No,No,Month-to-month,Yes,Electronic check,80.45,2429.1,0,78.35806451612903,2-4yr
7802-EFKNY,0,Yes,No,5,DSL,No,No,Month-to-month,Yes,Electronic check,24.95,100.4,1,20.080000000000002,0-1yr
8311-UEUAB,0,Yes,Yes,67,DSL,Yes,No,Two year,Yes,Electronic check,75.5,5229.45,0,78.05149253731344,4-6yr
5858-EAFCZ,0,No,No,1,DSL,No,No,Month-to-month,No,Mailed check,44.45,44.45,0,44.45,0-1yr
8035-BUYVG,0,Yes,No,40,DSL,Yes,No,One year,Yes,Electronic check,42.35,1716.45,1,42.91125,2-4yr
1163-ONYEY,0,Yes,Yes,41,DSL,Yes,No,Month-to-month,Yes,Credit card,74.55,3023.55,0,73.74512195121952,2-4yr
9787-XVQIU,0,No,No,1,Fiber optic,No,No,Month-to-month,Yes,Electronic check,75.3,75.3,1,75.3,0-1yr
8945-MUQUF,0,No,No,51,Fiber optic,Yes,No,One year,Yes,Electronic check,94.8,4837.6,1,94.85490196078432,4-6yr
5656-MJEFC,0,Yes,Yes,42,DSL,Yes,Yes,Two year,No,Credit card,48.15,2032.3,0,48.38809523809524,2-4yr
6082-OQFBA,0,Yes,Yes,23,No,No,No,One year,No,Mailed check,19.65,436.9,0,18.995652173913044,1-2yr
8051-HJRLT,1,No,No,1,Fiber optic,No,No,Month-to-month,Yes,Electronic check,70.55,70.55,1,70.55,0-1yr
8974-OVACP,0,No,No,1,No,No,No,Month-to-month,No,Mailed check,20.15,20.15,0,20.15,0-1yr
4010-YLMVT,0,No,No,56,Fiber optic,Yes,No,Month-to-month,Yes,Credit card,106.6,5893.95,0,105.24910714285714,4-6yr
1379-FRVEB,0,No,Yes,15,Fiber optic,No,No,Month-to-month,Yes,Electronic check,91.0,1430.05,0,95.33666666666666,1-2yr
8612-GXIDD,0,Yes,Yes,12,No,No,No,Two year,Yes,Bank transfer,25.4,313.0,0,26.083333333333332,0-1yr
6288-CHQJB,0,Yes,Yes,54,DSL,Yes,Yes,Two year,No,Bank transfer,69.95,3871.85,0,71.70092592592593,4-6yr
8160-HOWOX,0,No,No,7,DSL,No,No,Month-to-month,Yes,Electronic check,66.85,458.1,0,65.44285714285715,0-1yr
3023-GFLBR,0,Yes,Yes,33,Fiber optic,No,No,Month-to-month,No,Credit card,86.15,2745.7,1,83.2030303030303,2-4yr
6648-INWPS,0,Yes,Yes,16,No,No,No,Month-to-month,No,Electronic check,20.15,341.35,0,21.334375,1-2yr
4223-BKEOR,0,No,Yes,21,DSL,Yes,No,One year,No,Mailed check,64.85,1336.8,0,63.65714285714286,1-2yr
4079-VTGLK,1,Yes,No,30,DSL,No,No,Two year,No,Electronic check,74.85,2181.75,0,72.725,2-4yr
1763-WQFUK,0,No,No,3,DSL,No,Yes,Month-to-month,Yes,Mailed check,50.5,147.75,0,49.25,0-1yr
1391-UBDAR,0,No,No,11,Fiber optic,No,No,Month-to-month,No,Electronic check,72.9,818.45,0,74.40454545454546,0-1yr
8894-JVDCV,0,No,No,62,Fiber optic,Yes,Yes,One year,Yes,Credit card,115.05,7133.45,0,115.05564516129031,4-6yr
2023-VQFDL,0,No,No,18,No,No,No,Month-to-month,No,Electronic check,19.0,348.8,0,19.37777777777778,1-2yr
1345-GKDZZ,0,No,Yes,6,No,No,No,Month-to-month,No,Mailed check,19.55,128.6,0,21.433333333333334,0-1yr
2014-MKGMH,0,No,No,46,Fiber optic,No,No,One year,Yes,Electronic check,101.1,4674.4,0,101.61739130434782,2-4yr
5628-FCGYG,0,No,No,21,Fiber optic,No,No,Month-to-month,Yes,Electronic check,84.1,1737.45,0,82.7357142857143,1-2yr
2560-WBWXF,0,No,No,68,No,No,No,Two year,Yes,Bank transfer,24.15,1498.85,0,22.04191176470588,4-6yr
0248-IPDFW,0,No,No,1,DSL,No,No,Month-to-month,Yes,Electronic check,50.1,50.1,0,50.1,0-1yr
7978-DKUQH,0,Yes,No,25,Fiber optic,No,No,Month-to-month,Yes,Electronic check,74.6,1797.75,0,71.91,2-4yr
4335-UPJSI,0,No,Yes,24,No,No,No,Two year,No,Mailed check,19.75,498.1,0,20.754166666666666,1-2yr
0524-IAVZO,0,Yes,No,30,Fiber optic,No,No,Month-to-month,Yes,Electronic check,85.0,2624.25,1,87.475,2-4yr
2737-YNGYW,0,No,No,2,Fiber optic,No,No,Month-to-month,No,Electronic check,80.55,184.1,1,92.05,0-1yr
1784-EZDKJ,0,Yes,No,51,Fiber optic,No,No,One year,Yes,Bank transfer,106.8,5498.8,0,107.81960784313726,4-6yr
9297-FVVDH,0,Yes,Yes,57,DSL,Yes,Yes,Two year,Yes,Electronic check,84.5,4845.4,0,85.00701754385965,4-6yr
8007-YYPWD,0,No,No,15,No,No,No,Two year,No,Bank transfer,25.05,369.1,0,24.60666666666667,1-2yr
7101-HRBLJ,0,Yes,Yes,72,DSL,Yes,Yes,Two year,Yes,Bank transfer,83.7,6096.9,0,84.67916666666666,4-6yr
5159-YFPKQ,0,No,No,2,Fiber optic,No,No,Month-to-month,Yes,Electronic check,75.8,160.75,1,80.375,0-1yr
6635-CPNUN,0,Yes,No,28,Fiber optic,No,No,Month-to-month,No,Credit card,96.6,2684.35,0,95.86964285714285,2-4yr
4021-RQSNY,1,Yes,No,29,Fiber optic,No,No,Month-to-month,Yes,Electronic check,98.5,3004.15,1,103.59137931034483,2-4yr
5453-YBTWV,0,Yes,Yes,70,Fiber optic,Yes,Yes,Two year,Yes,Credit card,101.1,6994.8,0,99.92571428571429,4-6yr
5039-LZRQT,0,No,No,13,No,No,No,One year,No,Mailed check,20.2,273.25,0,21.01923076923077,1-2yr
2931-VUVJN,1,Yes,No,59,Fiber optic,Yes,Yes,One year,Yes,Electronic check,94.05,5483.9,0,92.94745762711864,4-6yr
9061-TIHDA,1,Yes,No,13,Fiber optic,No,No,Month-to-month,Yes,Electronic check,95.25,1233.65,1,94.89615384615385,1-2yr
8699-ASUFO,1,Yes,No,7,Fiber optic,No,No,Month-to-month,Yes,Mailed check,74.4,527.9,1,75.41428571428571,0-1yr
6418-PIQSP,0,Yes,No,62,DSL,Yes,Yes,Two year,No,Mailed check,81.0,4985.9,0,80.41774193548386,4-6yr
8220-OCUFY,0,No,No,21,DSL,Yes,Yes,One year,Yes,Electronic check,60.25,1258.35,0,59.921428571428564,1-2yr
3995-WFCSM,0,No,No,2,DSL,No,No,Month-to-month,No,Electronic check,60.85,111.4,0,55.7,0-1yr
1895-QTKDO,0,No,No,1,DSL,No,No,Month-to-month,No,Credit card,43.95,43.95,0,43.95,0-1yr
2038-OEQZH,0,No,No,4,Fiber optic,No,No,Month-to-month,No,Electronic check,86.05,308.1,0,77.025,0-1yr
1178-PZGAB,0,No,No,19,No,No,No,One year,No,Credit card,20.25,383.65,0,20.192105263157895,1-2yr
7927-AUXBZ,0,No,No,30,Fiber optic,No,Yes,Month-to-month,No,Electronic check,85.15,2555.9,1,85.19666666666667,2-4yr
2626-VEEWG,0,Yes,Yes,67,No,No,No,Two year,Yes,Credit card,19.4,1284.2,0,19.16716417910448,4-6yr
2878-RMWXY,1,Yes,No,72,Fiber optic,Yes,No,Two year,Yes,Credit card,102.65,7550.3,0,104.86527777777778,4-6yr
1657-DYMBM,0,Yes,No,53,No,No,No,Two year,No,Credit card,19.9,1110.05,0,20.944339622641508,4-6yr
7311-MQJCH,0,No,No,5,No,No,No,One year,No,Electronic check,19.55,99.6,0,19.919999999999998,0-1yr
7375-WMVMT,1,Yes,No,71,Fiber optic,No,Yes,Two year,Yes,Credit card,95.5,6707.15,0,94.4669014084507,4-6yr
1136-XGEQU,0,Yes,Yes,50,DSL,No,Yes,One year,Yes,Credit card,84.15,4164.4,0,83.288,4-6yr
2530-FMFXO,0,Yes,Yes,56,Fiber optic,No,Yes,Two year,Yes,Electronic check,103.2,5873.75,0,104.88839285714286,4-6yr
6844-DZKRF,0,No,No,2,DSL,No,Yes,Month-to-month,Yes,Credit card,50.2,109.25,0,54.625,0-1yr
4695-WJZUE,1,No,No,2,Fiber optic,No,No,Month-to-month,Yes,Electronic check,88.55,179.25,1,89.625,0-1yr
7619-ODSGN,0,Yes,Yes,24,DSL,Yes,No,Month-to-month,No,Electronic check,54.75,1338.15,1,55.75625,1-2yr
5970-GHJAW,0,Yes,Yes,46,No,No,No,Two year,No,Credit card,19.95,862.4,0,18.747826086956522,2-4yr
8879-XUAHX,0,Yes,No,71,Fiber optic,Yes,Yes,Two year,Yes,Electronic check,116.25,8564.75,0,120.63028169014085,4-6yr
3689-MOZGR,0,No,No,29,DSL,No,Yes,Month-to-month,Yes,Electronic check,31.2,926.2,0,31.93793103448276,2-4yr
4195-PNGZS,0,Yes,Yes,69,No,No,No,Two year,No,Bank transfer,24.45,1718.2,0,24.90144927536232,4-6yr
5003-XZWWO,0,Yes,No,71,DSL,No,Yes,Two year,No,Credit card,84.2,5956.85,0,83.8992957746479,4-6yr
3988-RQIXO,1,No,No,1,Fiber optic,No,No,Month-to-month,Yes,Electronic check,91.3,91.3,1,91.3,0-1yr
7622-FWGEW,1,Yes,No,56,DSL,Yes,Yes,Two year,Yes,Bank transfer,85.65,4824.45,0,86.15089285714285,4-6yr
6922-NCEDI,0,No,Yes,56,No,No,No,One year,Yes,Mailed check,21.2,1238.65,0,22.118750000000002,4-6yr
2514-GINMM,0,No,No,1,Fiber optic,No,No,Month-to-month,Yes,Electronic check,79.5,79.5,1,79.5,0-1yr
9891-NQDBD,0,Yes,No,28,No,No,No,One year,No,Mailed check,25.55,672.2,0,24.00714285714286,2-4yr
6131-IUNXN,0,Yes,Yes,19,No,No,No,Month-to-month,No,Mailed check,20.2,382.2,0,20.11578947368421,1-2yr
8548-AWOFC,0,Yes,No,66,DSL,No,Yes,Month-to-month,No,Electronic check,63.85,4264.6,0,64.61515151515152,4-6yr
9798-DRYDS,0,Yes,Yes,17,DSL,No,Yes,One year,Yes,Mailed check,61.95,1070.7,0,62.98235294117647,1-2yr
8532-UEFWH,0,Yes,Yes,52,No,No,No,Two year,No,Mailed check,25.75,1345.85,0,25.881730769230767,4-6yr
6296-DDOOR,0,No,No,19,DSL,No,No,One year,No,Electronic check,58.2,1045.25,0,55.01315789473684,1-2yr
7951-VRDVK,0,No,No,36,DSL,Yes,Yes,One year,No,Bank transfer,85.85,3003.55,0,83.43194444444445,2-4yr
5931-FLJJF,1,Yes,No,7,Fiber optic,No,No,Month-to-month,Yes,Mailed check,70.1,467.55,1,66.79285714285714,0-1yr
4815-YOSUK,0,Yes,Yes,72,Fiber optic,Yes,Yes,One year,Yes,Credit card,104.9,7537.5,0,104.6875,4-6yr
2659-VXMWZ,0,Yes,Yes,67,Fiber optic,Yes,No,One year,Yes,Electronic check,111.3,7482.1,1,111.67313432835822,4-6yr
0380-NEAVX,1,No,No,34,Fiber optic,No,No,One year,Yes,Electronic check,99.85,3343.15,0,98.32794117647059,2-4yr
3207-OYBWH,1,Yes,No,57,Fiber optic,No,No,Month-to-month,Yes,Bank transfer,95.25,5427.05,1,95.21140350877194,4-6yr
4285-GYRQC,0,Yes,No,7,Fiber optic,No,No,Month-to-month,Yes,Electronic check,86.25,587.1,1,83.87142857142858,0-1yr
7216-EWTRS,1,Yes,No,1,Fiber optic,No,No,Month-to-month,Yes,Electronic check,100.8,100.8,1,100.8,0-1yr
4365-MSDYN,0,Yes,No,8,No,No,No,Month-to-month,Yes,Bank transfer,19.55,161.15,0,20.14375,0-1yr
7036-TYDEC,0,No,No,69,Fiber optic,No,Yes,Two year,No,Electronic check,104.0,7028.5,0,101.8623188405797,4-6yr
5802-ADBRC,0,Yes,No,50,Fiber optic,Yes,No,One year,Yes,Mailed check,104.4,5232.9,0,104.65799999999999,4-6yr
8076-FEZKJ,0,No,No,10,No,No,No,One year,No,Mailed check,19.5,225.85,0,22.585,0-1yr
5197-YPYBZ,0,Yes,Yes,12,No,No,No,Two year,No,Credit card,25.25,274.7,0,22.891666666666666,0-1yr
8337-MSSXB,0,No,No,14,Fiber optic,No,No,Month-to-month,Yes,Electronic check,86.3,1180.95,1,84.35357142857143,1-2yr
4312-GVYNH,0,Yes,No,70,DSL,Yes,Yes,Two year,Yes,Bank transfer,49.85,3370.2,0,48.145714285714284,4-6yr
8495-LJDFO,1,No,No,64,Fiber optic,Yes,Yes,Month-to-month,Yes,Bank transfer,108.95,7111.3,0,111.1140625,4-6yr
0839-JTCUD,0,Yes,Yes,66,DSL,Yes,Yes,Two year,No,Credit card,89.9,5958.85,0,90.28560606060607,4-6yr
5494-WOZRZ,0,Yes,Yes,71,DSL,Yes,Yes,Two year,Yes,Credit card,82.0,5999.85,0,84.5049295774648,4-6yr
1302-UHBDD,1,No,No,20,Fiber optic,No,No,Month-to-month,No,Electronic check,89.95,1648.45,0,82.4225,1-2yr
2234-EOFPT,0,Yes,No,72,DSL,Yes,Yes,Two year,Yes,Bank transfer,79.35,5753.25,0,79.90625,4-6yr
8619-IJNDK,0,Yes,Yes,71,DSL,Yes,Yes,Two year,No,Credit card,64.05,4492.9,0,63.28028169014084,4-6yr
8378-LKJAF,0,Yes,Yes,38,Fiber optic,No,No,Month-to-month,Yes,Credit card,101.15,3956.7,0,104.1236842105263,2-4yr
8182-BJDSI,0,No,No,28,Fiber optic,No,No,Month-to-month,Yes,Electronic check,89.95,2625.55,1,93.76964285714287,2-4yr
2528-HFYZX,1,Yes,No,17,Fiber optic,No,No,Month-to-month,Yes,Electronic check,76.45,1233.4,1,72.5529411764706,1-2yr
1153-GNOLC,0,No,No,33,DSL,No,No,One year,Yes,Electronic check,39.1,1309.0,0,39.666666666666664,2-4yr
3298-QEICA,0,Yes,Yes,23,DSL,Yes,Yes,Two year,No,Mailed check,34.6,813.45,0,35.36739130434783,1-2yr
0788-DXBFY,0,Yes,Yes,58,No,No,No,One year,Yes,Electronic check,19.55,1108.8,0,19.117241379310343,4-6yr
3597-YASZG,1,Yes,No,70,Fiber optic,No,Yes,Two year,Yes,Bank transfer,104.45,7349.35,0,104.99071428571429,4-6yr
3496-LFSZU,0,Yes,No,4,Fiber optic,No,No,Month-to-month,No,Electronic check,70.5,294.2,0,73.55,0-1yr
5242-UOWHD,0,Yes,Yes,45,No,No,No,Two year,No,Mailed check,20.35,929.2,0,20.64888888888889,2-4yr
2482-CZGBB,0,No,No,10,Fiber optic,No,No,Month-to-month,Yes,Electronic check,70.0,740.0,1,74.0,0-1yr
6479-SZPLM,0,Yes,Yes,36,No,No,No,Two year,No,Credit card,19.45,754.5,0,20.958333333333332,2-4yr
8097-VBQTZ,0,No,No,54,DSL,Yes,Yes,Month-to-month,Yes,Mailed check,69.9,3883.3,0,71.91296296296296,4-6yr
4500-HKANN,0,Yes,Yes,23,DSL,No,Yes,Two year,No,Mailed check,59.7,1414.2,0,61.48695652173913,1-2yr
9917-KWRBE,0,Yes,Yes,41,DSL,Yes,No,One year,Yes,Credit card,78.35,3211.2,0,78.32195121951219,2-4yr
3420-ZDBMA,1,No,No,5,Fiber optic,No,No,Month-to-month,Yes,Mailed check,71.45,371.6,0,74.32000000000001,0-1yr
2212-LYASK,0,Yes,Yes,27,DSL,No,No,One year,Yes,Credit card,45.85,1246.4,0,46.162962962962965,2-4yr
1393-IMKZG,0,No,No,1,Fiber optic,No,Yes,Month-to-month,Yes,Electronic check,95.85,95.85,0,95.85,0-1yr
8069-RHUXK,0,Yes,Yes,67,DSL,Yes,Yes,Two year,No,Credit card,35.7,2545.7,0,37.9955223880597,4-6yr
3398-GCPMU,1,Yes,Yes,72,DSL,Yes,Yes,Two year,Yes,Credit card,89.55,6448.85,0,89.56736111111111,4-6yr
2908-WGAXL,0,Yes,Yes,56,No,No,No,Two year,Yes,Credit card,24.95,1468.9,0,26.230357142857144,4-6yr
3378-AJRAO,0,Yes,Yes,44,No,No,No,One year,No,Electronic check,24.85,1013.6,0,23.036363636363635,2-4yr
1013-QCWAM,1,Yes,No,66,Fiber optic,No,No,Month-to-month,Yes,Electronic check,100.8,6690.75,0,101.375,4-6yr
0866-QLSIR,0,No,No,34,DSL,Yes,Yes,One year,Yes,Mailed check,64.4,2088.75,1,61.43382352941177,2-4yr
6050-FFXES,0,Yes,No,69,Fiber optic,No,Yes,Two year,No,Bank transfer,105.35,7240.65,0,104.93695652173912,4-6yr
7181-BQYBV,0,Yes,Yes,1,Fiber optic,Yes,No,Month-to-month,Yes,Electronic check,102.45,102.45,1,102.45,0-1yr
0362-RAOQO,0,No,No,40,No,No,No,Two year,No,Credit card,19.65,830.25,0,20.75625,2-4yr
9554-DFKIC,0,Yes,Yes,30,DSL,Yes,No,Month-to-month,Yes,Bank transfer,54.45,1588.7,0,52.95666666666667,2-4yr
5527-ACHSO,0,No,No,11,DSL,No,Yes,Month-to-month,No,Mailed check,70.5,829.3,0,75.39090909090909,0-1yr
0829-DDVLK,0,No,No,15,No,No,No,One year,No,Credit card,20.1,302.45,0,20.163333333333334,1-2yr
1399-UBQIU,0,No,No,11,DSL,No,No,Month-to-month,Yes,Electronic check,69.35,712.25,0,64.75,0-1yr
1813-JLKWR,0,Yes,Yes,64,No,No,No,One year,No,Bank transfer,19.8,1336.65,0,20.88515625,4-6yr
0336-PIKEI,1,Yes,No,72,DSL,Yes,Yes,Two year,No,Bank transfer,74.4,5360.75,0,74.45486111111111,4-6yr
7322-OCWHC,1,Yes,No,72,Fiber optic,Yes,Yes,Two year,Yes,Bank transfer,93.05,6735.05,0,93.54236111111112,4-6yr
9537-VHDTA,0,No,Yes,1,DSL,Yes,No,Month-to-month,No,Mailed check,51.2,51.2,0,51.2,0-1yr
4957-TIALW,0,No,Yes,15,DSL,Yes,Yes,One year,No,Credit card,65.6,1010.0,0,67.33333333333333,1-2yr
2054-PJOCK,0,No,No,60,DSL,No,Yes,One year,No,Credit card,80.55,4847.05,0,80.78416666666666,4-6yr
9150-HEPMB,0,No,No,56,DSL,Yes,No,One year,No,Mailed check,52.7,3019.7,0,53.92321428571428,4-6yr
9030-QGZNL,0,No,No,8,No,No,No,Two year,No,Mailed check,20.85,161.65,0,20.20625,0-1yr
6204-IEUXJ,0,No,No,3,Fiber optic,No,Yes,Month-to-month,No,Credit card,80.1,217.55,1,72.51666666666667,0-1yr
3126-WQMGH,0,Yes,No,49,DSL,No,No,Month-to-month,Yes,Credit card,52.15,2583.75,0,52.72959183673469,4-6yr
4529-CKBCL,0,No,No,2,Fiber optic,No,No,Month-to-month,Yes,Electronic check,80.2,146.05,1,73.025,0-1yr
2506-CLAKW,0,No,No,6,Fiber optic,Yes,Yes,Month-to-month,Yes,Bank transfer,98.15,567.45,1,94.575,0-1yr
7176-WRTNX,0,No,No,70,Fiber optic,Yes,Yes,Two year,Yes,Bank transfer,114.95,7711.25,0,110.16071428571429,4-6yr
1583-IHQZE,0,No,No,12,Fiber optic,No,Yes,Month-to-month,Yes,Mailed check,112.95,1384.75,1,115.39583333333333,0-1yr
5732-IKGQH,1,Yes,No,52,Fiber optic,Yes,Yes,One year,Yes,Bank transfer,104.45,5481.25,0,105.40865384615384,4-6yr
9239-GZHZE,0,Yes,No,72,Fiber optic,Yes,Yes,Two year,Yes,Credit card,113.65,8124.2,0,112.83611111111111,4-6yr
7205-BAIAD,0,No,No,40,No,No,No,Two year,Yes,Bank transfer,20.6,827.3,0,20.682499999999997,2-4yr
0151-ONTOV,0,No,No,1,Fiber optic,No,No,Month-to-month,No,Mailed check,70.9,70.9,1,70.9,0-1yr
4140-MUHUG,1,No,No,3,Fiber optic,No,No,Month-to-month,Yes,Electronic check,86.85,220.95,1,73.64999999999999,0-1yr
0093-EXYQL,1,No,No,40,Fiber optic,No,No,Month-to-month,Yes,Electronic check,91.55,3673.6,0,91.84,2-4yr
8064-RAVOH,0,No,Yes,1,DSL,No,No,Month-to-month,Yes,Electronic check,49.85,49.85,0,49.85,0-1yr
0219-QAERP,0,Yes,No,30,No,No,No,One year,No,Credit card,19.8,576.65,0,19.221666666666668,2-4yr
0320-JDNQG,0,Yes,Yes,23,Fiber optic,Yes,Yes,Month-to-month,Yes,Electronic check,99.85,2331.3,1,101.3608695652174,1-2yr
7180-PISOG,0,Yes,Yes,1,Fiber optic,No,No,Month-to-month,Yes,Electronic check,74.5,74.5,1,74.5,0-1yr
9168-INPSZ,1,Yes,No,44,Fiber optic,No,Yes,Month-to-month,No,Electronic check,104.15,4495.65,0,102.17386363636363,2-4yr
3571-RFHAR,0,No,No,65,Fiber optic,No,Yes,Month-to-month,Yes,Electronic check,109.15,6941.2,1,106.78769230769231,4-6yr
0015-UOCOJ,1,No,No,7,DSL,Yes,No,Month-to-month,Yes,Electronic check,48.2,340.35,0,48.621428571428574,0-1yr
5334-AFQJB,1,No,No,72,No,No,No,Two year,Yes,Credit card,25.1,1789.9,0,24.859722222222224,4-6yr
2754-SDJRD,1,No,No,8,Fiber optic,No,Yes,Month-to-month,Yes,Credit card,100.15,908.55,0,113.56875,0-1yr
9578-VRMNM,0,No,No,16,DSL,No,No,Month-to-month,Yes,Credit card,65.2,1043.35,1,65.209375,1-2yr
1587-FKLZB,1,Yes,Yes,66,Fiber optic,No,No,Month-to-month,Yes,Credit card,99.5,6822.15,1,103.36590909090908,4-6yr
6140-QNRQQ,0,No,No,1,Fiber optic,No,No,Month-to-month,Yes,Mailed check,71.55,71.55,1,71.55,0-1yr
8963-JLGJT,0,No,Yes,3,DSL,Yes,No,Month-to-month,No,Mailed check,55.9,157.55,0,52.51666666666667,0-1yr
4307-KTUMW,0,Yes,No,53,Fiber optic,Yes,No,Month-to-month,No,Electronic check,93.9,5029.2,1,94.89056603773585,4-6yr
1465-LNTLJ,1,Yes,No,8,DSL,No,Yes,Month-to-month,Yes,Credit card,64.4,581.7,0,72.7125,0-1yr
5440-FLBQG,1,Yes,No,69,Fiber optic,No,Yes,Two year,Yes,Bank transfer,108.4,7318.2,1,106.06086956521739,4-6yr
2135-DQWAQ,0,No,No,5,Fiber optic,No,No,Month-to-month,Yes,Mailed check,85.3,420.45,0,84.09,0-1yr
4056-QHXHZ,0,Yes,Yes,72,Fiber optic,Yes,Yes,Two year,No,Mailed check,107.45,7576.7,0,105.23194444444444,4-6yr
7470-MCQTK,0,Yes,No,13,DSL,No,No,Month-to-month,Yes,Bank transfer,48.75,633.4,1,48.723076923076924,1-2yr
7488-MXJIV,0,No,No,4,Fiber optic,No,No,Month-to-month,Yes,Electronic check,85.65,321.65,1,80.4125,0-1yr
7401-JIXNM,0,Yes,Yes,54,DSL,Yes,Yes,Two year,No,Credit card,91.3,4965.0,0,91.94444444444444,4-6yr
9339-FIIJL,0,Yes,No,72,DSL,No,Yes,Two year,No,Bank transfer,85.95,6151.9,0,85.44305555555555,4-6yr
2027-FECZV,0,No,No,12,Fiber optic,No,No,Month-to-month,Yes,Electronic check,106.7,1253.9,1,104.49166666666667,0-1yr
2672-DZUOY,0,No,No,1,DSL,No,No,Month-to-month,Yes,Electronic check,25.15,25.15,1,25.15,0-1yr
4706-DGAHW,1,No,No,1,DSL,No,No,Month-to-month,No,Electronic check,45.2,45.2,0,45.2,0-1yr
3870-MQAMG,0,Yes,No,54,Fiber optic,No,Yes,One year,No,Electronic check,110.35,5893.15,1,109.1324074074074,4-6yr
6670-MFRPK,0,Yes,Yes,69,Fiber optic,No,No,Two year,Yes,Credit card,79.2,5420.65,0,78.56014492753623,4-6yr
6177-PEVRA,0,No,No,48,DSL,Yes,No,Two year,No,Credit card,55.5,2627.35,0,54.73645833333333,2-4yr
4800-CZMPC,0,Yes,Yes,48,Fiber optic,Yes,No,One year,Yes,Credit card,103.25,5037.55,1,104.94895833333334,2-4yr
4813-HQMGZ,0,Yes,No,8,Fiber optic,No,Yes,Month-to-month,Yes,Electronic check,90.25,743.75,0,92.96875,0-1yr
7579-KKLOE,0,Yes,Yes,71,DSL,Yes,Yes,Two year,Yes,Mailed check,91.25,6589.6,0,92.8112676056338,4-6yr
7377-DMMRI,0,No,No,2,DSL,Yes,No,Month-to-month,Yes,Electronic check,47.8,92.45,1,46.225,0-1yr
8402-EIVQS,0,Yes,No,67,Fiber optic,Yes,No,One year,Yes,Credit card,100.9,6733.15,0,100.49477611940299,4-6yr
4947-DSMXK,0,Yes,Yes,34,Fiber optic,No,No,Month-to-month,Yes,Bank transfer,97.7,3410.0,0,100.29411764705883,2-4yr
7245-NIIWQ,0,No,No,3,Fiber optic,No,No,Month-to-month,Yes,Electronic check,69.85,199.85,0,66.61666666666666,0-1yr
0002-ORFBO,0,Yes,Yes,9,DSL,No,Yes,One year,Yes,Mailed check,65.6,593.3,0,65.92222222222222,0-1yr
3324-OIRTO,0,Yes,Yes,71,Fiber optic,Yes,No,One year,Yes,Bank transfer,104.65,7288.4,0,102.65352112676055,4-6yr
5414-OFQCB,0,No,No,57,Fiber optic,No,Yes,Two year,Yes,Credit card,90.45,5229.8,0,91.75087719298246,4-6yr
4967-WPNCF,0,No,No,72,DSL,Yes,Yes,Two year,Yes,Bank transfer,63.7,4464.8,0,62.01111111111111,4-6yr
8552-OBVRU,1,Yes,Yes,48,Fiber optic,Yes,Yes,Month-to-month,Yes,Electronic check,104.5,5068.05,0,105.58437500000001,2-4yr
8499-BRXTD,0,No,No,18,No,No,No,One year,No,Mailed check,20.1,401.85,0,22.325000000000003,1-2yr
9154-QDGTH,0,Yes,Yes,43,Fiber optic,No,Yes,One year,Yes,Credit card,104.3,4451.85,0,103.53139534883722,2-4yr
8197-BFWVU,0,Yes,Yes,72,DSL,Yes,Yes,Two year,Yes,Bank transfer,93.25,6688.95,0,92.90208333333334,4-6yr
2577-GVSIL,0,Yes,Yes,35,DSL,No,Yes,One year,Yes,Bank transfer,73.45,2661.1,0,76.03142857142856,2-4yr
9367-OIUXP,0,No,No,4,No,No,No,Month-to-month,No,Mailed check,20.7,73.05,0,18.2625,0-1yr
6770-UAYGJ,0,Yes,Yes,49,No,No,No,Two year,No,Mailed check,25.25,1211.65,0,24.727551020408164,4-6yr
6463-HHXJR,0,Yes,Yes,71,Fiber optic,Yes,No,Two year,No,Bank transfer,100.5,7030.65,0,99.02323943661972,4-6yr
7928-VJYAB,0,Yes,Yes,11,Fiber optic,No,No,Month-to-month,No,Electronic check,90.6,1020.2,0,92.74545454545455,0-1yr
1187-WILMM,0,Yes,Yes,63,DSL,Yes,Yes,Two year,Yes,Credit card,89.4,5597.65,0,88.8515873015873,4-6yr
9776-OJUZI,1,No,No,65,Fiber optic,No,No,Month-to-month,Yes,Bank transfer,95.45,6223.3,0,95.74307692307693,4-6yr
1306-RPWXZ,0,No,Yes,49,No,No,No,Two year,No,Credit card,20.45,1024.65,0,20.91122448979592,4-6yr
8949-JTMAY,0,No,No,29,Fiber optic,No,No,Month-to-month,Yes,Credit card,98.6,2933.2,1,101.14482758620689,2-4yr
2774-LVQUS,1,Yes,No,15,Fiber optic,No,Yes,Month-to-month,Yes,Electronic check,83.05,1258.3,1,83.88666666666667,1-2yr
3097-PYWXL,0,Yes,Yes,4,No,No,No,Month-to-month,Yes,Electronic check,19.95,82.9,0,20.725,0-1yr
2266-SJNAT,0,Yes,No,72,Fiber optic,No,Yes,One year,No,Credit card,109.15,7789.6,0,108.1888888888889,4-6yr
0869-PAPRP,1,Yes,No,26,Fiber optic,No,No,Month-to-month,Yes,Credit card,85.7,2067.0,0,79.5,2-4yr
4238-JSSWH,1,Yes,No,35,Fiber optic,No,No,Month-to-month,No,Bank transfer,102.05,3452.55,0,98.64428571428572,2-4yr
2972-YDYUW,0,No,No,57,Fiber optic,No,Yes,One year,No,Electronic check,94.7,5468.95,0,95.94649122807017,4-6yr
1104-FEJAM,0,Yes,Yes,28,DSL,No,No,Month-to-month,No,Electronic check,64.4,1802.15,0,64.3625,2-4yr
2809-ILCYT,0,Yes,No,25,No,No,No,One year,Yes,Mailed check,26.8,733.55,0,29.342,2-4yr
5499-ECUTN,0,Yes,No,47,DSL,Yes,No,One year,Yes,Credit card,66.05,3021.45,0,64.28617021276595,2-4yr
4981-FLTMF,0,Yes,Yes,57,DSL,Yes,Yes,Month-to-month,No,Bank transfer,65.2,3687.85,0,64.69912280701755,4-6yr
9121-PHQSR,1,Yes,No,16,Fiber optic,No,No,Month-to-month,Yes,Credit card,85.05,1391.15,0,86.946875,1-2yr
3113-IWHLC,0,No,No,5,DSL,Yes,No,Month-to-month,Yes,Mailed check,55.8,274.35,0,54.870000000000005,0-1yr
3211-ILJTT,0,Yes,No,17,Fiber optic,No,No,Month-to-month,Yes,Bank transfer,70.4,1214.05,1,71.41470588235293,1-2yr
4612-THJBS,1,No,No,56,Fiber optic,No,No,One year,Yes,Bank transfer,104.75,5510.65,1,98.40446428571428,4-6yr
4277-BWBML,0,Yes,Yes,72,No,No,No,Two year,No,Bank transfer,19.95,1322.85,0,18.372916666666665,4-6yr
4094-NSEDU,1,No,No,21,Fiber optic,No,No,Month-to-month,Yes,Electronic check,94.25,1973.75,1,93.98809523809524,1-2yr
0234-TEVTT,0,Yes,Yes,48,DSL,Yes,No,One year,No,Credit card,45.0,2196.3,0,45.75625,2-4yr
4304-TSPVK,0,Yes,No,68,Fiber optic,Yes,Yes,Two year,No,Bank transfer,114.9,7843.55,0,115.34632352941176,4-6yr
1552-AAGRX,0,No,No,30,Fiber optic,Yes,Yes,Month-to-month,No,Bank transfer,106.4,3211.9,0,107.06333333333333,2-4yr
2637-FKFSY,0,Yes,No,3,DSL,No,No,Month-to-month,Yes,Mailed check,46.1,130.15,0,43.38333333333333,0-1yr
9796-MVYXX,1,No,No,14,DSL,Yes,Yes,Two year,No,Mailed check,39.7,692.35,0,49.45357142857143,1-2yr
7874-ECPQJ,0,No,Yes,4,No,No,No,Month-to-month,Yes,Bank transfer,20.05,85.5,0,21.375,0-1yr
0020-INWCK,0,Yes,Yes,71,Fiber optic,No,No,Two year,Yes,Credit card,95.75,6849.4,0,96.47042253521126,4-6yr
7089-RKVSZ,0,Yes,Yes,8,No,No,No,One year,No,Mailed check,24.4,203.95,0,25.49375,0-1yr
2683-JXWQQ,0,Yes,Yes,61,DSL,Yes,No,Month-to-month,No,Bank transfer,33.6,2117.2,0,34.708196721311474,4-6yr
9548-ZMVTX,0,Yes,Yes,72,Fiber optic,No,Yes,Two year,No,Bank transfer,90.45,6565.85,0,91.19236111111111,4-6yr
8739-XNIKG,0,No,No,5,Fiber optic,No,No,Month-to-month,Yes,Electronic check,84.0,424.75,0,84.95,0-1yr
9755-JHNMN,0,No,No,49,DSL,Yes,Yes,Two year,No,Bank transfer,67.4,3306.85,0,67.48673469387755,4-6yr
3981-QSVQI,0,No,No,8,No,No,No,Month-to-month,Yes,Bank transfer,19.7,168.9,0,21.1125,0-1yr
2789-HQBOU,0,No,No,3,Fiber optic,No,No,Month-to-month,Yes,Electronic check,80.35,253.8,0,84.60000000000001,0-1yr
9424-CMPOG,0,Yes,Yes,9,No,No,No,Two year,No,Mailed check,19.6,197.4,0,21.933333333333334,0-1yr
5067-WJEUN,0,Yes,Yes,67,DSL,Yes,No,Two year,Yes,Bank transfer,54.2,3838.2,0,57.286567164179104,4-6yr
3450-WXOAT,0,No,No,46,DSL,No,No,Month-to-month,Yes,Credit card,45.2,2065.15,0,44.8945652173913,2-4yr
9251-WNSOD,0,Yes,No,67,DSL,Yes,No,One year,No,Mailed check,75.1,5064.45,0,75.58880597014925,4-6yr
6974-DAFLI,0,Yes,No,55,No,No,No,One year,No,Electronic check,19.7,1140.05,0,20.728181818181817,4-6yr
2616-UUTFK,0,Yes,No,33,DSL,Yes,No,Month-to-month,Yes,Bank transfer,72.75,2447.45,0,74.1651515151515,2-4yr
7064-JHXCE,0,Yes,Yes,62,No,No,No,Two year,No,Credit card,20.05,1263.9,0,20.385483870967743,4-6yr
5103-MHMHY,0,No,Yes,1,DSL,No,No,Month-to-month,No,Mailed check,45.95,45.95,1,45.95,0-1yr
7989-AWGEH,0,Yes,Yes,49,DSL,Yes,No,Month-to-month,Yes,Electronic check,39.2,1838.15,0,37.51326530612245,4-6yr
4373-VVHQL,0,No,No,1,DSL,No,No,Month-to-month,Yes,Electronic check,44.75,44.75,0,44.75,0-1yr
4559-UWIHT,0,Yes,No,14,Fiber optic,No,No,Month-to-month,Yes,Electronic check,82.65,1185.0,0,84.64285714285714,1-2yr
7268-IGMFD,1,No,No,18,Fiber optic,No,Yes,Month-to-month,No,Bank transfer,93.9,1743.9,0,96.88333333333334,1-2yr
1846-XWOQN,1,No,No,1,Fiber optic,No,No,Month-to-month,Yes,Electronic check,70.15,70.15,1,70.15,0-1yr
0235-KGSLC,0,No,No,1,Fiber optic,No,No,Month-to-month,Yes,Credit card,85.55,85.55,1,85.55,0-1yr
6650-BWFRT,0,Yes,No,72,Fiber optic,Yes,Yes,Two year,Yes,Credit card,117.15,8529.5,0,118.46527777777777,4-6yr
9570-KYEUA,0,No,No,64,Fiber optic,Yes,Yes,Two year,No,Credit card,99.25,6549.45,0,102.33515625,4-6yr
6993-YGFJV,0,Yes,No,69,Fiber optic,Yes,Yes,Two year,Yes,Bank transfer,112.55,7806.5,0,113.1376811594203,4-6yr
2712-SYWAY,0,No,No,1,No,No,No,Month-to-month,Yes,Electronic check,25.7,25.7,0,25.7,0-1yr
0730-BGQGF,0,Yes,Yes,71,DSL,Yes,Yes,Two year,No,Credit card,90.3,6287.3,0,88.55352112676057,4-6yr
5498-IBWPI,0,Yes,Yes,66,DSL,No,Yes,One year,Yes,Credit card,49.4,3251.85,0,49.27045454545454,4-6yr
9101-NTIXF,0,No,No,2,No,No,No,Month-to-month,No,Mailed check,19.4,50.6,0,25.3,0-1yr
0013-SMEOE,1,Yes,No,71,Fiber optic,Yes,Yes,Two year,Yes,Bank transfer,109.7,7904.25,0,111.3274647887324,4-6yr
9314-QDMDW,0,No,No,11,DSL,No,No,One year,Yes,Electronic check,61.25,729.95,0,66.35909090909091,0-1yr
9308-ANMVE,0,No,Yes,47,DSL,Yes,No,Month-to-month,Yes,Electronic check,55.3,2654.05,0,56.469148936170214,2-4yr
2884-GBPFB,0,Yes,No,35,Fiber optic,No,No,Month-to-month,Yes,Electronic check,70.3,2416.55,1,69.04428571428572,2-4yr
3757-NJYBX,1,Yes,No,32,Fiber optic,No,No,Month-to-month,No,Bank transfer,106.35,3520.75,1,110.0234375,2-4yr
3413-DHLPB,0,Yes,Yes,60,Fiber optic,No,Yes,Month-to-month,Yes,Bank transfer,103.75,5969.95,0,99.49916666666667,4-6yr
7649-PHJVR,0,No,No,11,No,No,No,One year,No,Mailed check,19.5,226.8,0,20.61818181818182,0-1yr
6114-TCFID,0,No,No,29,DSL,Yes,Yes,One year,No,Credit card,39.5,1082.75,0,37.33620689655172,2-4yr
3787-TRIAL,0,Yes,Yes,21,DSL,No,No,Month-to-month,Yes,Electronic check,26.05,565.75,0,26.94047619047619,1-2yr
2573-GYRUU,1,Yes,No,48,Fiber optic,No,No,Month-to-month,Yes,Credit card,91.05,4370.75,0,91.05729166666667,2-4yr
5156-UMKOW,0,No,Yes,3,DSL,No,No,Month-to-month,No,Mailed check,29.65,90.05,0,30.016666666666666,0-1yr
1247-QBVSH,0,Yes,Yes,43,DSL,No,No,Month-to-month,No,Mailed check,50.2,2169.4,0,50.45116279069768,2-4yr
6734-GMPVK,0,No,No,5,Fiber optic,No,No,Month-to-month,No,Electronic check,105.3,550.6,0,110.12,0-1yr
9822-OAOVB,0,No,No,1,DSL,No,No,Month-to-month,Yes,Electronic check,55.45,55.45,0,55.45,0-1yr
6161-ERDGD,0,Yes,Yes,71,DSL,Yes,Yes,One year,No,Electronic check,85.45,6300.85,0,88.7443661971831,4-6yr
1226-JZNKR,0,Yes,Yes,8,No,No,No,One year,No,Electronic check,19.8,160.05,0,20.00625,0-1yr
7318-EIVKO,0,No,No,8,DSL,No,No,Month-to-month,Yes,Electronic check,59.25,436.6,0,54.575,0-1yr
3771-PZOBW,0,No,No,20,Fiber optic,No,No,Month-to-month,Yes,Credit card,90.7,1781.35,0,89.0675,1-2yr
5136-KCKGI,0,Yes,Yes,33,Fiber optic,Yes,No,One year,Yes,Mailed check,103.7,3467.0,1,105.06060606060606,2-4yr
8231-BSWXX,0,No,No,71,Fiber optic,No,No,One year,Yes,Credit card,79.05,5552.5,0,78.20422535211267,4-6yr
6486-LHTMA,1,Yes,No,31,Fiber optic,No,No,One year,Yes,Electronic check,90.7,2835.5,0,91.46774193548387,2-4yr
4083-BFNYK,1,Yes,No,38,Fiber optic,Yes,No,One year,No,Credit card,95.0,3591.25,0,94.50657894736842,2-4yr
3722-WPXTK,0,No,No,1,Fiber optic,No,No,Month-to-month,Yes,Electronic check,88.35,88.35,1,88.35,0-1yr
7389-KBFIT,0,Yes,Yes,2,DSL,No,No,Month-to-month,Yes,Mailed check,30.25,63.75,0,31.875,0-1yr
7176-WIONM,0,Yes,No,12,DSL,No,No,Month-to-month,Yes,Bank transfer,49.85,617.15,0,51.42916666666667,0-1yr
5141-ZUVBH,0,No,Yes,9,Fiber optic,Yes,Yes,Month-to-month,No,Bank transfer,93.0,870.25,0,96.69444444444444,0-1yr
1089-HDMKP,1,No,Yes,11,DSL,No,Yes,Month-to-month,Yes,Electronic check,54.55,601.25,0,54.65909090909091,0-1yr
7623-HKYRK,0,No,Yes,6,No,No,No,Month-to-month,No,Mailed check,19.7,111.65,0,18.608333333333334,0-1yr
0310-SUCIN,0,Yes,No,71,DSL,Yes,Yes,One year,Yes,Bank transfer,84.8,6046.1,0,85.15633802816902,4-6yr
5197-PYEPU,0,Yes,Yes,42,Fiber optic,Yes,No,One year,Yes,Credit card,94.45,3923.8,0,93.42380952380952,2-4yr
2929-ERCFZ,0,Yes,Yes,8,Fiber optic,No,No,Month-to-month,Yes,Electronic check,94.2,777.3,1,97.1625,0-1yr
7548-SEPYI,0,No,No,5,Fiber optic,No,No,Month-to-month,Yes,Electronic check,96.25,512.45,1,102.49000000000001,0-1yr
8835-VSDSE,0,Yes,No,2,Fiber optic,No,No,Month-to-month,Yes,Electronic check,70.7,141.45,1,70.725,0-1yr
6619-RPLQZ,0,Yes,Yes,45,No,No,No,Two year,No,Mailed check,20.85,892.15,0,19.825555555555557,2-4yr
3275-RHRNE,0,Yes,Yes,28,DSL,No,Yes,One year,Yes,Credit card,60.0,1682.05,0,60.073214285714286,2-4yr
3503-TYDAY,0,Yes,No,43,Fiber optic,No,No,Month-to-month,No,Electronic check,80.45,3398.9,0,79.04418604651163,2-4yr
6901-GOGZG,0,No,Yes,60,DSL,Yes,Yes,Two year,Yes,Electronic check,84.95,4984.85,0,83.08083333333335,4-6yr
1623-NLDOT,0,Yes,No,42,DSL,No,Yes,One year,No,Mailed check,33.55,1445.3,1,34.41190476190476,2-4yr
7021-XSNYE,0,Yes,Yes,7,DSL,Yes,Yes,Two year,No,Credit card,49.65,305.55,0,43.65,0-1yr
9621-OUPYD,0,Yes,No,25,No,No,No,One year,Yes,Bank transfer,20.2,507.9,0,20.316,2-4yr
9898-KZQDZ,1,Yes,Yes,40,Fiber optic,No,No,Month-to-month,Yes,Credit card,94.55,3640.45,1,91.01124999999999,2-4yr
8982-NHAVY,0,No,No,27,Fiber optic,No,No,One year,Yes,Bank transfer,100.5,2673.45,0,99.01666666666667,2-4yr
4307-KWMXE,0,No,No,10,DSL,No,Yes,Month-to-month,No,Electronic check,35.75,389.8,0,38.980000000000004,0-1yr
0141-YEAYS,1,No,No,27,Fiber optic,No,No,Month-to-month,Yes,Bank transfer,86.45,2401.05,0,88.92777777777779,2-4yr
2450-ZKEED,0,No,No,11,DSL,No,Yes,One year,No,Bank transfer,53.8,651.55,0,59.23181818181818,0-1yr
3694-DELSO,0,Yes,Yes,4,DSL,Yes,No,Month-to-month,No,Credit card,38.55,156.1,0,39.025,0-1yr
3893-JRNFS,0,No,No,68,DSL,No,No,Month-to-month,Yes,Bank transfer,39.9,2796.35,0,41.12279411764706,4-6yr
9603-OAIHC,1,No,No,1,Fiber optic,No,No,Month-to-month,Yes,Electronic check,70.05,70.05,0,70.05,0-1yr
1133-KXCGE,0,No,No,18,No,No,No,One year,No,Mailed check,20.1,407.05,0,22.61388888888889,1-2yr
5236-PERKL,0,No,No,57,Fiber optic,Yes,No,Two year,Yes,Bank transfer,112.95,6465.0,1,113.42105263157895,4-6yr
0142-GVYSN,0,No,No,26,No,No,No,Month-to-month,Yes,Electronic check,20.3,511.25,0,19.66346153846154,2-4yr
1049-FYSYG,0,Yes,No,17,DSL,No,No,Month-to-month,Yes,Credit card,35.65,646.05,0,38.002941176470586,1-2yr
7854-FOKSF,0,No,No,1,DSL,No,No,Month-to-month,No,Electronic check,35.9,35.9,1,35.9,0-1yr
2519-FAKOD,0,No,Yes,38,Fiber optic,No,No,Month-to-month,Yes,Bank transfer,99.25,3777.15,1,99.39868421052631,2-4yr
8406-LNMHF,1,Yes,No,59,Fiber optic,Yes,No,One year,Yes,Credit card,82.95,4903.15,0,83.1042372881356,4-6yr
1821-BUCWY,0,No,No,30,DSL,Yes,No,Two year,Yes,Mailed check,55.65,1653.85,0,55.12833333333333,2-4yr
8263-JQAIK,1,No,No,2,DSL,No,No,Month-to-month,Yes,Mailed check,24.45,47.5,1,23.75,0-1yr
0023-UYUPN,1,Yes,No,50,No,No,No,One year,No,Electronic check,25.2,1306.3,0,26.125999999999998,4-6yr
8314-DPQHL,0,No,No,9,DSL,Yes,Yes,One year,No,Mailed check,50.8,463.6,0,51.51111111111111,0-1yr
1465-WCZVT,0,Yes,Yes,3,No,No,No,Month-to-month,No,Mailed check,19.65,60.65,0,20.216666666666665,0-1yr
9481-SFCQY,0,No,Yes,14,DSL,No,No,Month-to-month,Yes,Credit card,59.8,824.85,0,58.917857142857144,1-2yr
6360-SVNWV,1,No,No,31,Fiber optic,Yes,No,Month-to-month,Yes,Credit card,73.55,2094.65,0,67.56935483870969,2-4yr
0567-GGCAC,0,No,No,7,DSL,Yes,No,Month-to-month,No,Electronic check,61.4,438.9,0,62.699999999999996,0-1yr
7089-IVVAZ,0,No,No,8,Fiber optic,Yes,Yes,Month-to-month,Yes,Bank transfer,103.35,847.3,1,105.9125,0-1yr
8884-MRNSU,0,Yes,Yes,17,No,No,No,One year,No,Bank transfer,19.9,329.75,0,19.397058823529413,1-2yr
2171-UDMFD,0,Yes,Yes,32,No,No,No,Month-to-month,Yes,Credit card,19.45,674.55,0,21.0796875,2-4yr
9050-IKDZA,1,No,No,2,Fiber optic,No,No,Month-to-month,No,Mailed check,81.5,162.55,0,81.275,0-1yr
2205-YMZZJ,1,No,No,7,Fiber optic,No,No,Month-to-month,Yes,Electronic check,84.8,546.95,1,78.13571428571429,0-1yr
9802-CAQUT,0,Yes,Yes,72,Fiber optic,Yes,No,Two year,No,Credit card,109.55,7887.25,0,109.54513888888889,4-6yr
1254-IZEYF,1,No,No,31,Fiber optic,No,No,Month-to-month,Yes,Electronic check,99.95,3186.65,1,102.79516129032258,2-4yr
0187-WZNAB,0,Yes,Yes,27,Fiber optic,Yes,No,Month-to-month,No,Mailed check,74.4,1972.35,0,73.05,2-4yr
9492-TOKRI,0,No,No,18,Fiber optic,No,No,Month-to-month,Yes,Credit card,90.0,1527.35,1,84.85277777777777,1-2yr
1475-VWVDO,0,No,No,7,Fiber optic,No,No,Month-to-month,Yes,Electronic check,74.9,490.55,0,70.07857142857144,0-1yr
9221-OTIVJ,1,No,No,14,Fiber optic,No,No,Month-to-month,Yes,Electronic check,104.85,1531.4,1,109.38571428571429,1-2yr
1357-MVDOZ,0,Yes,Yes,11,DSL,No,No,Month-to-month,Yes,Bank transfer,59.65,683.25,0,62.11363636363637,0-1yr
7602-MVRMB,0,Yes,Yes,72,Fiber optic,Yes,Yes,Two year,Yes,Bank transfer,110.45,8058.85,0,111.92847222222223,4-6yr
3325-FUYCG,0,Yes,Yes,28,Fiber optic,Yes,No,One year,No,Electronic check,106.1,2847.4,1,101.69285714285715,2-4yr
5908-QMGOE,1,No,No,15,Fiber optic,No,No,Month-to-month,Yes,Credit card,74.2,1133.9,1,75.59333333333333,1-2yr
1197-BVMVG,1,No,No,4,Fiber optic,No,No,Month-to-month,Yes,Electronic check,74.45,294.45,0,73.6125,0-1yr
5406-KGRMX,0,No,No,71,No,No,No,Two year,No,Electronic check,24.55,1719.15,0,24.213380281690142,4-6yr
8481-YYXWG,0,No,No,5,Fiber optic,No,Yes,Month-to-month,Yes,Electronic check,89.35,461.7,1,92.34,0-1yr
5968-HYJRZ,0,Yes,Yes,47,No,No,No,Two year,No,Mailed check,24.55,1160.45,0,24.690425531914894,2-4yr
5198-EFNBM,1,Yes,No,57,Fiber optic,No,No,One year,Yes,Electronic check,90.65,5199.8,0,91.22456140350877,4-6yr
7516-GMHUV,1,Yes,No,50,Fiber optic,Yes,No,Two year,Yes,Credit card,105.05,5163.3,0,103.266,4-6yr
7140-ADSMJ,0,No,No,8,No,No,No,Month-to-month,Yes,Credit card,20.45,162.3,0,20.2875,0-1yr
2230-XTUWL,0,Yes,Yes,48,No,No,No,Two year,No,Mailed check,19.55,883.35,0,18.403125,2-4yr
7706-YLMQA,0,No,No,70,No,No,No,One year,No,Bank transfer,19.7,1341.5,0,19.164285714285715,4-6yr
2585-KTFRE,0,No,Yes,1,DSL,Yes,Yes,Month-to-month,Yes,Bank transfer,70.45,70.45,0,70.45,0-1yr
7994-UYIVZ,0,Yes,No,8,Fiber optic,No,No,Month-to-month,Yes,Bank transfer,85.65,659.45,0,82.43125,0-1yr
2609-IAICY,0,No,No,1,Fiber optic,No,No,Month-to-month,Yes,Electronic check,77.15,77.15,1,77.15,0-1yr
1740-CSDJP,0,No,No,1,DSL,No,No,Month-to-month,Yes,Bank transfer,35.25,35.25,1,35.25,0-1yr
7717-BICXI,0,Yes,Yes,60,No,No,No,Two year,No,Mailed check,20.55,1205.05,0,20.084166666666665,4-6yr
6559-RAKOZ,0,Yes,Yes,49,Fiber optic,No,Yes,One year,Yes,Electronic check,97.95,4917.9,0,100.36530612244897,4-6yr
2636-OHFMN,0,Yes,No,4,DSL,No,No,Month-to-month,Yes,Electronic check,48.55,201.0,1,50.25,0-1yr
4716-MRVEN,0,No,No,29,No,No,No,One year,No,Mailed check,20.0,599.3,0,20.66551724137931,2-4yr
2143-LJULT,0,Yes,No,67,No,No,No,Two year,Yes,Credit card,25.25,1733.15,0,25.867910447761194,4-6yr
1323-OOEPC,0,Yes,No,53,Fiber optic,No,No,Month-to-month,Yes,Credit card,98.4,5149.5,1,97.16037735849056,4-6yr
3200-MNQTF,0,Yes,No,67,DSL,Yes,Yes,Two year,No,Credit card,70.9,4677.1,0,69.80746268656716,4-6yr
6164-HXUGH,0,Yes,Yes,6,No,No,No,Month-to-month,No,Mailed check,19.85,119.3,0,19.883333333333333,0-1yr
5630-IXDXV,0,No,No,47,Fiber optic,No,No,Month-to-month,Yes,Electronic check,106.35,4849.1,0,103.17234042553193,2-4yr
0320-DWVTU,0,No,No,53,Fiber optic,Yes,Yes,Two year,No,Mailed check,99.5,5424.25,0,102.34433962264151,4-6yr
9135-MGVPY,0,Yes,No,69,DSL,Yes,Yes,Two year,Yes,Mailed check,84.7,5878.9,0,85.20144927536231,4-6yr
1212-GLHMD,0,No,No,3,Fiber optic,Yes,No,Month-to-month,Yes,Mailed check,86.05,244.85,0,81.61666666666666,0-1yr
7878-JGDKK,0,No,No,4,DSL,No,No,Month-to-month,No,Mailed check,44.55,220.75,0,55.1875,0-1yr
1088-AUUZZ,0,Yes,Yes,56,DSL,Yes,Yes,Two year,Yes,Credit card,75.85,4261.2,0,76.09285714285714,4-6yr
0397-GZBBC,1,Yes,No,59,Fiber optic,No,No,Month-to-month,Yes,Bank transfer,93.85,5574.75,1,94.48728813559322,4-6yr
6614-YWYSC,1,Yes,No,61,No,No,No,Two year,No,Bank transfer,25.0,1501.75,0,24.618852459016395,4-6yr
9588-OZDMQ,0,Yes,No,2,DSL,No,No,Month-to-month,Yes,Electronic check,45.0,89.75,0,44.875,0-1yr
7641-EUYET,1,Yes,Yes,46,Fiber optic,Yes,No,Month-to-month,Yes,Electronic check,100.7,4541.2,1,98.72173913043478,2-4yr
6476-EPYZR,0,Yes,Yes,12,No,No,No,Month-to-month,No,Mailed check,20.5,255.5,0,21.291666666666668,0-1yr
9921-ZVRHG,0,No,No,14,Fiber optic,No,No,Month-to-month,Yes,Electronic check,80.45,1072.0,1,76.57142857142857,1-2yr
1174-FGIFN,0,Yes,Yes,28,Fiber optic,No,Yes,One year,Yes,Electronic check,90.45,2509.25,0,89.61607142857143,2-4yr
6620-HVDUJ,0,No,No,24,DSL,Yes,Yes,Month-to-month,No,Bank transfer,60.45,1440.75,0,60.03125,1-2yr
4701-MLJPN,0,No,No,31,DSL,No,Yes,Month-to-month,Yes,Electronic check,55.25,1715.65,1,55.343548387096774,2-4yr
1032-MAELW,0,Yes,Yes,68,DSL,Yes,Yes,One year,Yes,Electronic check,78.45,5333.35,0,78.43161764705883,4-6yr
7641-TQFHN,0,No,Yes,39,Fiber optic,No,Yes,Two year,No,Mailed check,100.55,3895.35,0,99.88076923076923,2-4yr
1552-TKMXS,0,Yes,No,42,No,No,No,Month-to-month,No,Credit card,20.35,869.9,0,20.711904761904762,2-4yr
9206-GVPEQ,0,Yes,No,13,DSL,Yes,Yes,Month-to-month,Yes,Electronic check,54.45,706.85,1,54.37307692307692,1-2yr
8622-ZLFKO,0,Yes,No,6,Fiber optic,No,No,Month-to-month,Yes,Electronic check,90.75,512.25,0,85.375,0-1yr
1596-BBVTG,0,No,No,35,Fiber optic,No,No,Month-to-month,No,Credit card,75.35,2636.05,1,75.3157142857143,2-4yr
6188-UXBBR,0,Yes,No,38,No,No,No,One year,Yes,Credit card,20.25,814.75,0,21.44078947368421,2-4yr
2333-KWEWW,0,No,No,18,No,No,No,Two year,No,Credit card,20.05,388.6,0,21.58888888888889,1-2yr
5702-SKUOB,0,Yes,No,4,No,No,No,Month-to-month,No,Mailed check,19.6,93.45,0,23.3625,0-1yr
1134-YWTYF,0,Yes,No,27,DSL,No,Yes,Month-to-month,Yes,Electronic check,53.8,1389.85,0,51.47592592592592,2-4yr
6061-GWWAV,0,No,Yes,41,DSL,Yes,No,One year,No,Mailed check,70.2,2894.55,0,70.59878048780489,2-4yr
0679-TDGAK,0,Yes,Yes,50,DSL,Yes,Yes,One year,No,Electronic check,75.5,4025.6,0,80.512,4-6yr
6585-WCEWR,0,Yes,Yes,72,No,No,No,Two year,No,Electronic check,20.35,1354.4,0,18.811111111111114,4-6yr
9067-YGSCA,0,No,No,70,No,No,No,One year,No,Credit card,26.05,1856.4,0,26.52,4-6yr
9067-SQTNS,0,Yes,Yes,44,No,No,No,One year,No,Bank transfer,20.6,926.0,0,21.045454545454547,2-4yr
8433-WXGNA,0,No,No,2,Fiber optic,Yes,No,Month-to-month,Yes,Electronic check,75.7,189.2,1,94.6,0-1yr
1776-SPBWV,0,Yes,Yes,34,No,No,No,One year,Yes,Bank transfer,20.1,682.1,0,20.061764705882354,2-4yr
8735-SDUFN,1,Yes,No,72,No,No,No,Two year,No,Bank transfer,24.3,1778.7,0,24.704166666666666,4-6yr
9668-PUGNU,0,Yes,No,71,No,No,No,Two year,Yes,Electronic check,24.5,1816.2,0,25.580281690140847,4-6yr
9405-GPBBG,0,No,No,64,Fiber optic,No,Yes,Two year,Yes,Credit card,110.5,7069.25,0,110.45703125,4-6yr
1926-QUZNN,0,Yes,No,72,No,No,No,Two year,Yes,Bank transfer,25.25,1841.2,0,25.572222222222223,4-6yr
3707-GNWHM,0,No,No,1,Fiber optic,No,No,Month-to-month,Yes,Mailed check,74.25,74.25,1,74.25,0-1yr
7016-NVRIC,1,Yes,No,29,Fiber optic,Yes,No,One year,No,Bank transfer,90.1,2656.7,0,91.6103448275862,2-4yr
5829-NVSQN,0,Yes,No,23,DSL,Yes,Yes,One year,Yes,Bank transfer,68.75,1689.45,0,73.45434782608696,1-2yr
9565-AXSMR,0,Yes,Yes,52,No,No,No,Two year,No,Mailed check,19.2,1054.75,0,20.283653846153847,4-6yr
8922-LIEGH,1,No,No,25,Fiber optic,No,No,Month-to-month,Yes,Electronic check,89.7,2187.55,1,87.50200000000001,2-4yr
8869-LIHMK,0,No,No,64,Fiber optic,Yes,Yes,Two year,Yes,Bank transfer,115.1,7334.05,0,114.59453125,4-6yr
8245-UMPYT,1,No,No,16,Fiber optic,No,No,Month-to-month,Yes,Electronic check,96.4,1581.2,1,98.825,1-2yr
5186-SAMNZ,1,No,No,1,Fiber optic,No,No,Month-to-month,Yes,Bank transfer,69.5,69.5,1,69.5,0-1yr
0447-RXSGD,0,No,No,24,Fiber optic,No,No,Month-to-month,Yes,Bank transfer,99.65,2404.85,0,100.20208333333333,1-2yr
4927-WWOOZ,0,Yes,No,2,Fiber optic,No,No,Month-to-month,Yes,Electronic check,91.45,171.45,0,85.725,0-1yr
5788-YPOEG,0,Yes,Yes,34,DSL,Yes,Yes,Two year,No,Mailed check,84.75,2839.45,0,83.51323529411764,2-4yr
5373-SFODM,1,Yes,No,36,Fiber optic,No,No,Month-to-month,Yes,Credit card,85.25,3132.75,1,87.02083333333333,2-4yr
0661-KBKPA,0,Yes,Yes,53,DSL,No,Yes,One year,Yes,Mailed check,78.75,3942.45,0,74.38584905660377,4-6yr
9081-WWXKP,0,Yes,Yes,47,No,No,No,Two year,No,Credit card,20.25,873.4,0,18.582978723404256,2-4yr
0784-ZQJZX,0,No,Yes,72,No,No,No,Two year,No,Credit card,19.9,1529.65,0,21.24513888888889,4-6yr
3133-PZNSR,0,Yes,Yes,72,Fiber optic,Yes,Yes,Two year,Yes,Credit card,97.75,6991.6,0,97.10555555555555,4-6yr
5766-ZJYBB,0,No,No,1,No,No,No,Month-to-month,No,Mailed check,19.4,19.4,1,19.4,0-1yr
8931-GJJIQ,0,No,No,9,Fiber optic,No,No,Month-to-month,Yes,Electronic check,83.3,803.3,1,89.25555555555555,0-1yr
4277-PVRAN,0,No,No,8,Fiber optic,No,No,Month-to-month,Yes,Bank transfer,80.1,679.3,1,84.9125,0-1yr
0022-TCJCI,1,No,No,45,DSL,Yes,No,One year,No,Credit card,62.7,2791.5,1,62.03333333333333,2-4yr
0722-SVSFK,0,No,No,7,Fiber optic,No,Yes,Month-to-month,Yes,Electronic check,100.4,715.0,0,102.14285714285714,0-1yr
3612-YVGSJ,0,Yes,No,71,No,No,No,Two year,Yes,Credit card,24.45,1681.6,0,23.68450704225352,4-6yr
9825-YCXWZ,1,No,No,41,Fiber optic,No,Yes,One year,Yes,Bank transfer,101.1,4016.2,0,97.9560975609756,2-4yr
5397-NSKQG,0,Yes,Yes,67,DSL,Yes,No,Two year,No,Credit card,50.9,3281.65,0,48.97985074626866,4-6yr
8565-HBFNN,0,Yes,No,69,Fiber optic,Yes,Yes,One year,Yes,Credit card,107.2,7317.1,0,106.0449275362319,4-6yr
2000-DHJUY,1,Yes,No,70,DSL,Yes,Yes,Two year,Yes,Bank transfer,92.2,6474.45,0,92.49214285714285,4-6yr
0203-HHYIJ,0,No,No,25,No,No,No,One year,No,Bank transfer,25.3,676.35,1,27.054000000000002,2-4yr
8670-ERCJH,0,No,No,72,Fiber optic,Yes,Yes,Two year,No,Bank transfer,113.4,8164.1,0,113.39027777777778,4-6yr
7758-UJWYS,0,Yes,Yes,34,DSL,No,Yes,Two year,Yes,Electronic check,40.55,1325.85,0,38.995588235294115,2-4yr
2050-ONYDQ,0,Yes,Yes,65,No,No,No,Two year,No,Credit card,26.0,1654.85,0,25.459230769230768,4-6yr
7055-JCGNI,0,No,No,70,Fiber optic,Yes,Yes,Two year,Yes,Credit card,111.95,7795.95,0,111.37071428571429,4-6yr
0739-UUAJR,0,Yes,Yes,72,DSL,Yes,No,Two year,Yes,Credit card,53.8,3952.45,0,54.89513888888889,4-6yr
4826-DXMUP,0,No,Yes,35,DSL,No,Yes,One year,Yes,Mailed check,72.1,2495.15,0,71.29,2-4yr
0952-KMEEH,0,No,No,13,Fiber optic,Yes,No,Month-to-month,No,Mailed check,98.15,1230.25,1,94.63461538461539,1-2yr
7285-KLOTR,0,Yes,No,12,DSL,Yes,No,One year,No,Electronic check,78.85,876.75,0,73.0625,0-1yr
0654-PQKDW,0,Yes,Yes,62,DSL,Yes,Yes,One year,Yes,Bank transfer,70.75,4263.45,0,68.76532258064516,4-6yr
7175-NTIXE,0,No,No,25,DSL,Yes,Yes,Month-to-month,Yes,Credit card,76.15,1992.95,0,79.718,2-4yr
7963-SHNDT,0,No,No,52,DSL,Yes,Yes,Two year,No,Mailed check,39.1,1982.1,0,38.11730769230769,4-6yr
9796-BPKIW,1,No,No,8,Fiber optic,No,No,Month-to-month,Yes,Credit card,69.95,562.7,0,70.3375,0-1yr
0188-GWFLE,0,No,No,2,No,No,No,Month-to-month,No,Mailed check,20.05,33.7,0,16.85,0-1yr
8129-GMVGI,0,Yes,Yes,56,No,No,No,Two year,No,Mailed check,20.05,1090.1,0,19.46607142857143,4-6yr
2882-DDZPG,0,No,No,12,No,No,No,Month-to-month,No,Bank transfer,19.45,227.45,0,18.954166666666666,0-1yr
3547-LQRIK,0,Yes,No,47,No,No,No,One year,No,Electronic check,26.9,1250.85,0,26.613829787234042,2-4yr
9137-NOQKA,1,No,No,2,No,No,No,Month-to-month,No,Electronic check,19.2,37.2,0,18.6,0-1yr
5843-TTHGI,0,No,No,18,DSL,No,No,Month-to-month,Yes,Mailed check,50.0,892.7,0,49.59444444444445,1-2yr
1849-RJYIG,0,No,No,8,DSL,Yes,No,Month-to-month,Yes,Electronic check,60.0,487.75,0,60.96875,0-1yr
8868-GAGIO,0,Yes,No,45,Fiber optic,Yes,No,Month-to-month,Yes,Mailed check,84.55,3713.95,0,82.53222222222222,2-4yr
4061-UKJWL,0,No,No,3,DSL,No,No,Month-to-month,No,Mailed check,45.45,141.7,0,47.23333333333333,0-1yr
5380-XPJNZ,0,No,No,38,No,No,No,One year,No,Mailed check,20.05,678.2,0,17.847368421052632,2-4yr
8263-QMNTJ,0,Yes,No,72,Fiber optic,Yes,Yes,Two year,Yes,Electronic check,115.55,8425.3,0,117.01805555555555,4-6yr
8178-EYZUO,0,No,No,46,Fiber optic,Yes,No,Month-to-month,Yes,Electronic check,93.7,4154.8,1,90.32173913043479,2-4yr
3230-JCNZS,0,Yes,Yes,71,Fiber optic,Yes,No,Two year,Yes,Credit card,99.0,7061.65,0,99.45985915492957,4-6yr
0277-ORXQS,0,Yes,Yes,66,DSL,No,Yes,Two year,No,Bank transfer,50.55,3364.55,0,50.97803030303031,4-6yr
5130-IEKQT,1,No,No,25,Fiber optic,No,No,Month-to-month,No,Mailed check,105.95,2655.25,1,106.21,2-4yr
3230-WYKIR,0,No,No,18,DSL,No,Yes,One year,Yes,Credit card,82.0,1425.45,1,79.19166666666666,1-2yr
7996-BPXHY,0,Yes,Yes,13,No,No,No,Two year,Yes,Bank transfer,25.0,332.5,0,25.576923076923077,1-2yr
3227-WLKLI,0,Yes,Yes,65,DSL,Yes,Yes,Two year,No,Bank transfer,91.55,5963.95,0,91.75307692307692,4-6yr
0407-BDJKB,0,Yes,No,60,Fiber optic,No,No,Month-to-month,Yes,Electronic check,95.75,5742.9,1,95.71499999999999,4-6yr
2266-FUBDZ,0,Yes,Yes,15,No,No,No,Two year,No,Mailed check,19.35,278.85,0,18.59,1-2yr
8237-ULIXL,0,Yes,No,72,No,No,No,Two year,No,Credit card,24.85,1871.85,0,25.997916666666665,4-6yr
9600-UDOPK,0,Yes,No,30,Fiber optic,No,No,Month-to-month,Yes,Credit card,94.05,2866.45,1,95.54833333333333,2-4yr
8216-AZUUZ,0,Yes,Yes,42,Fiber optic,No,Yes,Two year,Yes,Electronic check,100.4,4303.65,0,102.46785714285713,2-4yr
9153-BTBVV,0,Yes,No,71,No,No,No,Two year,No,Bank transfer,25.0,1753.0,0,24.690140845070424,4-6yr
4074-SJFFA,0,No,No,1,DSL,No,No,Month-to-month,Yes,Mailed check,54.75,54.75,1,54.75,0-1yr
3269-ATYWD,1,No,No,39,Fiber optic,No,No,Month-to-month,Yes,Bank transfer,95.65,3759.05,1,96.38589743589743,2-4yr
5186-PEIZU,0,No,No,35,No,No,No,Month-to-month,No,Bank transfer,19.25,617.65,0,17.647142857142857,2-4yr
1074-AMIOH,0,Yes,Yes,53,Fiber optic,No,Yes,Month-to-month,Yes,Bank transfer,108.25,5935.1,0,111.98301886792453,4-6yr
4910-GMJOT,0,No,No,1,Fiber optic,No,No,Month-to-month,Yes,Electronic check,94.6,94.6,1,94.6,0-1yr
0354-WYROK,1,Yes,Yes,31,Fiber optic,No,Yes,Month-to-month,Yes,Electronic check,98.9,2911.3,1,93.91290322580646,2-4yr
4361-FEBGN,0,No,No,48,No,No,No,Two year,No,Credit card,20.15,982.95,0,20.478125000000002,2-4yr
7748-UMTRK,1,No,Yes,30,Fiber optic,No,Yes,Month-to-month,Yes,Electronic check,101.3,2974.5,0,99.15,2-4yr
0380-ZCSBI,0,No,No,10,No,No,No,Month-to-month,No,Credit card,20.0,198.7,0,19.869999999999997,0-1yr
7145-FEJWU,0,No,Yes,12,Fiber optic,No,No,Month-to-month,Yes,Electronic check,105.3,1275.65,0,106.30416666666667,0-1yr
6463-MVYRY,1,No,No,57,DSL,Yes,Yes,Two year,No,Bank transfer,69.85,4003.0,0,70.2280701754386,4-6yr
3969-JQABI,0,Yes,No,58,DSL,Yes,No,Month-to-month,Yes,Credit card,65.25,3791.6,0,65.37241379310345,4-6yr
9624-EGDEQ,0,No,No,37,No,No,No,Two year,No,Mailed check,19.8,813.3,0,21.98108108108108,2-4yr
1051-EQPZR,0,Yes,Yes,44,No,No,No,Month-to-month,No,Mailed check,19.6,780.25,0,17.732954545454547,2-4yr
5849-ASHZJ,0,No,Yes,27,No,No,No,One year,No,Credit card,20.05,552.9,0,20.477777777777778,2-4yr
5780-INQIK,0,No,No,8,DSL,No,Yes,Month-to-month,No,Electronic check,49.4,408.25,0,51.03125,0-1yr
7576-OYWBN,1,No,No,3,Fiber optic,No,No,Month-to-month,Yes,Electronic check,76.05,231.8,1,77.26666666666667,0-1yr
4526-ZJJTM,1,Yes,No,25,Fiber optic,No,No,Month-to-month,No,Bank transfer,88.4,2191.15,0,87.646,2-4yr
8384-FZBJK,0,Yes,Yes,57,Fiber optic,No,No,Month-to-month,Yes,Electronic check,100.6,5611.7,0,98.45087719298245,4-6yr
3750-RNQKR,0,No,No,12,No,No,No,Month-to-month,No,Mailed check,19.45,246.25,0,20.520833333333332,0-1yr
0962-CQPWQ,0,Yes,Yes,62,No,No,No,Two year,No,Bank transfer,20.3,1296.15,0,20.905645161290323,4-6yr
3096-YXENJ,0,Yes,No,65,Fiber optic,No,Yes,Two year,Yes,Bank transfer,107.65,7082.85,0,108.96692307692308,4-6yr
1265-BCFEO,0,Yes,No,71,DSL,No,Yes,Two year,Yes,Bank transfer,80.45,5662.25,0,79.75,4-6yr
5837-LXSDN,0,Yes,Yes,21,DSL,No,No,One year,Yes,Credit card,58.85,1215.45,0,57.87857142857143,1-2yr
5945-AZYHT,0,Yes,No,71,Fiber optic,Yes,No,One year,Yes,Electronic check,109.6,7854.15,0,110.6218309859155,4-6yr
8325-QRPZR,0,No,No,7,Fiber optic,No,No,Month-to-month,Yes,Electronic check,75.15,525.0,0,75.0,0-1yr
6384-VMJHP,0,No,No,72,DSL,Yes,Yes,Two year,Yes,Credit card,73.0,5265.2,0,73.12777777777778,4-6yr
2262-SLNVK,0,No,No,1,Fiber optic,No,No,Month-to-month,No,Electronic check,70.1,70.1,0,70.1,0-1yr
7730-CLDSV,0,Yes,Yes,72,Fiber optic,No,Yes,Two year,Yes,Bank transfer,98.65,7129.45,0,99.02013888888888,4-6yr
1135-HIORI,0,Yes,Yes,64,Fiber optic,No,Yes,One year,Yes,Electronic check,111.45,7266.95,0,113.54609375,4-6yr
0164-APGRB,0,No,No,72,Fiber optic,Yes,Yes,Two year,Yes,Electronic check,114.9,8496.7,0,118.00972222222224,4-6yr
6481-ESCNL,0,No,No,29,Fiber optic,No,No,Month-to-month,No,Bank transfer,100.55,2878.75,0,99.26724137931035,2-4yr
1790-NESIO,0,No,No,13,No,No,No,Two year,Yes,Mailed check,20.4,261.3,0,20.1,1-2yr
1550-EENBN,0,No,No,31,Fiber optic,Yes,No,Month-to-month,No,Electronic check,104.35,3205.6,0,103.40645161290323,2-4yr
5539-TMZLF,1,No,No,1,Fiber optic,No,No,Month-to-month,Yes,Electronic check,69.75,69.75,1,69.75,0-1yr
4323-SADQS,0,Yes,Yes,7,DSL,Yes,Yes,Month-to-month,Yes,Electronic check,34.5,279.25,1,39.892857142857146,0-1yr
4446-BZKHU,0,Yes,No,61,Fiber optic,No,No,Month-to-month,Yes,Electronic check,105.55,6281.45,1,102.97459016393442,4-6yr
5202-IVJNU,0,No,Yes,39,DSL,No,No,Month-to-month,No,Credit card,30.1,1131.3,1,29.007692307692306,2-4yr
5976-JCJRH,0,Yes,No,10,Fiber optic,No,No,Month-to-month,Yes,Electronic check,70.3,738.2,1,73.82000000000001,0-1yr
8198-RKSZG,0,Yes,Yes,14,DSL,No,Yes,Month-to-month,No,Credit card,80.45,1137.05,0,81.21785714285714,1-2yr
0137-OCGAB,0,No,No,1,Fiber optic,No,No,Month-to-month,Yes,Mailed check,80.2,80.2,1,80.2,0-1yr
3351-NQLDI,0,Yes,Yes,67,Fiber optic,Yes,Yes,One year,Yes,Credit card,94.35,6341.45,1,94.64850746268657,4-6yr
9297-EONCV,0,No,No,72,DSL,Yes,Yes,Two year,Yes,Bank transfer,91.35,6697.2,0,93.01666666666667,4-6yr
7593-JNWRU,0,Yes,Yes,6,DSL,No,No,Month-to-month,Yes,Bank transfer,44.6,260.8,1,43.46666666666667,0-1yr
4588-YBNIB,0,No,No,1,No,No,No,Month-to-month,Yes,Mailed check,19.6,19.6,1,19.6,0-1yr
1069-QJOEE,0,Yes,Yes,25,No,No,No,One year,No,Electronic check,19.9,505.45,0,20.218,2-4yr
3336-JORSO,1,No,No,33,Fiber optic,No,Yes,Month-to-month,Yes,Electronic check,110.45,3655.45,1,110.77121212121212,2-4yr
7799-DSEWS,0,No,No,18,DSL,Yes,Yes,Month-to-month,Yes,Electronic check,68.35,1299.8,0,72.21111111111111,1-2yr
8766-PAFNE,0,Yes,No,71,DSL,No,Yes,Two year,Yes,Credit card,79.1,5564.85,0,78.3781690140845,4-6yr
5315-CKEQK,1,Yes,Yes,28,DSL,No,No,One year,Yes,Electronic check,51.0,1381.8,0,49.35,2-4yr
3130-ICDUP,0,No,Yes,2,Fiber optic,Yes,No,Month-to-month,No,Credit card,80.55,188.1,0,94.05,0-1yr
0820-FNRNX,0,Yes,Yes,17,DSL,No,Yes,Month-to-month,Yes,Mailed check,66.7,1077.05,0,63.35588235294117,1-2yr
0880-FVFWF,0,No,No,56,Fiber optic,Yes,No,Month-to-month,Yes,Electronic check,86.4,4922.4,0,87.89999999999999,4-6yr
4611-ANLQC,0,Yes,No,60,DSL,Yes,No,One year,No,Electronic check,50.05,2911.5,0,48.525,4-6yr
4213-HKBJO,0,No,No,33,No,No,No,Two year,No,Credit card,25.7,826.1,0,25.033333333333335,2-4yr
2792-LSHWX,0,No,No,1,Fiber optic,Yes,Yes,Month-to-month,Yes,Mailed check,83.4,83.4,0,83.4,0-1yr
5028-GZLDO,0,No,No,2,Fiber optic,No,No,Month-to-month,No,Credit card,70.7,140.7,1,70.35,0-1yr
0014-BMAQU,0,Yes,No,63,Fiber optic,Yes,Yes,Two year,Yes,Credit card,84.65,5377.8,0,85.36190476190477,4-6yr
6861-XWTWQ,1,Yes,No,7,Fiber optic,No,No,Month-to-month,Yes,Electronic check,99.25,665.45,1,95.06428571428572,0-1yr
9018-PCIOK,0,No,No,55,DSL,No,No,Two year,Yes,Mailed check,64.75,3617.1,0,65.76545454545455,4-6yr
4837-QUSFT,0,Yes,No,65,Fiber optic,Yes,Yes,One year,Yes,Bank transfer,100.15,6643.5,0,102.20769230769231,4-6yr
6877-TJMBR,0,Yes,No,1,Fiber optic,No,Yes,Month-to-month,Yes,Electronic check,84.8,84.8,1,84.8,0-1yr
9953-ZMKSM,0,No,No,63,No,No,No,Two year,No,Mailed check,25.25,1559.3,0,24.75079365079365,4-6yr
0907-HQNTS,1,Yes,No,70,Fiber optic,Yes,Yes,Two year,Yes,Credit card,113.0,7987.6,0,114.10857142857144,4-6yr
7665-NKLAV,0,Yes,Yes,36,DSL,Yes,Yes,Two year,No,Credit card,40.65,1547.35,0,42.981944444444444,2-4yr
6769-DCQLI,0,No,No,52,Fiber optic,No,Yes,One year,Yes,Bank transfer,105.0,5426.85,1,104.36250000000001,4-6yr
2433-KMEAS,0,No,No,22,DSL,Yes,No,Month-to-month,Yes,Electronic check,54.45,1127.35,1,51.24318181818182,1-2yr
4391-LNRXK,0,No,No,22,Fiber optic,No,Yes,Month-to-month,Yes,Bank transfer,94.95,2142.8,0,97.4,1-2yr
8250-ZNGGW,1,No,No,5,DSL,Yes,Yes,Month-to-month,No,Credit card,59.9,287.85,0,57.57000000000001,0-1yr
2195-ZRVAX,0,Yes,No,47,Fiber optic,No,No,Month-to-month,Yes,Electronic check,85.3,4045.65,1,86.07765957446809,2-4yr
3550-SAHFP,0,No,No,33,Fiber optic,No,No,Month-to-month,Yes,Electronic check,83.35,2757.85,1,83.57121212121211,2-4yr
2011-TRQYE,0,No,No,18,DSL,No,No,Month-to-month,Yes,Credit card,33.5,600.0,1,33.333333333333336,1-2yr
8562-GHPPI,0,No,No,1,No,No,No,Month-to-month,No,Credit card,19.8,19.8,0,19.8,0-1yr
5893-PYOLZ,0,No,No,56,DSL,No,Yes,Two year,Yes,Credit card,81.8,4534.45,0,80.97232142857142,4-6yr
4986-MXSFP,0,No,No,2,No,No,No,Month-to-month,Yes,Mailed check,20.0,40.9,0,20.45,0-1yr
6131-FOYAS,0,No,No,35,DSL,Yes,No,Month-to-month,Yes,Electronic check,59.6,2094.9,0,59.854285714285716,2-4yr
3027-YNWZU,0,Yes,No,64,No,No,No,Two year,No,Credit card,25.0,1584.8,0,24.7625,4-6yr
5609-IMCGG,0,No,No,15,Fiber optic,Yes,No,Month-to-month,Yes,Credit card,84.35,1302.65,0,86.84333333333333,1-2yr
4873-ILOLJ,0,No,No,24,Fiber optic,No,No,Month-to-month,Yes,Electronic check,90.35,2238.5,1,93.27083333333333,1-2yr
4727-MCYZG,0,No,No,1,DSL,No,No,Month-to-month,No,Mailed check,55.55,55.55,0,55.55,0-1yr
9481-WHGWY,0,Yes,Yes,70,DSL,Yes,Yes,Two year,No,Credit card,75.35,5437.75,0,77.68214285714286,4-6yr
2725-KXXWT,0,Yes,No,1,Fiber optic,No,No,Month-to-month,Yes,Electronic check,90.75,90.75,1,90.75,0-1yr
9565-DJPIB,0,No,Yes,4,Fiber optic,No,No,Month-to-month,No,Mailed check,89.6,365.65,1,91.4125,0-1yr
4328-VUFWD,0,No,No,39,DSL,No,Yes,One year,No,Electronic check,59.3,2209.15,0,56.6448717948718,2-4yr
3301-LSLWQ,0,No,No,29,DSL,Yes,No,Month-to-month,Yes,Electronic check,66.1,1912.15,0,65.93620689655172,2-4yr
7473-ZBDSN,0,Yes,Yes,14,No,No,No,Two year,No,Mailed check,18.8,255.55,0,18.25357142857143,1-2yr
3166-PNEOF,0,No,No,61,DSL,Yes,Yes,Two year,No,Credit card,86.45,5175.3,0,84.84098360655739,4-6yr
5639-NTUPK,0,No,Yes,13,DSL,Yes,No,Month-to-month,Yes,Credit card,52.1,670.65,0,51.58846153846154,1-2yr
8780-YRMTT,0,No,No,66,DSL,Yes,Yes,Two year,Yes,Mailed check,47.4,3177.25,0,48.140151515151516,4-6yr
8348-HFYIV,0,No,No,2,DSL,No,No,Month-to-month,Yes,Electronic check,49.25,90.35,1,45.175,0-1yr
5140-FOMCQ,0,Yes,No,59,Fiber optic,Yes,No,One year,Yes,Credit card,109.15,6557.75,0,111.14830508474576,4-6yr
6242-SGYTS,0,Yes,Yes,62,Fiber optic,Yes,No,One year,Yes,Credit card,94.95,5791.85,0,93.41693548387097,4-6yr
8166-ORCHU,1,Yes,No,33,Fiber optic,Yes,Yes,One year,Yes,Electronic check,93.55,3055.5,0,92.5909090909091,2-4yr
8414-OOEEL,0,No,Yes,66,DSL,No,Yes,Two year,Yes,Credit card,79.5,5196.1,0,78.72878787878788,4-6yr
8454-AATJP,0,No,No,72,Fiber optic,Yes,Yes,Two year,No,Credit card,115.05,8405.0,0,116.73611111111111,4-6yr
6849-WLEYG,0,No,Yes,1,No,No,No,Month-to-month,No,Mailed check,19.75,19.75,1,19.75,0-1yr
4659-NZRUF,0,No,No,19,Fiber optic,Yes,No,Month-to-month,Yes,Electronic check,95.15,1789.25,1,94.17105263157895,1-2yr
4531-AUZNK,0,Yes,Yes,51,Fiber optic,Yes,Yes,One year,Yes,Mailed check,95.15,5000.05,0,98.04019607843138,4-6yr
4191-XOVOM,0,No,No,63,Fiber optic,No,Yes,Month-to-month,No,Electronic check,105.4,6713.2,0,106.55873015873016,4-6yr
2150-OEGBV,0,No,No,27,No,No,No,One year,No,Bank transfer,20.1,562.6,0,20.83703703703704,2-4yr
8429-XIBUM,0,No,No,22,Fiber optic,Yes,No,Month-to-month,Yes,Bank transfer,101.35,2317.1,1,105.32272727272726,1-2yr
1855-CFULU,1,No,No,4,No,No,No,Month-to-month,No,Mailed check,20.05,91.45,0,22.8625,0-1yr
4878-BUNFV,0,Yes,Yes,42,No,No,No,Two year,No,Mailed check,20.7,828.85,0,19.73452380952381,2-4yr
1872-EBWSC,0,No,No,29,No,No,No,One year,No,Mailed check,20.35,617.35,0,21.28793103448276,2-4yr
2608-BHKFN,0,No,No,4,Fiber optic,No,No,Month-to-month,Yes,Credit card,70.05,266.9,1,66.725,0-1yr
7026-YMSBE,0,No,No,30,No,No,No,One year,No,Mailed check,19.7,625.05,0,20.834999999999997,2-4yr
7341-LXCAF,0,Yes,No,4,Fiber optic,No,No,Month-to-month,Yes,Electronic check,74.65,301.4,1,75.35,0-1yr
6997-UVGOX,0,Yes,Yes,71,DSL,Yes,Yes,Two year,No,Bank transfer,85.45,6029.9,0,84.9281690140845,4-6yr
9674-EHPPG,0,Yes,No,46,DSL,Yes,Yes,Two year,No,Credit card,40.4,1842.7,0,40.05869565217392,2-4yr
9462-MJUAW,0,No,No,4,DSL,No,No,Month-to-month,No,Mailed check,50.4,206.6,1,51.65,0-1yr
8128-YVJRG,0,No,No,7,Fiber optic,Yes,No,Month-to-month,Yes,Mailed check,79.65,604.7,1,86.38571428571429,0-1yr
5440-VHLUL,0,No,No,69,Fiber optic,No,Yes,One year,Yes,Bank transfer,105.2,7386.05,0,107.04420289855072,4-6yr
5781-BKHOP,0,Yes,No,72,Fiber optic,Yes,No,Two year,No,Bank transfer,100.65,7334.05,0,101.86180555555556,4-6yr
4283-FUTGF,1,No,No,19,Fiber optic,No,No,Month-to-month,Yes,Electronic check,79.85,1471.75,1,77.46052631578948,1-2yr
5213-TWWJU,0,No,No,28,Fiber optic,No,Yes,Month-to-month,No,Electronic check,91.0,2626.15,0,93.79107142857143,2-4yr
1569-TTNYJ,0,Yes,No,5,Fiber optic,No,No,Month-to-month,Yes,Electronic check,78.75,412.1,1,82.42,0-1yr
8628-MFKAX,1,Yes,No,72,Fiber optic,Yes,Yes,Two year,Yes,Credit card,116.75,8277.05,0,114.95902777777776,4-6yr
2397-BRLOM,1,Yes,Yes,8,Fiber optic,No,No,Month-to-month,Yes,Credit card,80.45,583.45,1,72.93125,0-1yr
7629-WIXZF,0,No,No,7,DSL,Yes,No,One year,Yes,Electronic check,59.1,369.25,0,52.75,0-1yr
5445-GLVOT,0,No,No,22,DSL,Yes,No,Month-to-month,Yes,Electronic check,49.8,1049.05,0,47.684090909090905,1-2yr
3976-HXHCE,0,No,No,72,No,No,No,Two year,No,Bank transfer,19.3,1414.8,0,19.65,4-6yr
2466-NEJOJ,0,Yes,Yes,8,No,No,No,Month-to-month,No,Credit card,19.65,169.75,0,21.21875,0-1yr
0254-KCJGT,0,Yes,No,52,DSL,Yes,Yes,One year,Yes,Credit card,81.4,4354.45,0,83.73942307692307,4-6yr
5472-CVMDX,0,No,No,68,DSL,Yes,Yes,Two year,No,Mailed check,38.9,2719.2,0,39.98823529411764,4-6yr
6461-SZMCV,0,Yes,No,71,DSL,Yes,Yes,Two year,No,Bank transfer,87.95,6365.35,0,89.65281690140846,4-6yr
8150-QUDFX,0,No,No,2,No,No,No,Month-to-month,No,Mailed check,19.85,51.6,0,25.8,0-1yr
9508-ILZDG,1,No,No,34,Fiber optic,No,Yes,Month-to-month,Yes,Electronic check,96.35,3190.25,0,93.83088235294117,2-4yr
2346-DJQTB,0,No,No,35,DSL,No,No,Month-to-month,No,Electronic check,24.15,812.5,0,23.214285714285715,2-4yr
1697-LYYYX,0,Yes,Yes,61,No,No,No,One year,No,Credit card,19.1,1143.8,0,18.750819672131147,4-6yr
1942-OQFRW,0,No,No,1,DSL,No,No,Month-to-month,No,Electronic check,44.0,44.0,0,44.0,0-1yr
4749-VFKVB,0,No,No,1,DSL,No,No,Month-to-month,Yes,Mailed check,50.1,50.1,1,50.1,0-1yr
9640-ZSLDC,0,Yes,Yes,53,DSL,No,No,One year,No,Credit card,60.6,3297.0,0,62.20754716981132,4-6yr
4231-LZUYM,0,Yes,No,72,No,No,No,Two year,No,Bank transfer,25.65,1887.0,0,26.208333333333332,4-6yr
7598-UAASY,0,Yes,No,2,Fiber optic,No,No,Month-to-month,No,Electronic check,76.4,151.8,1,75.9,0-1yr
7938-OUHIO,0,No,No,3,Fiber optic,No,Yes,Month-to-month,Yes,Electronic check,98.7,293.65,1,97.88333333333333,0-1yr
8510-AWCXC,1,No,No,13,Fiber optic,Yes,No,Month-to-month,Yes,Electronic check,100.8,1308.1,1,100.62307692307692,1-2yr
6128-AQBMT,1,Yes,No,41,DSL,No,No,Month-to-month,Yes,Electronic check,53.95,2215.4,0,54.03414634146342,2-4yr
3594-BDSOA,0,Yes,No,24,No,No,No,One year,No,Credit card,20.4,482.8,0,20.116666666666667,1-2yr
0431-APWVY,0,Yes,Yes,28,Fiber optic,No,No,One year,Yes,Bank transfer,90.1,2598.95,1,92.81964285714285,2-4yr
5133-VRSAB,0,No,No,8,DSL,Yes,No,Month-to-month,No,Mailed check,29.35,216.45,0,27.05625,0-1yr
5996-DAOQL,0,No,No,1,No,No,No,Month-to-month,Yes,Mailed check,20.45,20.45,0,20.45,0-1yr
6838-YAUVY,0,No,No,54,Fiber optic,No,Yes,Two year,Yes,Bank transfer,95.1,5064.85,0,93.79351851851852,4-6yr
0484-JPBRU,0,No,No,41,No,No,No,Month-to-month,Yes,Bank transfer,25.25,996.45,0,24.303658536585367,2-4yr
7883-ROJOC,0,Yes,No,19,DSL,No,No,Month-to-month,No,Mailed check,44.9,839.65,0,44.19210526315789,1-2yr
0244-LGNFY,0,Yes,Yes,72,DSL,Yes,Yes,Two year,No,Bank transfer,92.65,6733.0,0,93.51388888888889,4-6yr
7274-CGTOD,0,No,No,62,DSL,Yes,Yes,Two year,Yes,Bank transfer,43.7,2618.3,0,42.230645161290326,4-6yr
4295-YURET,1,Yes,Yes,56,DSL,Yes,Yes,Two year,Yes,Credit card,72.6,4084.35,0,72.93482142857142,4-6yr
3426-NIYYL,0,No,No,15,DSL,No,No,Month-to-month,No,Electronic check,51.55,765.5,1,51.03333333333333,1-2yr
8225-BTJAU,1,No,No,10,Fiber optic,No,No,Month-to-month,Yes,Electronic check,79.25,793.55,1,79.35499999999999,0-1yr
4635-EJYPD,0,Yes,Yes,32,No,No,No,Two year,No,Mailed check,18.95,613.95,0,19.1859375,2-4yr
1866-ZSLJM,0,No,No,21,No,No,No,Month-to-month,No,Credit card,20.5,402.85,0,19.183333333333334,1-2yr
4636-TVXVG,0,Yes,Yes,62,No,No,No,One year,No,Bank transfer,19.95,1244.8,0,20.07741935483871,4-6yr
4236-UJPWO,0,No,No,2,DSL,No,No,Month-to-month,No,Electronic check,24.5,46.4,0,23.2,0-1yr
9392-XBGTD,0,No,Yes,27,No,No,No,Two year,No,Mailed check,20.6,581.85,0,21.55,2-4yr
3387-VATUS,0,No,No,5,Fiber optic,No,No,Month-to-month,Yes,Bank transfer,94.85,462.8,1,92.56,0-1yr
6402-SSEJG,0,No,No,25,DSL,Yes,No,One year,No,Electronic check,61.05,1540.2,0,61.608000000000004,2-4yr
1143-NMNQJ,0,No,No,2,Fiber optic,No,No,Month-to-month,Yes,Electronic check,85.7,169.8,1,84.9,0-1yr
1169-SAOCL,0,No,No,49,Fiber optic,No,Yes,One year,Yes,Bank transfer,106.65,5168.1,0,105.47142857142858,4-6yr
1110-KYLGQ,0,No,No,63,Fiber optic,Yes,No,Month-to-month,No,Credit card,108.25,6780.1,0,107.62063492063493,4-6yr
9929-PLVPA,0,No,Yes,4,No,No,No,Month-to-month,No,Credit card,20.4,94.5,0,23.625,0-1yr
3518-PZXZQ,0,Yes,No,1,DSL,No,No,Month-to-month,Yes,Mailed check,55.3,55.3,0,55.3,0-1yr
2371-JUNGC,0,No,No,11,No,No,No,Month-to-month,No,Mailed check,20.25,208.0,0,18.90909090909091,0-1yr
7693-QPEFS,1,No,No,52,Fiber optic,No,No,Month-to-month,Yes,Bank transfer,72.95,3829.75,0,73.64903846153847,4-6yr
0924-BJCRC,1,Yes,No,60,Fiber optic,No,No,Month-to-month,No,Electronic check,89.45,5294.6,0,88.24333333333334,4-6yr
5074-FBGHB,0,No,No,64,Fiber optic,No,Yes,One year,Yes,Credit card,104.65,6889.8,0,107.653125,4-6yr
2351-BKRZW,0,Yes,Yes,43,DSL,Yes,No,Two year,No,Bank transfer,75.2,3254.35,0,75.68255813953488,2-4yr
4455-BFSPD,0,Yes,No,61,Fiber optic,No,Yes,One year,No,Bank transfer,101.15,6383.9,0,104.65409836065574,4-6yr
0415-MOSGF,0,No,No,1,DSL,No,No,Month-to-month,No,Mailed check,44.4,44.4,1,44.4,0-1yr
1724-BQUHA,1,No,No,5,Fiber optic,No,No,Month-to-month,Yes,Electronic check,89.5,477.7,1,95.53999999999999,0-1yr
3948-KXDUF,0,No,No,66,DSL,Yes,Yes,Two year,No,Bank transfer,68.75,4447.55,0,67.38712121212122,4-6yr
2323-ARSVR,0,Yes,No,67,Fiber optic,Yes,Yes,Two year,Yes,Electronic check,111.05,7321.05,0,109.26940298507463,4-6yr
0815-MFZGM,0,Yes,No,42,Fiber optic,No,Yes,Two year,Yes,Credit card,99.0,4135.0,0,98.45238095238095,2-4yr
4826-XTSOH,1,Yes,No,1,Fiber optic,No,No,Month-to-month,Yes,Electronic check,86.05,86.05,1,86.05,0-1yr
5480-XTFFL,0,Yes,Yes,31,No,No,No,Two year,No,Mailed check,21.0,697.7,0,22.506451612903227,2-4yr
8295-FHIVV,0,No,No,7,No,No,No,Month-to-month,Yes,Mailed check,19.4,168.65,0,24.092857142857145,0-1yr
2495-INZWQ,0,No,No,4,DSL,No,No,Month-to-month,Yes,Electronic check,44.55,174.3,1,43.575,0-1yr
9086-YJYXS,0,Yes,Yes,34,DSL,No,No,One year,No,Bank transfer,77.2,2753.8,0,80.99411764705883,2-4yr
1179-INLAT,0,No,No,3,No,No,No,One year,Yes,Mailed check,19.45,69.25,0,23.083333333333332,0-1yr
7909-FIOIY,0,Yes,Yes,19,DSL,No,No,Month-to-month,Yes,Mailed check,24.85,434.8,0,22.88421052631579,1-2yr
4139-SUGLD,0,Yes,Yes,31,DSL,Yes,Yes,Month-to-month,No,Bank transfer,35.4,1077.5,1,34.75806451612903,2-4yr
6857-VWJDT,0,No,No,1,Fiber optic,No,No,Month-to-month,No,Mailed check,95.65,95.65,1,95.65,0-1yr
6351-SCJKT,0,No,No,3,DSL,Yes,Yes,Month-to-month,No,Mailed check,41.35,107.25,0,35.75,0-1yr
5468-BPMMO,0,Yes,No,46,No,No,No,Month-to-month,No,Electronic check,19.6,851.2,0,18.504347826086956,2-4yr
5624-BQSSA,0,No,No,1,No,No,No,Month-to-month,No,Mailed check,20.95,20.95,1,20.95,0-1yr
0197-PNKNK,0,Yes,Yes,69,Fiber optic,Yes,No,One year,No,Bank transfer,84.45,5848.6,0,84.76231884057971,4-6yr
2439-QKJUL,0,No,No,5,No,No,No,Month-to-month,No,Mailed check,20.25,109.8,0,21.96,0-1yr
1194-SPVSP,0,No,No,1,No,No,No,Month-to-month,No,Bank transfer,19.65,19.65,0,19.65,0-1yr
9534-NSXEM,0,No,No,26,No,No,No,One year,Yes,Credit card,20.65,595.5,0,22.903846153846153,2-4yr
2408-WITXK,1,No,No,10,DSL,No,No,Month-to-month,Yes,Electronic check,34.7,329.8,1,32.980000000000004,0-1yr
8929-KSWIH,0,No,No,25,Fiber optic,No,Yes,Two year,No,Bank transfer,99.3,2513.5,0,100.54,2-4yr
2250-IVBWA,0,Yes,Yes,64,Fiber optic,Yes,No,Month-to-month,No,Electronic check,81.05,5135.35,0,80.23984375,4-6yr
1810-MVMAI,0,Yes,Yes,30,DSL,Yes,Yes,Month-to-month,No,Electronic check,67.6,2000.2,0,66.67333333333333,2-4yr
9506-UXUSK,0,No,No,13,Fiber optic,No,No,Month-to-month,Yes,Electronic check,70.15,931.75,0,71.67307692307692,1-2yr
1229-RCALF,0,Yes,No,64,Fiber optic,Yes,Yes,One year,Yes,Electronic check,115.0,7396.15,0,115.56484375,4-6yr
3572-UOLYZ,0,No,Yes,46,Fiber optic,No,Yes,Month-to-month,Yes,Bank transfer,84.8,3958.85,0,86.06195652173913,2-4yr
1429-UYJSV,0,No,No,12,No,No,No,One year,No,Mailed check,19.7,260.9,0,21.741666666666664,0-1yr
5577-OTWWW,0,No,No,15,No,No,No,Month-to-month,No,Bank transfer,19.75,297.3,1,19.82,1-2yr
6100-QQHEB,0,Yes,Yes,17,Fiber optic,No,No,Month-to-month,Yes,Electronic check,92.55,1515.1,1,89.12352941176471,1-2yr
6366-XIVKZ,0,Yes,Yes,13,DSL,Yes,No,Month-to-month,Yes,Mailed check,63.15,816.8,0,62.83076923076923,1-2yr
3470-OBUET,0,Yes,Yes,67,DSL,Yes,Yes,Two year,No,Credit card,74.0,4868.4,0,72.66268656716417,4-6yr
2770-NSVDG,0,Yes,No,24,DSL,No,No,Month-to-month,No,Electronic check,29.1,688.0,0,28.666666666666668,1-2yr
9375-MHRRS,0,No,No,6,DSL,No,Yes,Month-to-month,No,Mailed check,50.05,288.35,0,48.05833333333334,0-1yr
2634-HCZGT,1,Yes,No,53,DSL,Yes,Yes,One year,Yes,Electronic check,60.05,3229.65,1,60.93679245283019,4-6yr
7503-QQRVF,1,Yes,No,16,Fiber optic,No,No,Month-to-month,Yes,Credit card,74.3,1178.25,1,73.640625,1-2yr
4860-YZGZM,0,No,No,10,No,No,No,Month-to-month,No,Electronic check,20.0,185.4,0,18.54,0-1yr
6599-GZWCM,0,No,No,13,Fiber optic,No,No,One year,Yes,Mailed check,74.65,966.25,0,74.32692307692308,1-2yr
2691-NZETQ,0,No,No,9,Fiber optic,No,No,Month-to-month,Yes,Electronic check,85.35,758.6,1,84.28888888888889,0-1yr
4404-HIBDJ,0,No,No,25,DSL,Yes,Yes,One year,No,Mailed check,74.3,1863.8,1,74.55199999999999,2-4yr
5533-NHFRF,1,No,No,7,DSL,No,Yes,Month-to-month,Yes,Electronic check,44.4,265.8,0,37.971428571428575,0-1yr
7037-MTYVW,0,Yes,Yes,38,DSL,Yes,Yes,Two year,Yes,Bank transfer,85.4,3297.0,0,86.76315789473684,2-4yr
4760-THGOT,0,Yes,No,43,Fiber optic,Yes,No,Month-to-month,Yes,Electronic check,94.1,4107.3,0,95.51860465116279,2-4yr
7295-JOMMD,0,No,Yes,4,Fiber optic,No,Yes,Month-to-month,Yes,Bank transfer,98.1,396.3,1,99.075,0-1yr
4016-BJKTZ,0,No,No,25,Fiber optic,No,Yes,Two year,No,Electronic check,108.9,2809.05,0,112.36200000000001,2-4yr
6584-VQMYT,0,No,Yes,27,DSL,Yes,No,One year,No,Mailed check,56.2,1567.55,0,58.0574074074074,2-4yr
9838-BFCQT,0,Yes,Yes,72,No,No,No,Two year,No,Mailed check,26.1,1851.45,0,25.714583333333334,4-6yr
2790-XUYMV,0,No,Yes,71,Fiber optic,Yes,No,One year,Yes,Credit card,85.45,6028.95,0,84.91478873239437,4-6yr
0581-MDMPW,0,No,No,24,Fiber optic,No,No,Month-to-month,Yes,Credit card,88.95,2072.75,0,86.36458333333333,1-2yr
5013-SBUIH,0,No,No,50,Fiber optic,Yes,Yes,Two year,Yes,Electronic check,109.65,5551.15,1,111.023,4-6yr
1023-BQXZE,0,No,No,57,DSL,Yes,No,Two year,Yes,Bank transfer,74.35,4317.35,0,75.74298245614035,4-6yr
9163-GHAYE,0,No,No,15,DSL,No,No,Month-to-month,No,Electronic check,48.85,736.8,0,49.12,1-2yr
3904-UKFRE,0,No,No,4,Fiber optic,Yes,No,Month-to-month,Yes,Electronic check,80.1,336.15,0,84.0375,0-1yr
5353-WILCI,0,No,No,28,DSL,Yes,No,Month-to-month,No,Electronic check,56.05,1522.65,0,54.38035714285714,2-4yr
0709-TVGUR,1,No,No,9,Fiber optic,No,No,Month-to-month,Yes,Electronic check,74.55,622.9,1,69.21111111111111,0-1yr
0058-EVZWM,0,Yes,No,55,Fiber optic,Yes,No,Month-to-month,Yes,Bank transfer,89.8,4959.6,0,90.17454545454547,4-6yr
6023-YEBUP,0,No,No,3,Fiber optic,No,No,Month-to-month,Yes,Electronic check,100.95,329.95,1,109.98333333333333,0-1yr
7209-JCUDS,0,No,No,10,Fiber optic,No,No,Month-to-month,Yes,Electronic check,94.9,1048.85,1,104.88499999999999,0-1yr
7009-PCARS,0,No,Yes,55,No,No,No,One year,No,Bank transfer,19.1,1001.5,0,18.20909090909091,4-6yr
0519-DRGTI,0,Yes,Yes,20,No,No,No,Month-to-month,No,Mailed check,20.35,442.6,0,22.130000000000003,1-2yr
1017-FBQMM,0,Yes,Yes,62,Fiber optic,No,Yes,One year,Yes,Credit card,106.05,6703.5,0,108.12096774193549,4-6yr
3001-CBHLQ,1,Yes,No,32,Fiber optic,No,Yes,Month-to-month,Yes,Electronic check,104.9,3351.55,1,104.7359375,2-4yr
1985-MBRYP,0,No,No,43,No,No,No,Two year,Yes,Bank transfer,19.65,779.25,0,18.122093023255815,2-4yr
6158-DWPZT,0,Yes,No,9,DSL,No,No,One year,No,Bank transfer,24.1,259.8,1,28.866666666666667,0-1yr
9372-TXXPS,0,Yes,No,60,DSL,Yes,Yes,Two year,No,Bank transfer,59.85,3483.45,0,58.0575,4-6yr
3259-QMXUN,0,Yes,No,58,DSL,Yes,No,Two year,Yes,Electronic check,86.1,4890.5,0,84.31896551724138,4-6yr
1015-JPFYW,0,No,Yes,7,No,No,No,One year,No,Mailed check,19.45,136.75,0,19.535714285714285,0-1yr
6645-MXQJT,0,Yes,Yes,2,Fiber optic,Yes,No,Month-to-month,No,Electronic check,97.1,184.15,0,92.075,0-1yr
4360-QRAVE,1,No,No,37,DSL,No,No,Month-to-month,No,Electronic check,36.65,1315.0,0,35.54054054054054,2-4yr
8433-WPJTV,1,Yes,Yes,65,Fiber optic,No,Yes,One year,Yes,Bank transfer,103.9,6767.1,0,104.10923076923078,4-6yr
5804-JMYIO,0,Yes,Yes,39,No,No,No,Two year,No,Mailed check,19.75,757.95,0,19.434615384615388,2-4yr
3763-GCZHZ,0,Yes,No,66,Fiber optic,No,Yes,One year,Yes,Electronic check,104.05,6890.0,1,104.39393939393939,4-6yr
6484-LATFU,0,No,No,68,No,No,No,Two year,No,Mailed check,24.55,1657.4,0,24.373529411764707,4-6yr
7599-NTMDP,0,Yes,Yes,62,DSL,Yes,Yes,Two year,No,Bank transfer,48.7,3008.55,0,48.525000000000006,4-6yr
0772-GYEQQ,0,No,No,3,Fiber optic,No,Yes,Month-to-month,Yes,Mailed check,88.35,262.05,1,87.35000000000001,0-1yr
0536-ACXIP,0,Yes,No,72,Fiber optic,Yes,No,Two year,Yes,Electronic check,109.55,8165.1,0,113.40416666666667,4-6yr
0936-NQLJU,0,Yes,No,41,No,No,No,Two year,No,Credit card,20.65,875.55,0,21.35487804878049,2-4yr
4831-EOBFE,0,Yes,Yes,29,Fiber optic,Yes,No,Month-to-month,No,Credit card,94.65,2649.15,1,91.35000000000001,2-4yr
1575-KRZZE,0,No,No,4,DSL,Yes,No,Month-to-month,No,Electronic check,55.2,220.65,0,55.1625,0-1yr
3251-YMVWZ,0,No,No,53,No,No,No,One year,No,Bank transfer,24.05,1301.9,0,24.56415094339623,4-6yr
4102-OQUPX,1,Yes,No,1,Fiber optic,No,No,Month-to-month,Yes,Electronic check,74.4,74.4,1,74.4,0-1yr
9170-GYZJC,0,Yes,Yes,41,DSL,Yes,Yes,Month-to-month,No,Credit card,79.9,3326.2,1,81.12682926829268,2-4yr
4884-LEVMQ,0,Yes,No,39,No,No,No,Two year,Yes,Bank transfer,20.45,790.0,0,20.256410256410255,2-4yr
8857-CUPFQ,0,Yes,No,63,No,No,No,Two year,No,Mailed check,19.25,1237.65,0,19.645238095238096,4-6yr
7610-TVOPG,0,No,No,15,No,No,No,Month-to-month,Yes,Electronic check,26.35,378.6,0,25.240000000000002,1-2yr
3638-DIMPH,0,Yes,No,13,DSL,No,No,One year,No,Electronic check,43.8,592.65,0,45.58846153846154,1-2yr
1845-ZLLIG,0,No,No,1,DSL,No,No,Month-to-month,Yes,Mailed check,50.15,50.15,0,50.15,0-1yr
8559-WNQZS,0,No,No,1,No,No,No,Two year,No,Mailed check,20.45,20.45,0,20.45,0-1yr
3999-QGRJH,1,No,No,8,Fiber optic,No,No,Month-to-month,Yes,Electronic check,69.7,560.85,1,70.10625,0-1yr
1699-UOTXU,0,No,No,60,DSL,Yes,No,Two year,No,Electronic check,61.4,3638.25,0,60.6375,4-6yr
2454-RPBRZ,1,Yes,No,12,Fiber optic,No,No,Month-to-month,Yes,Electronic check,98.1,1060.2,1,88.35000000000001,0-1yr
0635-WKOLD,0,Yes,No,40,DSL,No,Yes,One year,No,Credit card,70.75,2921.75,0,73.04375,2-4yr
5993-JSUWV,0,No,No,66,DSL,Yes,No,Two year,Yes,Bank transfer,61.15,4017.45,0,60.87045454545454,4-6yr
4518-FZBSX,0,Yes,Yes,42,No,No,No,One year,No,Mailed check,20.25,854.9,0,20.354761904761904,2-4yr
5387-ASZNZ,1,No,No,66,DSL,Yes,Yes,One year,Yes,Credit card,63.85,4174.35,0,63.247727272727275,4-6yr
6988-CJEYV,0,No,No,49,Fiber optic,No,No,Month-to-month,No,Electronic check,98.7,4920.55,0,100.41938775510205,4-6yr
2002-MZHWP,0,No,No,1,No,No,No,Month-to-month,No,Mailed check,20.5,20.5,1,20.5,0-1yr
3097-FQTVJ,0,No,No,41,No,No,No,Two year,No,Mailed check,20.0,810.3,0,19.76341463414634,2-4yr
5465-BUBFA,0,Yes,Yes,41,No,No,No,Two year,No,Bank transfer,19.3,772.4,0,18.839024390243903,2-4yr
7299-GNVPL,0,Yes,Yes,23,Fiber optic,Yes,Yes,Month-to-month,No,Mailed check,84.4,1936.85,0,84.2108695652174,1-2yr
9743-DQKQW,0,No,No,3,DSL,No,No,Month-to-month,No,Electronic check,25.1,79.8,0,26.599999999999998,0-1yr
1215-VFYVK,0,No,No,4,DSL,Yes,Yes,Month-to-month,No,Mailed check,48.25,202.25,0,50.5625,0-1yr
9371-BITHB,0,Yes,Yes,52,No,No,No,Two year,No,Mailed check,19.85,1070.5,0,20.58653846153846,4-6yr
2265-CYWIV,1,Yes,No,4,Fiber optic,Yes,No,Month-to-month,Yes,Electronic check,99.6,347.65,1,86.9125,0-1yr
9093-FPDLG,0,No,No,11,Fiber optic,No,Yes,Month-to-month,Yes,Electronic check,94.2,999.9,0,90.89999999999999,0-1yr
0541-FITGH,0,Yes,No,2,DSL,Yes,No,Month-to-month,Yes,Mailed check,62.15,113.1,0,56.55,0-1yr
6985-HAYWX,0,Yes,No,26,Fiber optic,No,No,Month-to-month,No,Bank transfer,79.3,2015.8,0,77.53076923076922,2-4yr
7508-KBIMB,0,Yes,Yes,24,DSL,Yes,No,One year,Yes,Credit card,56.25,1454.25,0,60.59375,1-2yr
6838-HVLXG,0,No,No,12,No,No,No,Month-to-month,No,Mailed check,20.3,246.7,0,20.558333333333334,0-1yr
2277-DJJDL,1,Yes,No,60,Fiber optic,No,Yes,Month-to-month,Yes,Electronic check,99.0,6017.9,0,100.29833333333333,4-6yr
1897-OKVMW,0,Yes,Yes,64,DSL,Yes,Yes,Two year,Yes,Mailed check,90.6,5817.45,0,90.89765625,4-6yr
5485-ITNPC,0,Yes,No,66,DSL,Yes,Yes,Two year,Yes,Bank transfer,85.9,5595.3,0,84.77727272727273,4-6yr
0233-FTHAV,0,No,No,60,Fiber optic,No,No,One year,Yes,Bank transfer,79.2,4765.0,0,79.41666666666667,4-6yr
4644-PIZRT,0,Yes,Yes,17,DSL,Yes,No,One year,Yes,Bank transfer,70.35,1201.65,0,70.68529411764706,1-2yr
8922-NPKBJ,0,Yes,Yes,42,No,No,No,Two year,No,Mailed check,19.35,867.3,0,20.65,2-4yr
2740-TVLFN,0,No,No,1,DSL,No,No,Month-to-month,Yes,Electronic check,50.15,50.15,0,50.15,0-1yr
7771-CFQRQ,0,Yes,Yes,47,DSL,No,Yes,Two year,No,Bank transfer,63.8,3007.25,0,63.984042553191486,2-4yr
9512-PHSMG,0,Yes,No,10,No,No,No,Month-to-month,Yes,Mailed check,20.55,252.75,0,25.275,0-1yr
6963-EZQEE,1,Yes,No,70,DSL,Yes,Yes,Two year,Yes,Credit card,88.55,6306.5,0,90.09285714285714,4-6yr
2452-KDRRH,1,No,No,67,Fiber optic,No,No,Month-to-month,Yes,Credit card,101.4,6841.05,0,102.10522388059702,4-6yr
2004-OCQXK,0,No,No,1,Fiber optic,No,No,Month-to-month,Yes,Electronic check,81.95,81.95,1,81.95,0-1yr
5027-QPKTE,0,Yes,No,7,Fiber optic,No,No,Month-to-month,Yes,Electronic check,69.35,451.1,1,64.44285714285715,0-1yr
4146-SVFUD,0,No,No,1,DSL,No,No,Month-to-month,No,Mailed check,44.6,44.6,0,44.6,0-1yr
1564-HJUVY,0,No,No,4,DSL,No,Yes,Month-to-month,Yes,Bank transfer,63.75,226.2,0,56.55,0-1yr
3617-XLSGQ,0,Yes,Yes,66,Fiber optic,Yes,No,Two year,No,Bank transfer,109.25,7082.5,0,107.31060606060606,4-6yr
7517-LDMPS,0,No,No,12,Fiber optic,No,No,Month-to-month,Yes,Electronic check,84.6,1017.35,0,84.77916666666667,0-1yr
7244-KXYZN,0,No,No,24,No,No,No,One year,No,Credit card,20.45,527.35,0,21.972916666666666,1-2yr
5226-NOZFC,0,No,No,26,Fiber optic,No,No,Month-to-month,Yes,Electronic check,85.75,2146.5,0,82.5576923076923,2-4yr
2672-HUYVI,0,No,No,6,Fiber optic,No,No,Month-to-month,Yes,Electronic check,91.1,455.3,1,75.88333333333334,0-1yr
1400-WIVLL,0,Yes,No,57,Fiber optic,No,Yes,Two year,No,Electronic check,107.95,5969.85,0,104.73421052631579,4-6yr
7508-MYBOG,0,Yes,No,14,Fiber optic,No,No,Month-to-month,Yes,Electronic check,86.1,1235.55,1,88.25357142857142,1-2yr
8148-NLEGT,0,Yes,Yes,42,No,No,No,Two year,No,Electronic check,22.95,1014.25,0,24.148809523809526,2-4yr
0148-DCDOS,0,No,No,25,Fiber optic,No,No,Month-to-month,Yes,Bank transfer,94.7,2362.1,1,94.484,2-4yr
8347-GDTMP,0,Yes,No,64,No,No,No,Two year,No,Credit card,19.45,1225.65,0,19.15078125,4-6yr
9992-RRAMN,0,Yes,No,22,Fiber optic,No,No,Month-to-month,Yes,Electronic check,85.1,1873.7,1,85.16818181818182,1-2yr
6746-WAUWT,0,No,No,19,No,No,No,One year,Yes,Credit card,19.7,386.5,0,20.342105263157894,1-2yr
0310-MVLET,0,Yes,Yes,61,Fiber optic,No,No,Month-to-month,Yes,Electronic check,99.15,6010.05,1,98.52540983606558,4-6yr
0428-IKYCP,0,Yes,No,22,Fiber optic,No,No,Month-to-month,Yes,Bank transfer,87.0,1850.65,0,84.12045454545455,1-2yr
4550-VBOFE,1,Yes,No,70,Fiber optic,No,No,Month-to-month,Yes,Electronic check,102.95,7101.5,1,101.45,4-6yr
2187-PKZAY,0,No,No,12,Fiber optic,No,No,Month-to-month,Yes,Bank transfer,79.95,1043.4,0,86.95,0-1yr
4003-OCTMP,0,Yes,No,31,DSL,Yes,Yes,One year,Yes,Electronic check,64.0,1910.75,0,61.63709677419355,2-4yr
6652-YFFJO,0,No,No,11,DSL,No,No,Month-to-month,Yes,Electronic check,64.9,716.1,0,65.10000000000001,0-1yr
7225-IILWY,0,Yes,Yes,68,No,No,No,Two year,No,Mailed check,25.75,1686.15,0,24.796323529411765,4-6yr
5248-RPYWW,1,Yes,Yes,72,DSL,Yes,Yes,Two year,Yes,Bank transfer,90.15,6716.45,0,93.28402777777778,4-6yr
7923-IYJWY,1,No,No,67,Fiber optic,Yes,Yes,Two year,Yes,Credit card,116.1,7839.85,0,117.01268656716418,4-6yr
3170-GWYKC,0,No,No,60,Fiber optic,Yes,Yes,Month-to-month,Yes,Bank transfer,104.95,6236.75,0,103.94583333333334,4-6yr
5696-QURRL,0,No,No,1,DSL,No,No,Month-to-month,Yes,Mailed check,45.05,45.05,1,45.05,0-1yr
7409-KIUTL,1,No,Yes,1,Fiber optic,No,No,Month-to-month,Yes,Electronic check,71.0,71.0,1,71.0,0-1yr
9830-ECLEN,0,Yes,Yes,58,DSL,Yes,No,One year,No,Mailed check,50.0,2919.85,0,50.342241379310344,4-6yr
1732-VHUBQ,1,Yes,Yes,47,Fiber optic,No,No,Month-to-month,No,Bank transfer,70.55,3309.25,1,70.40957446808511,2-4yr
0495-RVCBF,0,No,No,1,Fiber optic,No,No,Month-to-month,Yes,Electronic check,79.7,79.7,1,79.7,0-1yr
2668-TZSPS,0,No,No,1,No,No,No,Month-to-month,No,Mailed check,20.45,20.45,0,20.45,0-1yr
7854-EDSSA,0,No,No,22,DSL,Yes,No,Month-to-month,No,Electronic check,59.0,1254.7,1,57.03181818181818,1-2yr
8869-TORSS,0,No,No,48,DSL,Yes,Yes,One year,Yes,Credit card,60.35,2896.4,1,60.34166666666667,2-4yr
7446-SFAOA,0,Yes,No,37,No,No,No,One year,Yes,Bank transfer,19.85,717.5,0,19.39189189189189,2-4yr
9522-ZSINC,0,No,No,13,No,No,No,One year,Yes,Electronic check,19.95,253.8,0,19.523076923076925,1-2yr
8234-GSZYK,0,No,No,43,No,No,No,Two year,No,Bank transfer,26.45,1110.05,0,25.815116279069766,2-4yr
6505-OZNPG,0,No,No,6,DSL,Yes,Yes,Two year,Yes,Mailed check,63.4,348.8,0,58.13333333333333,0-1yr
6164-HAQTX,0,No,No,71,DSL,Yes,Yes,Two year,No,Bank transfer,53.95,3888.65,0,54.76971830985916,4-6yr
0679-IDSTG,1,Yes,Yes,1,Fiber optic,No,No,Month-to-month,Yes,Electronic check,69.25,69.25,1,69.25,0-1yr
7765-LWVVH,0,Yes,Yes,72,Fiber optic,Yes,No,Two year,Yes,Electronic check,95.1,6843.15,0,95.04374999999999,4-6yr
1658-TJVOA,1,No,No,6,Fiber optic,Yes,No,Month-to-month,Yes,Electronic check,74.1,450.9,0,75.14999999999999,0-1yr
0953-LGOVU,0,Yes,Yes,12,DSL,No,Yes,Month-to-month,No,Mailed check,35.5,432.25,0,36.020833333333336,0-1yr
2115-BFTIW,0,No,No,25,Fiber optic,No,No,Month-to-month,No,Mailed check,70.95,1767.35,1,70.694,2-4yr
4692-NNQRU,0,Yes,No,21,Fiber optic,No,Yes,One year,No,Electronic check,79.2,1742.45,0,82.97380952380952,1-2yr
7742-MYPGI,0,Yes,Yes,6,DSL,No,Yes,Month-to-month,Yes,Mailed check,48.8,297.35,0,49.55833333333334,0-1yr
0611-DFXKO,0,Yes,No,20,Fiber optic,No,No,Month-to-month,Yes,Mailed check,89.0,1820.45,1,91.02250000000001,1-2yr
7780-OTDSO,0,Yes,No,18,Fiber optic,Yes,No,Month-to-month,Yes,Electronic check,99.4,1742.95,1,96.83055555555556,1-2yr
9619-GSATL,0,No,No,43,DSL,No,Yes,One year,No,Electronic check,55.45,2444.25,0,56.843023255813954,2-4yr
5622-UEJFI,0,Yes,Yes,35,No,No,No,Two year,Yes,Credit card,25.4,949.8,0,27.137142857142855,2-4yr
9747-DDZOS,0,No,No,1,Fiber optic,No,No,Month-to-month,No,Bank transfer,73.5,73.5,1,73.5,0-1yr
0674-DGMAQ,1,Yes,No,32,Fiber optic,No,No,Month-to-month,Yes,Electronic check,93.5,2970.8,0,92.8375,2-4yr
6203-HBZPA,0,No,No,52,DSL,Yes,Yes,Two year,No,Credit card,63.9,3334.95,0,64.13365384615385,4-6yr
0484-FFVBJ,0,No,No,32,DSL,No,No,One year,Yes,Bank transfer,64.85,2010.95,0,62.8421875,2-4yr
0301-FIDRB,0,Yes,Yes,72,DSL,Yes,Yes,Two year,Yes,Bank transfer,63.8,4684.3,0,65.05972222222222,4-6yr
4139-JPIAM,0,No,No,51,DSL,Yes,Yes,Month-to-month,Yes,Credit card,44.45,2181.55,0,42.77549019607844,4-6yr
2181-TIDSV,0,Yes,Yes,68,No,No,No,Two year,Yes,Bank transfer,19.95,1303.25,0,19.165441176470587,4-6yr
2761-XECQW,1,Yes,No,8,DSL,No,No,Month-to-month,Yes,Mailed check,43.35,371.4,0,46.425,0-1yr
1936-CZAKF,0,Yes,No,49,DSL,No,No,Two year,No,Credit card,49.65,2409.9,0,49.18163265306123,4-6yr
9453-PATOS,0,Yes,No,72,DSL,Yes,Yes,Two year,No,Mailed check,85.1,6155.4,0,85.49166666666666,4-6yr
0564-JJHGS,0,No,No,9,Fiber optic,No,No,Month-to-month,Yes,Electronic check,95.5,829.1,1,92.12222222222222,0-1yr
3348-CFRNX,0,Yes,No,28,Fiber optic,Yes,No,Month-to-month,Yes,Mailed check,92.35,2602.9,1,92.96071428571429,2-4yr
4402-FTBXC,0,No,No,54,Fiber optic,Yes,No,Month-to-month,No,Mailed check,89.8,4667.0,0,86.42592592592592,4-6yr
1428-GTBJJ,0,No,No,11,Fiber optic,No,No,Month-to-month,Yes,Electronic check,74.55,824.75,1,74.97727272727273,0-1yr
2931-XIQBR,0,Yes,Yes,50,Fiber optic,No,Yes,One year,No,Mailed check,103.05,5153.5,0,103.07,4-6yr
0106-UGRDO,0,Yes,No,69,Fiber optic,Yes,Yes,Two year,Yes,Electronic check,116.0,8182.85,0,118.59202898550726,4-6yr
5542-TBBWB,0,No,No,1,Fiber optic,No,No,Month-to-month,Yes,Electronic check,69.9,69.9,0,69.9,0-1yr
1930-QPBVZ,0,Yes,Yes,68,Fiber optic,Yes,Yes,Two year,No,Bank transfer,95.1,6683.4,0,98.28529411764706,4-6yr
2606-PKWJB,0,No,Yes,40,DSL,Yes,Yes,One year,No,Mailed check,40.25,1564.05,0,39.10125,2-4yr
5322-ZSMZY,0,Yes,Yes,31,No,No,No,Two year,No,Mailed check,25.75,755.6,0,24.374193548387098,2-4yr
8059-UDZFY,1,No,Yes,33,Fiber optic,No,No,Month-to-month,Yes,Bank transfer,105.35,3465.05,0,105.00151515151515,2-4yr
7740-BTPUX,1,Yes,No,55,Fiber optic,No,Yes,Two year,Yes,Electronic check,113.6,6292.7,0,114.41272727272727,4-6yr
5220-AGAAX,0,Yes,Yes,68,No,No,No,Two year,Yes,Bank transfer,24.0,1664.3,0,24.474999999999998,4-6yr
0208-BPQEJ,0,Yes,Yes,12,No,No,No,Month-to-month,No,Bank transfer,19.4,198.1,0,16.508333333333333,0-1yr
9435-JMLSX,0,Yes,No,71,DSL,Yes,Yes,Two year,Yes,Bank transfer,86.1,6045.9,0,85.15352112676055,4-6yr
3352-ALMCK,0,No,No,40,Fiber optic,No,No,Month-to-month,Yes,Mailed check,102.65,4108.15,0,102.70374999999999,2-4yr
5312-IRCFR,0,Yes,Yes,64,Fiber optic,No,No,One year,Yes,Electronic check,92.85,5980.75,0,93.44921875,4-6yr
5294-IMHHT,0,Yes,No,53,Fiber optic,No,Yes,One year,No,Bank transfer,97.75,5043.2,0,95.15471698113207,4-6yr
8802-UNOJF,1,No,No,12,Fiber optic,No,Yes,Month-to-month,Yes,Mailed check,83.8,1029.75,1,85.8125,0-1yr
6313-GIDIT,1,No,No,53,DSL,No,No,Month-to-month,Yes,Electronic check,54.45,2854.55,1,53.859433962264156,4-6yr
6176-YJWAS,0,Yes,No,72,Fiber optic,Yes,No,Two year,Yes,Credit card,97.95,7114.25,0,98.80902777777777,4-6yr
5310-NOOVA,0,No,No,46,No,No,No,Two year,No,Electronic check,19.95,907.05,0,19.718478260869563,2-4yr
4526-EXKKN,0,No,No,40,No,No,No,Two year,Yes,Mailed check,24.6,973.95,0,24.348750000000003,2-4yr
5311-IHLEI,0,No,No,12,DSL,Yes,Yes,Month-to-month,Yes,Bank transfer,50.95,605.75,0,50.479166666666664,0-1yr
3987-KQDDU,0,No,No,9,Fiber optic,Yes,No,Month-to-month,No,Electronic check,75.6,661.55,0,73.50555555555555,0-1yr
3404-JNXAX,0,Yes,Yes,51,Fiber optic,No,Yes,Month-to-month,Yes,Electronic check,80.75,4116.9,0,80.7235294117647,4-6yr
5131-PONJI,0,Yes,Yes,49,Fiber optic,No,No,Month-to-month,Yes,Credit card,90.4,4494.65,0,91.72755102040816,4-6yr
2845-AFFTX,1,Yes,No,41,Fiber optic,No,No,Month-to-month,Yes,Electronic check,99.8,4259.3,1,103.88536585365854,2-4yr
3489-VSFRD,0,No,No,56,DSL,Yes,Yes,One year,Yes,Credit card,60.25,3282.75,0,58.620535714285715,4-6yr
3345-JHUEO,0,No,No,4,No,No,No,Month-to-month,Yes,Electronic check,20.2,55.7,0,13.925,0-1yr
5815-HGGHV,0,Yes,No,20,DSL,Yes,Yes,One year,Yes,Mailed check,64.15,1274.45,0,63.722500000000004,1-2yr
5260-UMPWX,0,Yes,Yes,26,No,No,No,Month-to-month,Yes,Credit card,20.25,493.95,0,18.998076923076923,2-4yr
2249-YPRNG,0,Yes,Yes,20,Fiber optic,No,No,Month-to-month,Yes,Bank transfer,105.85,2239.65,1,111.9825,1-2yr
7410-YTJIK,0,No,No,7,Fiber optic,No,No,Month-to-month,No,Mailed check,75.45,480.75,1,68.67857142857143,0-1yr
4626-GYCZP,0,No,No,7,Fiber optic,No,No,Month-to-month,Yes,Electronic check,93.85,635.6,1,90.8,0-1yr
5649-RXQTV,0,No,No,51,Fiber optic,No,No,Month-to-month,Yes,Electronic check,99.0,5038.15,0,98.78725490196078,4-6yr
2674-MIAHT,0,No,No,4,Fiber optic,No,No,Month-to-month,Yes,Mailed check,80.3,324.2,0,81.05,0-1yr
2576-HXMPA,0,No,No,1,No,No,No,Month-to-month,No,Credit card,19.55,19.55,0,19.55,0-1yr
7587-AOVVU,0,Yes,Yes,27,Fiber optic,Yes,Yes,Month-to-month,No,Electronic check,100.75,2793.55,0,103.46481481481482,2-4yr
5590-BYNII,0,No,No,22,Fiber optic,Yes,No,Month-to-month,Yes,Electronic check,100.75,2095.0,1,95.22727272727273,1-2yr
6898-MDLZW,0,No,No,12,DSL,No,Yes,Month-to-month,Yes,Mailed check,53.75,648.65,0,54.05416666666667,0-1yr
3237-AJGEH,0,Yes,Yes,3,DSL,No,Yes,Month-to-month,Yes,Mailed check,31.0,95.05,1,31.683333333333334,0-1yr
4707-YNOQA,0,Yes,Yes,34,No,No,No,One year,Yes,Credit card,25.6,917.15,0,26.974999999999998,2-4yr
9357-UJRUN,0,Yes,No,24,DSL,Yes,Yes,One year,Yes,Electronic check,58.35,1346.9,0,56.12083333333334,1-2yr
1591-NFNLQ,0,No,No,51,Fiber optic,No,No,Month-to-month,No,Credit card,80.0,4242.35,1,83.18333333333334,4-6yr
8648-PFRMP,1,No,No,14,DSL,No,No,Month-to-month,Yes,Electronic check,46.35,672.7,0,48.050000000000004,1-2yr
7663-CUXZB,0,Yes,No,59,Fiber optic,Yes,Yes,Two year,No,Electronic check,113.75,6561.25,0,111.20762711864407,4-6yr
0258-NOKBL,0,No,No,3,Fiber optic,No,No,Month-to-month,No,Electronic check,90.4,268.45,0,89.48333333333333,0-1yr
1163-VIPRI,0,Yes,Yes,65,Fiber optic,Yes,Yes,Two year,No,Electronic check,109.3,7337.55,0,112.88538461538462,4-6yr
2815-CPTUL,1,No,No,5,Fiber optic,No,No,Month-to-month,Yes,Mailed check,70.25,331.9,1,66.38,0-1yr
9348-ROUAI,0,Yes,Yes,59,DSL,Yes,Yes,Two year,No,Credit card,90.3,5194.05,0,88.03474576271186,4-6yr
9443-JUBUO,0,Yes,Yes,72,DSL,Yes,Yes,Two year,Yes,Credit card,65.25,4478.85,0,62.206250000000004,4-6yr
0596-BQCEQ,0,Yes,Yes,62,Fiber optic,No,No,Month-to-month,Yes,Electronic check,100.15,6283.3,1,101.34354838709677,4-6yr
1481-ZUWZA,0,No,No,28,Fiber optic,Yes,No,Month-to-month,Yes,Credit card,94.5,2659.4,1,94.97857142857143,2-4yr
3043-TYBNO,0,No,No,3,DSL,No,Yes,Month-to-month,No,Mailed check,60.65,196.9,0,65.63333333333334,0-1yr
4830-FAXFM,0,No,Yes,19,No,No,No,Month-to-month,Yes,Credit card,24.1,439.2,0,23.11578947368421,1-2yr
5906-BFOZT,0,No,No,1,No,No,No,Month-to-month,Yes,Mailed check,19.5,19.5,0,19.5,0-1yr
2960-NKRSO,0,No,No,24,Fiber optic,No,Yes,Month-to-month,Yes,Electronic check,85.95,2107.15,0,87.79791666666667,1-2yr
8996-ZROXE,1,No,No,57,DSL,No,Yes,One year,Yes,Electronic check,53.5,3035.8,0,53.25964912280702,4-6yr
5598-IKHQQ,0,No,No,72,No,No,No,Two year,No,Credit card,25.45,1866.45,0,25.922916666666666,4-6yr
0397-ZXWQF,0,No,No,67,No,No,No,Two year,No,Bank transfer,20.5,1430.95,0,21.357462686567164,4-6yr
5266-PFRQK,0,Yes,Yes,52,No,No,No,One year,Yes,Credit card,20.85,1071.6,0,20.607692307692307,4-6yr
4674-HGNUA,0,Yes,Yes,71,DSL,Yes,Yes,Two year,No,Credit card,89.9,6457.15,0,90.94577464788732,4-6yr
6765-MBQNU,0,Yes,No,26,No,No,No,One year,No,Mailed check,26.0,684.05,0,26.309615384615384,2-4yr
9786-IJYDL,0,No,No,35,Fiber optic,Yes,Yes,Two year,Yes,Mailed check,113.2,3914.05,0,111.83,2-4yr
1303-SRDOK,0,Yes,Yes,55,Fiber optic,No,No,Two year,Yes,Credit card,69.05,3842.6,0,69.86545454545454,4-6yr
3769-MHZNV,0,Yes,Yes,33,No,No,No,Two year,No,Mailed check,20.1,670.35,0,20.313636363636363,2-4yr
6295-OSINB,0,Yes,No,72,Fiber optic,Yes,No,Two year,Yes,Electronic check,109.65,7880.25,0,109.44791666666667,4-6yr
3308-MHOOC,0,No,Yes,1,No,No,No,Month-to-month,Yes,Mailed check,19.2,19.2,0,19.2,0-1yr
2309-OSFEU,0,No,No,10,DSL,No,No,Month-to-month,Yes,Mailed check,33.9,298.45,1,29.845,0-1yr
2207-QPJED,1,Yes,No,37,Fiber optic,No,Yes,Month-to-month,No,Electronic check,90.0,3371.75,0,91.12837837837837,2-4yr
4177-JPDFU,0,No,No,12,DSL,No,Yes,Month-to-month,No,Mailed check,34.0,442.45,0,36.87083333333333,0-1yr
2239-CFOUJ,0,Yes,Yes,1,No,No,No,One year,No,Mailed check,20.4,20.4,0,20.4,0-1yr
8046-DNVTL,0,Yes,No,62,DSL,Yes,Yes,Two year,Yes,Credit card,38.6,2345.55,0,37.83145161290323,4-6yr
2209-XADXF,0,No,No,1,DSL,No,No,Month-to-month,No,Bank transfer,25.25,25.25,0,25.25,0-1yr
6620-JDYNW,0,No,No,18,DSL,Yes,No,Month-to-month,Yes,Mailed check,60.6,1156.35,0,64.24166666666666,1-2yr
1891-FZYSA,1,Yes,No,69,Fiber optic,No,No,Month-to-month,Yes,Electronic check,89.95,6143.15,1,89.03115942028985,4-6yr
4770-UEZOX,0,No,No,2,Fiber optic,No,No,Month-to-month,Yes,Electronic check,74.75,144.8,0,72.4,0-1yr
1038-RQOST,0,Yes,Yes,19,No,No,No,Month-to-month,No,Mailed check,20.6,414.95,0,21.839473684210525,1-2yr
7613-LLQFO,0,No,No,12,Fiber optic,No,No,Month-to-month,Yes,Electronic check,84.45,1059.55,1,88.29583333333333,0-1yr
4568-TTZRT,0,No,No,9,No,No,No,Month-to-month,No,Mailed check,20.4,181.8,0,20.200000000000003,0-1yr
9513-DXHDA,0,No,No,27,DSL,Yes,Yes,One year,No,Electronic check,81.7,2212.55,0,81.9462962962963,2-4yr
2640-PMGFL,0,No,Yes,27,Fiber optic,No,Yes,Month-to-month,Yes,Electronic check,79.5,2180.55,1,80.76111111111112,2-4yr
3801-HMYNL,0,Yes,Yes,1,Fiber optic,No,No,Month-to-month,No,Mailed check,89.15,89.15,1,89.15,0-1yr
0516-QREYC,1,No,No,24,No,No,No,Month-to-month,Yes,Mailed check,20.3,459.95,0,19.164583333333333,1-2yr
9685-WKZGT,1,No,No,14,Fiber optic,No,No,Month-to-month,Yes,Electronic check,74.95,1036.75,1,74.05357142857143,1-2yr
6022-UGGSO,1,No,No,32,Fiber optic,No,No,Month-to-month,Yes,Electronic check,74.4,2276.95,1,71.1546875,2-4yr
8084-OIVBS,0,No,No,11,No,No,No,One year,No,Mailed check,20.0,211.95,0,19.268181818181816,0-1yr
8896-BQTTI,0,No,No,1,No,No,No,Month-to-month,Yes,Mailed check,25.0,25.0,0,25.0,0-1yr
3865-QBWSJ,1,No,Yes,38,Fiber optic,Yes,No,Month-to-month,Yes,Mailed check,80.45,3162.65,0,83.22763157894737,2-4yr
3352-RICWQ,0,Yes,Yes,9,No,No,No,Two year,No,Mailed check,19.75,210.65,0,23.405555555555555,0-1yr
2160-GPFXD,0,Yes,Yes,54,DSL,Yes,Yes,Two year,Yes,Credit card,65.65,3566.7,0,66.05,4-6yr
2065-MMKGR,0,No,No,29,DSL,No,No,One year,Yes,Credit card,71.0,2080.1,0,71.72758620689655,2-4yr
5857-TYBCJ,1,Yes,No,44,Fiber optic,No,No,Month-to-month,Yes,Electronic check,89.2,4040.2,0,91.82272727272726,2-4yr
1498-NHTLT,0,Yes,Yes,59,DSL,Yes,Yes,Two year,Yes,Electronic check,86.75,5186.0,0,87.89830508474576,4-6yr
4484-CGXFK,0,No,No,3,DSL,No,No,Month-to-month,Yes,Electronic check,55.3,196.15,1,65.38333333333334,0-1yr
1402-PTHGN,0,Yes,Yes,18,DSL,Yes,Yes,One year,Yes,Mailed check,61.5,1087.45,0,60.41388888888889,1-2yr
4176-RELJR,1,No,No,67,No,No,No,Two year,No,Credit card,25.1,1672.15,0,24.957462686567165,4-6yr
6214-EDAKZ,0,Yes,Yes,22,DSL,No,Yes,Month-to-month,No,Electronic check,55.15,1206.05,1,54.820454545454545,1-2yr
5199-FPUSP,0,No,Yes,33,DSL,Yes,Yes,One year,No,Credit card,34.05,1113.95,0,33.75606060606061,2-4yr
6377-KSLXC,0,No,No,5,No,No,No,Month-to-month,No,Mailed check,19.95,107.05,0,21.41,0-1yr
1796-JANOW,0,No,No,2,No,No,No,Month-to-month,No,Mailed check,19.95,38.15,0,19.075,0-1yr
0238-WHBIQ,0,Yes,Yes,72,DSL,Yes,Yes,Two year,No,Credit card,89.7,6339.3,0,88.04583333333333,4-6yr
8735-NBLWT,0,No,Yes,9,No,No,No,Month-to-month,No,Mailed check,20.4,184.1,0,20.455555555555556,0-1yr
6651-RLGGM,0,Yes,Yes,67,No,No,No,Two year,No,Mailed check,26.3,1688.9,0,25.207462686567165,4-6yr
6127-ISGTU,0,Yes,No,16,Fiber optic,No,No,Month-to-month,Yes,Electronic check,84.95,1378.25,1,86.140625,1-2yr
1614-JBEBI,0,No,No,8,No,No,No,Month-to-month,Yes,Mailed check,20.7,137.6,0,17.2,0-1yr
8740-XLHDR,0,No,No,5,DSL,Yes,Yes,Month-to-month,Yes,Mailed check,43.25,219.0,1,43.8,0-1yr
1208-DNHLN,0,Yes,Yes,23,DSL,No,No,One year,Yes,Credit card,48.35,1067.15,1,46.39782608695653,1-2yr
1761-AEZZR,0,No,No,1,Fiber optic,No,No,Month-to-month,Yes,Electronic check,79.55,79.55,1,79.55,0-1yr
3923-CSIHK,1,Yes,No,50,Fiber optic,No,No,Month-to-month,Yes,Electronic check,71.05,3444.85,1,68.89699999999999,4-6yr
5696-EXCYS,0,No,No,17,No,No,No,Two year,No,Credit card,19.45,369.05,0,21.708823529411767,1-2yr
5795-KTGUD,0,Yes,No,68,Fiber optic,Yes,No,Two year,Yes,Bank transfer,110.8,7553.6,0,111.08235294117648,4-6yr
7120-RFMVS,0,No,No,1,Fiber optic,No,No,Month-to-month,No,Electronic check,84.5,84.5,1,84.5,0-1yr
7924-GJZFI,1,Yes,No,25,Fiber optic,No,No,Month-to-month,Yes,Electronic check,69.3,1813.1,0,72.524,2-4yr
4702-HDRKD,0,No,No,67,DSL,Yes,Yes,One year,Yes,Bank transfer,49.35,3321.35,0,49.57238805970149,4-6yr
8512-WIWYV,0,No,No,32,No,No,No,One year,No,Credit card,20.35,707.5,0,22.109375,2-4yr
5897-ZYEKH,1,Yes,No,67,Fiber optic,Yes,No,One year,Yes,Electronic check,105.6,7112.15,0,106.15149253731343,4-6yr
5456-ITGIC,1,Yes,No,72,DSL,Yes,Yes,Two year,Yes,Credit card,64.45,4641.1,0,64.45972222222223,4-6yr
7317-GGVPB,0,Yes,No,71,Fiber optic,No,Yes,Two year,Yes,Credit card,108.6,7690.9,1,108.3225352112676,4-6yr
1406-PUQVY,0,No,Yes,1,DSL,No,No,Month-to-month,Yes,Electronic check,49.9,49.9,0,49.9,0-1yr
1322-AGOQM,0,No,No,46,DSL,No,No,Month-to-month,No,Bank transfer,30.3,1380.1,1,30.002173913043475,2-4yr
3677-IYRBF,1,No,No,2,DSL,No,No,Month-to-month,Yes,Electronic check,30.4,78.65,1,39.325,0-1yr
5692-FPTAH,0,No,No,1,DSL,No,No,Month-to-month,Yes,Mailed check,45.4,45.4,1,45.4,0-1yr
9114-AAFQH,0,Yes,No,48,DSL,No,No,One year,Yes,Electronic check,65.65,3094.65,0,64.471875,2-4yr
8715-KKTFG,0,Yes,No,61,Fiber optic,No,Yes,One year,Yes,Bank transfer,103.3,6518.35,0,106.85819672131149,4-6yr
1550-LOAHA,0,Yes,No,32,Fiber optic,No,No,Month-to-month,No,Bank transfer,84.15,2585.95,1,80.8109375,2-4yr
1728-BQDMA,0,No,No,2,DSL,No,No,Month-to-month,No,Electronic check,44.45,82.7,0,41.35,0-1yr
0268-QKIWO,0,No,No,3,No,No,No,Month-to-month,No,Electronic check,19.75,58.85,1,19.616666666666667,0-1yr
0876-WDUUZ,0,No,No,5,Fiber optic,No,Yes,Month-to-month,Yes,Credit card,85.4,425.9,1,85.17999999999999,0-1yr
5117-ZSMHQ,0,Yes,Yes,71,DSL,Yes,Yes,Two year,No,Bank transfer,89.9,6342.7,0,89.33380281690141,4-6yr
5151-HQRDG,0,Yes,No,37,DSL,Yes,No,Month-to-month,Yes,Mailed check,55.05,2030.75,0,54.88513513513514,2-4yr
0960-HUWBM,0,Yes,Yes,65,Fiber optic,No,Yes,Two year,Yes,Bank transfer,104.1,6700.05,0,103.07769230769232,4-6yr
6465-GSRCL,0,No,Yes,67,Fiber optic,No,Yes,One year,Yes,Bank transfer,106.6,7244.7,0,108.12985074626866,4-6yr
0617-FHSGK,0,No,Yes,49,Fiber optic,No,No,Month-to-month,No,Credit card,75.2,3678.3,1,75.06734693877551,4-6yr
0263-FJTQO,0,Yes,Yes,50,DSL,Yes,Yes,Two year,Yes,Credit card,70.5,3486.65,0,69.733,4-6yr
7319-ZNRTR,0,Yes,Yes,25,No,No,No,One year,No,Electronic check,19.6,411.15,0,16.445999999999998,2-4yr
2858-MOFSQ,0,No,Yes,17,DSL,No,No,One year,Yes,Mailed check,55.85,937.5,1,55.14705882352941,1-2yr
7503-EPSZW,0,Yes,Yes,64,No,No,No,Two year,Yes,Mailed check,24.05,1559.15,0,24.36171875,4-6yr
7089-XXAYG,0,Yes,No,25,DSL,No,No,One year,Yes,Credit card,38.1,970.4,0,38.816,2-4yr
8118-LSUEL,1,No,No,23,Fiber optic,No,No,Month-to-month,Yes,Electronic check,106.4,2483.5,1,107.97826086956522,1-2yr
8070-AAWZP,1,Yes,No,24,DSL,No,Yes,Month-to-month,No,Mailed check,34.25,828.2,0,34.50833333333333,1-2yr
1666-JXLKU,0,No,No,37,Fiber optic,No,No,Month-to-month,Yes,Electronic check,100.05,3810.55,0,102.98783783783784,2-4yr
7855-DIWPO,0,No,No,21,Fiber optic,No,No,Month-to-month,Yes,Electronic check,68.65,1493.2,0,71.1047619047619,1-2yr
5133-POWUA,0,No,No,1,DSL,No,No,Month-to-month,Yes,Mailed check,45.8,45.8,0,45.8,0-1yr
5652-MSDEY,0,No,No,10,Fiber optic,No,No,Month-to-month,Yes,Mailed check,75.75,777.3,0,77.72999999999999,0-1yr
7005-CCBKV,0,No,No,6,Fiber optic,No,No,Month-to-month,Yes,Electronic check,84.4,556.35,1,92.72500000000001,0-1yr
1810-BOHSY,0,Yes,No,51,Fiber optic,Yes,No,One year,Yes,Credit card,96.4,4911.05,0,96.29509803921569,4-6yr
1784-BXEFA,0,No,No,10,No,No,No,Month-to-month,Yes,Mailed check,20.55,187.35,0,18.735,0-1yr
7351-MHQVU,0,No,No,6,DSL,Yes,Yes,Month-to-month,No,Credit card,50.95,307.6,0,51.26666666666667,0-1yr
9224-VTYID,0,Yes,Yes,47,DSL,Yes,Yes,Two year,Yes,Mailed check,90.5,4318.35,0,91.87978723404257,2-4yr
9500-IWPXQ,0,Yes,Yes,61,DSL,Yes,Yes,One year,Yes,Electronic check,79.4,4820.55,0,79.02540983606558,4-6yr
5762-TJXGK,0,No,No,52,DSL,Yes,No,Two year,Yes,Bank transfer,58.75,3038.55,0,58.43365384615385,4-6yr
4504-YOULA,0,Yes,Yes,35,DSL,Yes,No,Month-to-month,Yes,Credit card,59.45,2136.9,0,61.05428571428572,2-4yr
5569-IDSEY,0,Yes,No,71,Fiber optic,No,No,One year,Yes,Bank transfer,105.7,7472.15,0,105.24154929577465,4-6yr
4250-FDVOU,0,No,No,6,DSL,Yes,No,Month-to-month,No,Electronic check,56.25,389.1,1,64.85000000000001,0-1yr
7284-ZZLOH,0,Yes,No,45,DSL,Yes,No,Two year,No,Credit card,53.3,2296.25,0,51.02777777777778,2-4yr
5277-ZLOOR,1,No,No,2,Fiber optic,No,No,Month-to-month,Yes,Electronic check,85.55,187.45,1,93.725,0-1yr
2141-RRYGO,0,No,No,4,DSL,No,No,Month-to-month,Yes,Bank transfer,68.65,261.25,1,65.3125,0-1yr
1777-JYQPJ,0,No,No,2,DSL,No,No,Month-to-month,No,Mailed check,24.3,38.45,0,19.225,0-1yr
6376-GAHQE,0,No,No,4,Fiber optic,No,No,Month-to-month,No,Electronic check,77.85,299.2,1,74.8,0-1yr
3401-URHDA,0,No,No,51,DSL,Yes,Yes,One year,No,Credit card,59.9,3043.6,0,59.67843137254902,4-6yr
1599-EAHXY,0,Yes,Yes,60,No,No,No,One year,No,Credit card,23.95,1506.4,0,25.10666666666667,4-6yr
8631-XVRZL,0,No,No,9,No,No,No,One year,Yes,Mailed check,20.15,163.7,0,18.188888888888886,0-1yr
5052-PNLOS,0,No,No,3,Fiber optic,No,No,Month-to-month,Yes,Bank transfer,105.35,323.25,1,107.75,0-1yr
3853-LYGAM,0,No,No,17,Fiber optic,No,Yes,Month-to-month,Yes,Bank transfer,95.65,1640.0,0,96.47058823529412,1-2yr
6979-ZNSFF,0,No,No,8,Fiber optic,No,No,Month-to-month,Yes,Electronic check,87.05,762.1,1,95.2625,0-1yr
5751-USDBL,0,Yes,Yes,46,DSL,Yes,Yes,Two year,No,Mailed check,81.0,3846.35,0,83.61630434782609,2-4yr
5680-LQOGP,0,No,No,68,DSL,Yes,Yes,Two year,Yes,Credit card,82.45,5646.6,0,83.03823529411765,4-6yr
2386-LAHRK,0,No,No,1,DSL,No,No,Month-to-month,Yes,Mailed check,53.5,53.5,1,53.5,0-1yr
8189-DUKMV,0,Yes,No,4,No,No,No,One year,No,Bank transfer,20.5,79.05,0,19.7625,0-1yr
6032-IGALN,0,No,No,1,DSL,No,No,Month-to-month,Yes,Mailed check,25.1,25.1,1,25.1,0-1yr
9931-DCEZH,0,No,Yes,28,DSL,No,Yes,One year,Yes,Credit card,54.4,1516.6,0,54.16428571428571,2-4yr
1898-JSNDC,0,No,No,39,DSL,No,No,One year,Yes,Credit card,58.6,2224.5,0,57.03846153846154,2-4yr
0315-LVCRK,0,No,No,11,Fiber optic,No,No,Month-to-month,No,Electronic check,84.8,888.75,0,80.79545454545455,0-1yr
3911-RSNHI,0,Yes,No,71,DSL,No,Yes,Two year,Yes,Credit card,61.4,4310.35,0,60.70915492957747,4-6yr
2410-CIYFZ,0,No,Yes,2,No,No,No,Month-to-month,No,Mailed check,20.4,42.9,0,21.45,0-1yr
4248-HCETZ,1,Yes,No,30,Fiber optic,No,No,Month-to-month,Yes,Mailed check,79.65,2365.15,1,78.83833333333334,2-4yr
5505-OVWQW,0,No,No,17,No,No,No,One year,No,Mailed check,20.15,353.65,0,20.802941176470586,1-2yr
7271-AJDTL,0,Yes,No,55,Fiber optic,No,No,Month-to-month,Yes,Credit card,94.45,5073.1,0,92.23818181818183,4-6yr
1867-TJHTS,0,No,No,58,Fiber optic,Yes,No,Month-to-month,Yes,Bank transfer,79.8,4526.85,0,78.0491379310345,4-6yr
0516-WJVXC,0,No,No,5,DSL,Yes,Yes,Month-to-month,No,Electronic check,54.2,308.25,1,61.65,0-1yr
9174-FKWZE,1,No,No,1,No,No,No,Month-to-month,Yes,Electronic check,19.45,19.45,1,19.45,0-1yr
6860-YRJZP,1,No,No,9,Fiber optic,No,No,Month-to-month,Yes,Electronic check,74.05,678.45,0,75.38333333333334,0-1yr
4429-WYGFR,0,No,No,26,DSL,No,Yes,Month-to-month,No,Bank transfer,49.15,1237.3,0,47.58846153846154,2-4yr
2817-LVCPP,0,No,No,50,No,No,No,Two year,No,Credit card,19.4,1023.95,0,20.479,4-6yr
5038-ETMLM,0,Yes,No,72,Fiber optic,Yes,Yes,Two year,Yes,Bank transfer,113.65,8182.75,0,113.64930555555556,4-6yr
5056-FIMPT,0,No,Yes,43,Fiber optic,Yes,Yes,One year,Yes,Credit card,106.0,4532.3,0,105.40232558139536,2-4yr
4521-WFJAI,0,No,No,56,No,No,No,Two year,Yes,Bank transfer,25.95,1444.05,0,25.786607142857143,4-6yr
6569-KTMDU,0,No,No,1,No,No,No,Month-to-month,No,Mailed check,19.1,19.1,0,19.1,0-1yr
8809-RIHDD,0,Yes,Yes,72,Fiber optic,No,No,Two year,Yes,Electronic check,103.4,7372.65,1,102.39791666666666,4-6yr
8809-XKHMD,0,Yes,No,72,Fiber optic,Yes,Yes,Two year,Yes,Bank transfer,100.55,7325.1,0,101.73750000000001,4-6yr
0396-YCHWO,0,Yes,No,36,Fiber optic,No,No,Month-to-month,Yes,Electronic check,95.4,3474.2,0,96.50555555555555,2-4yr
0867-LDTTC,0,No,No,5,DSL,No,Yes,Month-to-month,No,Bank transfer,75.15,392.65,0,78.53,0-1yr
4822-NGOCH,0,No,No,13,Fiber optic,No,No,Month-to-month,Yes,Electronic check,84.45,1058.6,1,81.43076923076923,1-2yr
9391-DXGGG,1,No,No,44,Fiber optic,No,No,One year,No,Credit card,89.15,3990.75,0,90.69886363636364,2-4yr
9844-FELAJ,1,Yes,Yes,70,Fiber optic,No,Yes,One year,Yes,Electronic check,107.9,7475.85,0,106.79785714285715,4-6yr
2122-SZZZD,0,No,No,44,No,No,No,One year,No,Credit card,19.5,835.5,0,18.988636363636363,2-4yr
5307-DZCVC,1,Yes,No,32,Fiber optic,No,No,Month-to-month,Yes,Credit card,85.95,2628.6,1,82.14375,2-4yr
3148-AOIQT,0,Yes,No,69,No,No,No,Two year,Yes,Credit card,24.95,1718.35,0,24.903623188405795,4-6yr
8679-JOEVF,1,No,No,16,DSL,No,Yes,Month-to-month,No,Electronic check,59.4,1023.9,1,63.99375,1-2yr
8395-ETZKQ,1,Yes,Yes,68,No,No,No,One year,No,Bank transfer,19.5,1193.55,0,17.55220588235294,4-6yr
6692-YQHXC,0,No,No,16,Fiber optic,No,No,Month-to-month,Yes,Credit card,69.95,1205.5,0,75.34375,1-2yr
3889-VWBID,0,Yes,Yes,68,DSL,Yes,Yes,Two year,No,Bank transfer,82.85,5776.45,0,84.94779411764705,4-6yr
5222-JCXZT,0,No,No,4,No,No,No,Month-to-month,No,Mailed check,19.0,78.9,0,19.725,0-1yr
9754-CLVZW,0,Yes,Yes,26,DSL,Yes,Yes,Month-to-month,No,Credit card,38.85,1025.15,0,39.42884615384616,2-4yr
1432-FPAXX,0,No,No,29,DSL,No,No,Month-to-month,Yes,Electronic check,30.6,856.35,1,29.529310344827586,2-4yr
2739-CCZMB,0,No,Yes,5,No,No,No,Month-to-month,No,Credit card,20.35,122.0,0,24.4,0-1yr
7080-TNUWP,0,Yes,No,70,Fiber optic,No,No,One year,Yes,Bank transfer,95.0,6602.9,0,94.32714285714285,4-6yr
0496-AHOOK,0,Yes,No,24,DSL,Yes,Yes,One year,No,Bank transfer,74.4,1712.9,0,71.37083333333334,1-2yr
8336-TAVKX,1,Yes,No,72,DSL,Yes,Yes,Two year,No,Bank transfer,78.45,5682.25,0,78.92013888888889,4-6yr
2468-SJFLM,0,No,No,1,Fiber optic,No,Yes,Month-to-month,Yes,Mailed check,74.3,74.3,0,74.3,0-1yr
3181-VTHOE,0,Yes,No,70,DSL,No,Yes,One year,Yes,Bank transfer,51.05,3635.15,0,51.93071428571429,4-6yr
7168-HDQHG,0,Yes,Yes,36,No,No,No,Month-to-month,No,Bank transfer,19.2,702.9,0,19.525,2-4yr
4803-AXVYP,1,No,No,38,Fiber optic,No,Yes,Month-to-month,Yes,Electronic check,99.55,3734.25,1,98.26973684210526,2-4yr
3884-HCSWG,0,No,No,17,Fiber optic,No,No,Month-to-month,Yes,Electronic check,70.0,1144.5,1,67.32352941176471,1-2yr
4567-AKPIA,0,Yes,Yes,41,Fiber optic,No,Yes,One year,Yes,Bank transfer,109.1,4454.25,0,108.64024390243902,2-4yr
5077-DXTCG,0,No,No,1,DSL,No,No,Month-to-month,Yes,Electronic check,45.3,45.3,1,45.3,0-1yr
1142-WACZW,0,No,No,2,DSL,No,Yes,Month-to-month,No,Bank transfer,29.85,75.6,1,37.8,0-1yr
7901-HXJVA,0,No,No,14,Fiber optic,No,No,Month-to-month,No,Electronic check,76.45,1117.55,0,79.825,1-2yr
5649-ANRML,1,No,No,2,Fiber optic,No,Yes,Month-to-month,Yes,Credit card,95.1,180.25,1,90.125,0-1yr
4892-VLANZ,0,No,No,1,No,No,No,Month-to-month,No,Mailed check,19.8,19.8,1,19.8,0-1yr
5924-IFQTT,0,Yes,Yes,13,DSL,No,Yes,Month-to-month,Yes,Electronic check,72.8,930.05,0,71.54230769230769,1-2yr
7968-QUXNS,0,No,No,6,No,No,No,Month-to-month,No,Mailed check,18.95,110.15,0,18.358333333333334,0-1yr
2919-HBCJO,0,No,No,4,Fiber optic,No,No,Month-to-month,Yes,Bank transfer,76.65,333.6,1,83.4,0-1yr
4236-XPXAV,0,Yes,Yes,5,Fiber optic,No,Yes,Month-to-month,Yes,Mailed check,99.15,465.05,1,93.01,0-1yr
8903-WMRNW,0,Yes,No,15,Fiber optic,Yes,No,Month-to-month,No,Electronic check,101.75,1669.4,0,111.29333333333334,1-2yr
2452-SNHFZ,0,No,No,47,Fiber optic,Yes,No,Month-to-month,No,Credit card,75.45,3545.1,0,75.42765957446808,2-4yr
3629-WEAAM,0,No,No,8,DSL,No,Yes,Month-to-month,No,Mailed check,64.1,504.05,0,63.00625,0-1yr
6029-CSMJE,0,No,No,17,DSL,No,No,Month-to-month,Yes,Mailed check,25.65,440.2,0,25.894117647058824,1-2yr
7993-NQLJE,0,Yes,Yes,15,Fiber optic,Yes,No,Month-to-month,No,Mailed check,75.1,1151.55,0,76.77,1-2yr
9909-DFRJA,0,No,No,26,Fiber optic,Yes,Yes,One year,Yes,Bank transfer,95.85,2475.35,0,95.20576923076922,2-4yr
9099-FTUHS,0,No,No,23,DSL,Yes,No,Month-to-month,No,Electronic check,54.4,1249.25,0,54.31521739130435,1-2yr
0581-BXBUB,1,No,No,4,Fiber optic,No,No,Month-to-month,No,Electronic check,72.75,317.75,0,79.4375,0-1yr
4962-CHQPW,0,No,Yes,29,No,No,No,One year,No,Mailed check,19.85,535.05,0,18.45,2-4yr
9467-ROOLM,0,No,No,25,No,No,No,Month-to-month,No,Mailed check,19.05,461.3,0,18.452,2-4yr
3030-YZADT,0,No,No,9,DSL,No,No,Month-to-month,No,Mailed check,44.95,431.0,1,47.888888888888886,0-1yr
7410-KTVFV,0,Yes,No,18,DSL,No,No,Month-to-month,Yes,Mailed check,49.55,878.35,1,48.797222222222224,1-2yr
5150-ITWWB,1,No,No,3,Fiber optic,No,No,Month-to-month,Yes,Electronic check,94.85,335.75,0,111.91666666666667,0-1yr
2253-KPMNB,0,Yes,Yes,69,DSL,Yes,Yes,Two year,No,Bank transfer,46.25,3121.4,0,45.23768115942029,4-6yr
1345-ZUKID,0,No,No,14,No,No,No,One year,No,Mailed check,19.35,324.8,0,23.2,1-2yr
6429-SHBCB,0,No,No,19,DSL,No,No,Month-to-month,No,Mailed check,69.6,1394.55,0,73.39736842105263,1-2yr
9281-OFDMF,1,No,No,39,Fiber optic,No,No,Month-to-month,No,Electronic check,90.7,3413.25,0,87.51923076923077,2-4yr
2603-HVKCG,0,No,No,31,Fiber optic,No,No,Month-to-month,Yes,Electronic check,101.4,3143.65,0,101.40806451612903,2-4yr
1834-WULEG,0,Yes,Yes,24,No,No,No,One year,No,Mailed check,20.25,439.75,0,18.322916666666668,1-2yr
9097-ZUBYC,0,Yes,No,14,DSL,No,Yes,Month-to-month,No,Bank transfer,48.8,664.4,0,47.457142857142856,1-2yr
5148-ORICT,0,Yes,No,64,DSL,Yes,Yes,Two year,Yes,Mailed check,74.35,4759.55,0,74.36796875,4-6yr
4893-GYUJU,0,No,No,50,No,No,No,One year,Yes,Mailed check,19.35,1033.0,0,20.66,4-6yr
4578-PHJYZ,0,Yes,Yes,52,DSL,No,Yes,One year,Yes,Electronic check,68.75,3482.85,0,66.97788461538461,4-6yr
7272-QDCKA,0,No,No,28,Fiber optic,No,No,One year,No,Electronic check,100.2,2688.45,0,96.01607142857142,2-4yr
8908-SLFCJ,0,No,No,21,No,No,No,Two year,Yes,Credit card,20.85,435.25,0,20.726190476190474,1-2yr
8393-DLHGA,0,No,Yes,25,Fiber optic,No,No,Month-to-month,Yes,Electronic check,95.9,2448.75,1,97.95,2-4yr
9766-HGEDE,0,Yes,No,17,No,No,No,One year,No,Mailed check,19.35,307.0,0,18.058823529411764,1-2yr
6968-MHOMU,0,Yes,No,58,DSL,No,No,One year,Yes,Credit card,45.0,2689.35,0,46.36810344827586,4-6yr
7395-IGJOS,1,Yes,No,17,Fiber optic,No,No,Month-to-month,No,Bank transfer,81.5,1329.2,1,78.18823529411765,1-2yr
5044-XDPYX,0,Yes,No,51,No,No,No,Two year,No,Mailed check,25.5,1281.25,0,25.122549019607842,4-6yr
1814-WFGVS,0,Yes,Yes,72,DSL,Yes,Yes,Two year,No,Mailed check,48.9,3527.0,0,48.986111111111114,4-6yr
2834-SPCJV,0,Yes,No,52,Fiber optic,Yes,No,Month-to-month,No,Electronic check,84.1,4348.65,1,83.6278846153846,4-6yr
3721-WKIIL,0,No,No,27,No,No,No,Two year,Yes,Mailed check,19.6,561.15,0,20.78333333333333,2-4yr
6734-CKRSM,0,No,No,3,No,No,No,Month-to-month,No,Mailed check,20.0,63.6,0,21.2,0-1yr
1265-ZFOSD,0,Yes,No,64,DSL,Yes,Yes,Two year,Yes,Mailed check,81.3,5129.3,0,80.1453125,4-6yr
6568-POCUI,0,Yes,No,45,Fiber optic,No,Yes,Two year,Yes,Credit card,95.2,4285.8,0,95.24000000000001,2-4yr
7890-VYYWG,1,Yes,No,3,DSL,No,No,Month-to-month,Yes,Mailed check,36.45,93.7,1,31.233333333333334,0-1yr
5197-LQXXH,0,Yes,No,71,DSL,No,Yes,Two year,Yes,Credit card,83.3,5894.5,0,83.02112676056338,4-6yr
9907-SWKKF,1,No,No,1,DSL,No,No,Month-to-month,No,Mailed check,25.05,25.05,1,25.05,0-1yr
3457-PQBYH,0,Yes,Yes,58,No,No,No,Two year,No,Credit card,20.3,1160.75,0,20.012931034482758,4-6yr
7682-AZNDK,0,Yes,Yes,34,Fiber optic,No,No,Month-to-month,Yes,Electronic check,89.85,3091.75,0,90.93382352941177,2-4yr
0587-DMGBH,0,No,No,8,DSL,Yes,No,Month-to-month,Yes,Electronic check,49.85,365.55,1,45.69375,0-1yr
5384-ZTTWP,0,Yes,Yes,15,No,No,No,Month-to-month,No,Mailed check,19.8,272.95,0,18.196666666666665,1-2yr
3745-HRPHI,0,Yes,Yes,66,DSL,No,Yes,Two year,No,Bank transfer,54.65,3632.0,0,55.03030303030303,4-6yr
7636-OWBPG,1,No,No,12,DSL,No,No,Month-to-month,Yes,Credit card,29.35,381.2,0,31.766666666666666,0-1yr
1231-YNDEK,0,No,No,58,No,No,No,Two year,Yes,Bank transfer,19.15,1035.5,0,17.853448275862068,4-6yr
1407-DIGZV,0,Yes,Yes,3,No,No,No,Two year,No,Mailed check,19.1,52.0,0,17.333333333333332,0-1yr
6397-JNZZG,1,Yes,No,43,DSL,No,No,Month-to-month,No,Credit card,55.55,2342.2,1,54.46976744186046,2-4yr
0570-BFQHT,0,No,No,9,Fiber optic,No,No,Month-to-month,No,Electronic check,80.55,653.9,0,72.65555555555555,0-1yr
4393-OBCRR,0,No,No,3,No,No,No,One year,No,Mailed check,20.25,71.2,0,23.733333333333334,0-1yr
3523-QRQLL,0,Yes,Yes,22,DSL,No,No,One year,Yes,Bank transfer,69.5,1498.2,1,68.10000000000001,1-2yr
8564-LDKFL,0,Yes,No,40,Fiber optic,No,No,One year,Yes,Bank transfer,106.0,4178.65,0,104.46624999999999,2-4yr
3696-DFHHB,0,No,No,68,No,No,No,Two year,No,Bank transfer,25.5,1821.8,0,26.791176470588233,4-6yr
0895-DQHEW,0,Yes,No,54,Fiber optic,No,No,Month-to-month,Yes,Electronic check,104.3,5278.15,1,97.74351851851851,4-6yr
4717-GHADL,0,No,No,50,DSL,No,Yes,Two year,Yes,Mailed check,79.6,4024.2,0,80.484,4-6yr
5501-TVMGM,0,No,No,1,DSL,No,No,Month-to-month,Yes,Electronic check,55.25,55.25,0,55.25,0-1yr
5879-HMFFH,0,Yes,No,72,DSL,Yes,Yes,Two year,No,Bank transfer,88.05,6520.8,0,90.56666666666666,4-6yr
6772-WFQRD,0,No,Yes,40,No,No,No,One year,Yes,Bank transfer,20.4,854.9,0,21.3725,2-4yr
3810-DVDQQ,0,Yes,Yes,72,Fiber optic,Yes,Yes,Two year,Yes,Bank transfer,117.6,8308.9,0,115.40138888888889,4-6yr
6972-SNKKW,0,No,No,6,No,No,No,Month-to-month,No,Mailed check,20.0,109.2,0,18.2,0-1yr
3694-GLTJM,0,No,No,5,No,No,No,Month-to-month,Yes,Credit card,19.65,92.05,0,18.41,0-1yr
8550-XSXUQ,0,Yes,No,48,DSL,No,No,One year,Yes,Credit card,70.55,3420.5,0,71.26041666666667,2-4yr
8149-RSOUN,0,No,No,1,Fiber optic,No,No,Month-to-month,Yes,Electronic check,93.85,93.85,1,93.85,0-1yr
9055-MOJJJ,0,Yes,Yes,64,DSL,Yes,Yes,One year,No,Mailed check,65.8,4068.0,0,63.5625,4-6yr
4359-INNWN,0,No,No,17,No,No,No,One year,No,Credit card,20.05,337.9,0,19.876470588235293,1-2yr
0585-EGDDA,0,Yes,No,40,Fiber optic,No,No,Month-to-month,Yes,Electronic check,80.0,3168.75,0,79.21875,2-4yr
4032-RMHCI,0,Yes,Yes,41,DSL,Yes,No,One year,No,Credit card,35.4,1412.4,0,34.44878048780488,2-4yr
0549-CYCQN,1,No,No,51,Fiber optic,No,No,One year,Yes,Bank transfer,79.6,3974.7,0,77.93529411764706,4-6yr
3481-JHUZH,0,Yes,No,41,Fiber optic,No,No,Month-to-month,Yes,Electronic check,80.25,3439.0,0,83.8780487804878,2-4yr
7250-EQKIY,0,Yes,Yes,1,DSL,No,No,Month-to-month,No,Mailed check,50.45,50.45,1,50.45,0-1yr
3594-IVHJZ,0,No,No,2,No,No,No,Month-to-month,Yes,Mailed check,20.45,42.45,0,21.225,0-1yr
6869-FGJJC,0,No,No,68,Fiber optic,No,No,One year,No,Credit card,79.6,5461.45,0,80.31544117647059,4-6yr
3896-ZVNET,0,Yes,Yes,24,No,No,No,Two year,No,Mailed check,24.7,571.75,0,23.822916666666668,1-2yr
8205-VSLRB,0,Yes,No,70,DSL,Yes,Yes,Two year,No,Credit card,77.3,5498.2,0,78.54571428571428,4-6yr
5960-MVTUK,0,No,No,3,DSL,No,Yes,Month-to-month,Yes,Electronic check,29.75,96.85,0,32.28333333333333,0-1yr
6817-WTYHE,0,No,No,2,DSL,No,No,Month-to-month,No,Bank transfer,44.9,111.05,0,55.525,0-1yr
3082-VQXNH,0,Yes,No,3,DSL,No,No,Month-to-month,No,Credit card,29.8,94.4,0,31.46666666666667,0-1yr
4013-UBXWQ,0,No,No,7,DSL,No,Yes,Month-to-month,Yes,Electronic check,74.65,521.1,1,74.44285714285715,0-1yr
4931-TRZWN,0,No,No,13,DSL,Yes,No,Month-to-month,Yes,Electronic check,71.95,923.85,0,71.06538461538462,1-2yr
0750-EKNGL,0,No,No,7,No,No,No,Month-to-month,No,Mailed check,20.75,141.1,0,20.157142857142855,0-1yr
7669-LCRSD,0,Yes,Yes,12,DSL,No,No,Month-to-month,Yes,Mailed check,56.3,628.65,0,52.387499999999996,0-1yr
3567-PQTSO,0,Yes,Yes,53,Fiber optic,No,No,One year,Yes,Electronic check,105.25,5576.3,0,105.21320754716982,4-6yr
5519-NPHVG,0,No,No,12,Fiber optic,No,No,Month-to-month,Yes,Electronic check,94.2,1046.1,1,87.175,0-1yr
8043-PNYSD,0,Yes,Yes,63,No,No,No,Two year,No,Mailed check,19.55,1245.6,0,19.77142857142857,4-6yr
9938-EKRGF,0,No,No,15,DSL,Yes,Yes,Month-to-month,No,Mailed check,84.45,1287.85,0,85.85666666666665,1-2yr
2703-AMTUL,0,Yes,Yes,36,DSL,Yes,No,One year,No,Mailed check,53.65,1939.35,0,53.87083333333333,2-4yr
0928-JMXNP,1,Yes,No,4,DSL,No,No,Month-to-month,Yes,Electronic check,29.9,118.25,0,29.5625,0-1yr
8173-RXAYP,0,Yes,Yes,24,No,No,No,Two year,No,Mailed check,19.7,452.55,0,18.85625,1-2yr
4825-XJGDM,0,No,No,61,DSL,Yes,Yes,One year,No,Credit card,43.7,2696.55,0,44.205737704918036,4-6yr
5402-HTOTQ,0,No,No,16,DSL,No,No,Month-to-month,No,Electronic check,55.3,875.35,0,54.709375,1-2yr
6734-JDTTV,0,Yes,Yes,65,No,No,No,Two year,Yes,Credit card,19.85,1267.05,0,19.493076923076924,4-6yr
7850-THJMU,0,Yes,Yes,26,No,No,No,Two year,No,Credit card,19.65,494.9,0,19.034615384615385,2-4yr
3890-RTCMS,0,No,No,16,DSL,No,Yes,Month-to-month,Yes,Mailed check,49.45,799.0,0,49.9375,1-2yr
8849-GYOKR,0,Yes,No,54,Fiber optic,Yes,No,One year,No,Bank transfer,106.55,5763.3,1,106.72777777777777,4-6yr
3148-BLQJT,0,No,No,1,No,No,No,Month-to-month,No,Mailed check,20.1,20.1,1,20.1,0-1yr
3717-FDJFU,0,No,Yes,5,No,No,No,Two year,No,Mailed check,20.45,106.9,0,21.380000000000003,0-1yr
3665-JATSN,0,No,No,19,DSL,No,No,Month-to-month,Yes,Electronic check,39.7,710.05,0,37.37105263157895,1-2yr
7966-YOTQW,0,No,No,10,DSL,Yes,No,Month-to-month,Yes,Credit card,54.5,568.2,0,56.82000000000001,0-1yr
0461-CVKMU,0,Yes,Yes,23,Fiber optic,No,Yes,Month-to-month,No,Electronic check,83.8,1900.25,1,82.6195652173913,1-2yr
8806-EAGWC,0,No,No,3,DSL,No,No,Month-to-month,No,Mailed check,55.15,159.15,1,53.050000000000004,0-1yr
8853-TZDGH,0,No,No,72,Fiber optic,No,Yes,Two year,Yes,Bank transfer,111.6,8012.75,0,111.28819444444444,4-6yr
7779-LGOVN,1,Yes,No,10,Fiber optic,No,No,Month-to-month,Yes,Electronic check,86.65,856.65,1,85.66499999999999,0-1yr
4324-BZCKL,0,Yes,Yes,10,DSL,No,No,Month-to-month,Yes,Mailed check,55.55,551.3,0,55.129999999999995,0-1yr
6924-TDGMT,0,Yes,No,11,No,No,No,One year,Yes,Mailed check,20.55,184.95,0,16.813636363636363,0-1yr
9710-ZUSHQ,1,No,No,37,Fiber optic,Yes,No,Month-to-month,Yes,Bank transfer,106.75,4056.75,1,109.64189189189189,2-4yr
1536-YHDOE,0,Yes,Yes,17,DSL,Yes,Yes,One year,Yes,Mailed check,62.1,1096.65,0,64.50882352941177,1-2yr
8123-QBNAZ,0,Yes,Yes,36,Fiber optic,Yes,No,Month-to-month,Yes,Credit card,104.5,3684.95,0,102.35972222222222,2-4yr
3629-ZNKXA,1,No,No,17,Fiber optic,No,No,Month-to-month,Yes,Electronic check,101.8,1752.45,0,103.08529411764707,1-2yr
4827-LTQRJ,1,Yes,Yes,66,Fiber optic,Yes,Yes,One year,Yes,Credit card,110.6,7210.85,0,109.25530303030304,4-6yr
7711-YIJWC,0,Yes,Yes,61,DSL,Yes,Yes,One year,No,Bank transfer,84.9,5264.5,0,86.30327868852459,4-6yr
5482-VXSXJ,0,No,No,22,Fiber optic,No,No,Month-to-month,Yes,Mailed check,93.2,2157.3,0,98.05909090909091,1-2yr
7365-BVCJH,0,No,No,1,DSL,No,No,Month-to-month,Yes,Electronic check,24.4,24.4,0,24.4,0-1yr
9620-ENEJV,0,No,No,6,Fiber optic,No,No,Month-to-month,No,Credit card,70.55,433.95,0,72.325,0-1yr
4183-WCSEP,0,No,No,31,Fiber optic,No,Yes,Month-to-month,Yes,Electronic check,78.45,2435.15,1,78.55322580645162,2-4yr
2378-YIZKA,0,Yes,Yes,68,DSL,Yes,Yes,Two year,Yes,Credit card,85.0,5607.75,0,82.46691176470588,4-6yr
5498-TXHLF,0,Yes,Yes,34,Fiber optic,No,No,Month-to-month,No,Electronic check,87.45,2874.15,1,84.53382352941176,2-4yr
0689-DSXGL,0,Yes,Yes,52,Fiber optic,No,Yes,Month-to-month,No,Bank transfer,85.8,4433.3,0,85.25576923076923,4-6yr
6818-DJXAA,0,No,Yes,10,Fiber optic,No,Yes,Month-to-month,Yes,Electronic check,91.1,964.35,0,96.435,0-1yr
9722-UJOJR,0,Yes,Yes,29,Fiber optic,No,No,Month-to-month,Yes,Electronic check,70.75,1974.8,1,68.09655172413792,2-4yr
0464-WJTKO,0,Yes,Yes,72,No,No,No,Two year,No,Bank transfer,20.1,1460.85,0,20.289583333333333,4-6yr
8902-ZEOVF,0,Yes,Yes,47,No,No,No,One year,No,Mailed check,20.05,951.55,0,20.245744680851065,2-4yr
6778-EICRF,0,Yes,Yes,24,DSL,Yes,No,One year,No,Mailed check,74.8,1821.2,0,75.88333333333334,1-2yr
2662-NNTDK,0,No,No,65,No,No,No,One year,No,Credit card,24.8,1600.95,0,24.63,4-6yr
4132-KALRO,0,No,No,4,Fiber optic,No,Yes,Month-to-month,Yes,Mailed check,100.85,399.25,0,99.8125,0-1yr
3902-FOIGH,1,Yes,No,12,Fiber optic,No,No,Month-to-month,Yes,Electronic check,101.35,1218.55,1,101.54583333333333,0-1yr
6772-KSATR,0,No,No,1,Fiber optic,Yes,No,Month-to-month,Yes,Electronic check,81.7,81.7,1,81.7,0-1yr
7112-OPOTK,0,No,No,33,Fiber optic,No,No,Month-to-month,No,Electronic check,68.25,2171.15,1,65.79242424242425,2-4yr
2874-YXVVA,0,No,No,34,Fiber optic,No,Yes,Month-to-month,Yes,Electronic check,105.1,3634.8,0,106.90588235294118,2-4yr
1245-HARPS,0,Yes,No,14,No,No,No,Two year,No,Mailed check,20.4,292.4,0,20.885714285714283,1-2yr
4210-QFJMF,0,No,No,4,Fiber optic,No,No,Month-to-month,Yes,Electronic check,79.15,317.25,1,79.3125,0-1yr
4323-ELYYB,0,Yes,Yes,13,No,No,No,One year,No,Mailed check,20.0,218.55,0,16.81153846153846,1-2yr
4293-ETKAP,0,Yes,Yes,65,DSL,No,Yes,Two year,Yes,Bank transfer,79.4,5071.9,0,78.02923076923076,4-6yr
6064-PUPMC,0,Yes,Yes,23,DSL,Yes,Yes,One year,No,Credit card,57.2,1423.35,0,61.88478260869565,1-2yr
6504-VBLFL,0,Yes,No,55,DSL,Yes,No,Two year,No,Electronic check,58.6,3068.6,0,55.79272727272727,4-6yr
6322-PJJDJ,0,Yes,No,49,Fiber optic,No,No,Two year,Yes,Electronic check,94.8,4690.65,0,95.72755102040816,4-6yr
0330-BGYZE,0,Yes,No,60,Fiber optic,No,No,One year,No,Bank transfer,102.5,6157.6,0,102.62666666666668,4-6yr
1085-LDWAM,0,Yes,Yes,69,No,No,No,One year,Yes,Credit card,20.35,1442.65,0,20.907971014492755,4-6yr
7586-ZATGZ,0,No,No,40,Fiber optic,No,No,Month-to-month,Yes,Electronic check,84.9,3369.05,0,84.22625000000001,2-4yr
7197-VOJMM,0,Yes,No,67,DSL,Yes,Yes,Two year,Yes,Credit card,69.2,4671.65,0,69.72611940298506,4-6yr
3318-OSATS,1,No,No,35,Fiber optic,No,No,Month-to-month,Yes,Electronic check,95.45,3474.05,1,99.25857142857143,2-4yr
5828-AVIPD,0,Yes,Yes,19,Fiber optic,No,Yes,One year,Yes,Electronic check,100.95,1875.55,1,98.71315789473684,1-2yr
1843-TLSGD,0,Yes,Yes,13,No,No,No,Two year,No,Mailed check,20.85,272.35,0,20.950000000000003,1-2yr
9626-VFRGG,0,No,Yes,41,Fiber optic,No,No,Month-to-month,Yes,Bank transfer,88.5,3645.05,0,88.90365853658537,2-4yr
7075-BNDVQ,0,No,No,4,DSL,Yes,No,Month-to-month,No,Mailed check,35.0,135.75,0,33.9375,0-1yr
9143-CANJF,0,Yes,Yes,24,DSL,Yes,Yes,Month-to-month,No,Electronic check,55.15,1319.85,0,54.99375,1-2yr
7284-BUYEC,0,No,No,5,DSL,No,No,Month-to-month,Yes,Credit card,50.95,229.4,0,45.88,0-1yr
2041-JIJCI,0,No,No,5,DSL,No,No,Month-to-month,Yes,Electronic check,64.0,370.25,0,74.05,0-1yr
1086-LXKFY,0,Yes,Yes,1,Fiber optic,No,No,Month-to-month,Yes,Mailed check,69.1,69.1,1,69.1,0-1yr
4900-MSOMT,0,Yes,Yes,72,DSL,Yes,Yes,Two year,No,Bank transfer,80.2,5714.2,0,79.36388888888888,4-6yr
2229-VWQJH,0,No,No,24,DSL,No,No,Month-to-month,Yes,Credit card,49.3,1233.25,0,51.385416666666664,1-2yr
9194-GFVOI,0,Yes,No,42,DSL,Yes,Yes,Two year,No,Credit card,84.35,3571.6,0,85.03809523809524,2-4yr
1336-EZFZY,0,No,No,4,No,No,No,Month-to-month,No,Mailed check,20.05,83.3,0,20.825,0-1yr
4282-MSACW,0,No,No,68,Fiber optic,Yes,Yes,One year,Yes,Credit card,117.2,8035.95,0,118.17573529411764,4-6yr
1403-LKLIK,0,Yes,Yes,33,No,No,No,One year,No,Mailed check,20.1,579.4,0,17.55757575757576,2-4yr
2636-ALXXZ,1,No,No,1,Fiber optic,No,No,Month-to-month,Yes,Electronic check,69.6,69.6,1,69.6,0-1yr
7774-OJSXI,0,No,No,31,Fiber optic,No,No,One year,Yes,Electronic check,103.45,3066.45,1,98.91774193548386,2-4yr
7786-WBJYI,0,No,No,4,Fiber optic,No,No,Month-to-month,No,Bank transfer,77.95,305.55,1,76.3875,0-1yr
0136-IFMYD,1,Yes,No,69,Fiber optic,No,Yes,Two year,Yes,Electronic check,109.95,7634.25,0,110.6413043478261,4-6yr
5144-TVGLP,1,No,No,38,Fiber optic,No,No,Month-to-month,No,Electronic check,94.75,3653.0,0,96.13157894736842,2-4yr
9643-AVVWI,0,Yes,Yes,3,Fiber optic,No,Yes,Month-to-month,Yes,Electronic check,80.0,241.3,0,80.43333333333334,0-1yr
0253-ZTEOB,0,Yes,Yes,48,DSL,No,Yes,Two year,No,Electronic check,79.65,3870.3,0,80.63125000000001,2-4yr
2706-QZIHY,0,Yes,No,15,No,No,No,Two year,No,Mailed check,25.2,387.9,0,25.86,1-2yr
6061-PQHMK,0,No,No,25,No,No,No,One year,No,Credit card,19.9,527.5,0,21.1,2-4yr
9885-CSMWE,1,No,No,1,Fiber optic,No,No,Month-to-month,No,Electronic check,78.45,78.45,1,78.45,0-1yr
6137-MFAJN,0,No,No,48,DSL,Yes,No,Month-to-month,Yes,Electronic check,44.8,2104.55,0,43.84479166666667,2-4yr
9122-UMROB,0,No,No,1,No,No,No,Month-to-month,No,Mailed check,20.3,20.3,0,20.3,0-1yr
4232-JGKIY,0,No,No,1,No,No,No,Month-to-month,No,Electronic check,19.2,19.2,0,19.2,0-1yr
2402-TAIRZ,0,No,No,37,Fiber optic,No,No,One year,No,Electronic check,80.05,3019.1,0,81.59729729729729,2-4yr
9659-ZTWSM,1,Yes,No,66,Fiber optic,No,Yes,One year,Yes,Bank transfer,107.35,7051.95,0,106.84772727272727,4-6yr
9139-TWBAS,0,Yes,No,26,DSL,Yes,No,One year,No,Bank transfer,47.85,1190.5,0,45.78846153846154,2-4yr
6685-GBWJZ,0,Yes,No,63,DSL,Yes,Yes,One year,No,Credit card,70.8,4448.8,0,70.61587301587302,4-6yr
5016-ETTFF,0,No,No,10,DSL,No,No,Month-to-month,No,Mailed check,29.5,255.25,1,25.525,0-1yr
3866-MDTUB,0,No,No,2,DSL,Yes,No,Month-to-month,Yes,Electronic check,70.75,146.9,1,73.45,0-1yr
2195-VVRJF,1,Yes,No,18,DSL,Yes,No,Month-to-month,Yes,Credit card,59.1,1011.05,0,56.169444444444444,1-2yr
3913-RDSJZ,0,Yes,No,64,No,No,No,Two year,No,Mailed check,25.55,1714.95,0,26.79609375,4-6yr
8058-JMEQO,1,No,No,9,Fiber optic,No,No,Month-to-month,Yes,Electronic check,84.45,762.5,1,84.72222222222223,0-1yr
4203-QGNZA,0,No,Yes,28,No,No,No,Month-to-month,No,Mailed check,20.25,535.35,0,19.119642857142857,2-4yr
5043-TRZWM,0,No,No,1,Fiber optic,No,No,Month-to-month,No,Electronic check,75.55,75.55,0,75.55,0-1yr
0697-ZMSWS,0,No,No,4,Fiber optic,No,No,Month-to-month,Yes,Electronic check,85.65,338.9,1,84.725,0-1yr
7657-DYEPJ,1,No,No,38,DSL,No,Yes,One year,Yes,Credit card,70.15,2497.35,1,65.71973684210526,2-4yr
9494-BDNNC,0,Yes,No,66,Fiber optic,No,No,One year,No,Electronic check,95.3,6273.4,0,95.05151515151515,4-6yr
1640-PLFMP,0,No,No,1,Fiber optic,No,No,Month-to-month,Yes,Electronic check,70.25,70.25,0,70.25,0-1yr
5366-OBVMR,0,Yes,No,18,DSL,No,Yes,Month-to-month,Yes,Mailed check,50.3,908.75,0,50.486111111111114,1-2yr
8276-MQBYC,1,No,No,51,Fiber optic,No,No,Month-to-month,Yes,Electronic check,97.8,4913.3,1,96.33921568627451,4-6yr
7644-OMVMY,0,Yes,Yes,0,No,No,No,Two year,No,Mailed check,19.85,0.0,0,0.0,
7593-XFKDI,0,No,No,1,DSL,No,No,Month-to-month,No,Mailed check,46.3,46.3,1,46.3,0-1yr
4573-JKNAE,0,No,Yes,12,No,No,No,Two year,No,Bank transfer,19.35,212.3,0,17.691666666666666,0-1yr
0337-CNPZE,0,No,No,41,Fiber optic,No,No,Month-to-month,Yes,Electronic check,106.3,4443.45,1,108.37682926829268,2-4yr
9817-APLHW,0,No,No,12,No,No,No,Month-to-month,No,Electronic check,25.0,316.2,0,26.349999999999998,0-1yr
8380-MQINP,0,Yes,Yes,55,No,No,No,Two year,No,Mailed check,20.3,1079.05,0,19.619090909090907,4-6yr
0840-DFEZH,0,No,No,7,Fiber optic,No,No,Month-to-month,Yes,Electronic check,75.35,564.65,0,80.66428571428571,0-1yr
1513-XNPPH,0,No,No,12,Fiber optic,No,Yes,Month-to-month,Yes,Electronic check,89.4,1095.65,1,91.30416666666667,0-1yr
8690-ZVLCL,0,Yes,Yes,68,DSL,Yes,Yes,Two year,No,Credit card,88.0,6161.9,0,90.61617647058823,4-6yr
6015-VVHHE,1,No,No,5,Fiber optic,No,No,Month-to-month,Yes,Credit card,83.15,446.05,1,89.21000000000001,0-1yr
1125-SNVCK,1,No,No,49,DSL,No,No,Month-to-month,No,Mailed check,43.8,2106.05,0,42.98061224489796,4-6yr
0384-LPITE,0,No,No,40,DSL,Yes,No,One year,No,Credit card,62.05,2511.55,0,62.78875000000001,2-4yr
4616-EWBNJ,0,No,No,16,No,No,No,One year,No,Bank transfer,20.1,318.6,0,19.9125,1-2yr
6347-DCUIK,0,No,No,10,Fiber optic,No,No,Month-to-month,Yes,Mailed check,74.15,811.8,1,81.17999999999999,0-1yr
1335-HQMKX,0,Yes,No,72,Fiber optic,No,No,One year,Yes,Electronic check,101.35,7323.15,0,101.71041666666666,4-6yr
2545-EBUPK,1,No,No,2,Fiber optic,No,No,Month-to-month,Yes,Electronic check,84.05,186.05,0,93.025,0-1yr
6923-AQONU,0,Yes,Yes,23,No,No,No,Two year,No,Mailed check,20.9,454.0,0,19.73913043478261,1-2yr
2172-EJXVF,1,No,No,71,Fiber optic,No,No,One year,Yes,Electronic check,105.9,7521.95,0,105.94295774647887,4-6yr
0897-FEGMU,0,Yes,No,11,Fiber optic,No,No,Month-to-month,Yes,Electronic check,99.5,1056.95,1,96.08636363636364,0-1yr
7663-RGWBC,0,No,No,1,DSL,No,No,Month-to-month,Yes,Mailed check,44.15,44.15,1,44.15,0-1yr
1120-BMWUB,0,No,No,16,DSL,No,Yes,Month-to-month,Yes,Mailed check,53.9,834.15,1,52.134375,1-2yr
9124-LHCJQ,0,No,No,1,Fiber optic,No,No,Month-to-month,Yes,Mailed check,85.45,85.45,1,85.45,0-1yr
4536-PLEQY,0,Yes,No,12,Fiber optic,No,No,Month-to-month,Yes,Credit card,85.05,999.8,0,83.31666666666666,0-1yr
7029-IJEJK,0,No,No,54,DSL,Yes,Yes,One year,No,Bank transfer,44.1,2369.7,0,43.88333333333333,4-6yr
8871-JLMHM,0,Yes,No,68,Fiber optic,No,Yes,Two year,No,Credit card,90.2,6297.65,0,92.6125,4-6yr
2235-ZGKPT,0,Yes,Yes,4,DSL,No,No,Month-to-month,No,Mailed check,50.85,239.55,1,59.8875,0-1yr
3891-PUQOD,0,No,Yes,1,DSL,No,No,Month-to-month,No,Electronic check,59.2,59.2,1,59.2,0-1yr
5447-VYTKW,0,No,No,27,DSL,Yes,Yes,Month-to-month,No,Mailed check,53.45,1461.45,0,54.12777777777778,2-4yr
3623-FQBOX,0,No,No,21,No,No,No,Month-to-month,Yes,Mailed check,19.95,416.4,0,19.82857142857143,1-2yr
0689-NKYLF,0,No,No,13,Fiber optic,No,No,Month-to-month,Yes,Electronic check,83.2,1060.6,1,81.58461538461538,1-2yr
8659-HDIYE,1,No,No,64,DSL,No,Yes,Month-to-month,No,Credit card,74.65,4869.35,0,76.08359375,4-6yr
3658-KIBGF,0,No,No,1,DSL,Yes,No,Month-to-month,Yes,Electronic check,54.9,54.9,1,54.9,0-1yr
3474-BAFSJ,0,Yes,No,57,DSL,No,Yes,Two year,Yes,Bank transfer,57.5,3265.95,0,57.29736842105263,4-6yr
5519-YLDGW,0,Yes,No,21,Fiber optic,Yes,No,Month-to-month,Yes,Electronic check,103.9,2254.2,1,107.34285714285713,1-2yr
3865-ZFZIB,0,No,No,19,No,No,No,Two year,No,Mailed check,19.65,358.15,0,18.849999999999998,1-2yr
1855-AGAWH,0,Yes,No,31,Fiber optic,No,No,One year,Yes,Electronic check,93.8,2939.8,0,94.83225806451614,2-4yr
7109-CQYUZ,0,No,No,52,DSL,Yes,Yes,Two year,Yes,Mailed check,89.25,4652.4,0,89.46923076923076,4-6yr
1370-GGAWX,0,No,No,46,Fiber optic,No,No,One year,Yes,Electronic check,94.15,4408.45,0,95.8358695652174,2-4yr
4680-KUTAJ,1,No,No,11,DSL,Yes,No,Month-to-month,Yes,Electronic check,55.6,580.8,0,52.8,0-1yr
5307-UVGNB,0,Yes,Yes,53,DSL,Yes,No,Month-to-month,Yes,Bank transfer,48.7,2495.2,0,47.079245283018864,4-6yr
4946-EDSEW,0,Yes,Yes,11,No,No,No,Month-to-month,Yes,Mailed check,19.25,180.3,1,16.39090909090909,0-1yr
2883-ILGWO,1,No,No,57,Fiber optic,No,Yes,Month-to-month,Yes,Bank transfer,104.9,5913.95,0,103.75350877192982,4-6yr
2516-VQRRV,1,No,No,2,Fiber optic,No,No,Month-to-month,Yes,Mailed check,75.45,158.4,1,79.2,0-1yr
7580-UGXNC,1,No,No,2,DSL,Yes,No,Month-to-month,No,Mailed check,54.85,104.2,1,52.1,0-1yr
3642-BYHDO,0,Yes,Yes,71,No,No,No,Two year,No,Bank transfer,19.9,1389.35,0,19.56830985915493,4-6yr
9629-NHXFW,0,Yes,Yes,1,No,No,No,Month-to-month,Yes,Mailed check,19.4,19.4,0,19.4,0-1yr
2696-RZVZW,0,Yes,No,68,No,No,No,Two year,No,Credit card,25.05,1629.2,0,23.958823529411767,4-6yr
5766-FTRTS,0,Yes,No,72,DSL,Yes,Yes,Two year,No,Mailed check,84.45,6033.1,0,83.79305555555555,4-6yr
0396-HUJBP,0,No,No,2,No,No,No,Month-to-month,No,Mailed check,19.3,44.4,0,22.2,0-1yr
5178-LMXOP,1,Yes,No,1,Fiber optic,No,No,Month-to-month,Yes,Electronic check,95.1,95.1,1,95.1,0-1yr
8879-ZKJOF,0,No,No,41,DSL,Yes,Yes,One year,Yes,Bank transfer,79.85,3320.75,0,80.9939024390244,2-4yr
6285-FTQBF,0,Yes,Yes,72,No,No,No,Two year,No,Credit card,25.55,1867.7,0,25.94027777777778,4-6yr
8185-UPYBR,0,Yes,No,6,Fiber optic,No,No,Month-to-month,Yes,Electronic check,75.5,438.0,1,73.0,0-1yr
4585-HETAI,0,Yes,Yes,4,Fiber optic,No,No,Month-to-month,Yes,Electronic check,73.75,325.45,1,81.3625,0-1yr
7526-BEZQB,0,No,No,12,Fiber optic,No,No,Month-to-month,Yes,Electronic check,96.05,1148.1,1,95.675,0-1yr
1474-JUWSM,0,Yes,No,58,DSL,Yes,Yes,One year,Yes,Electronic check,68.4,3972.25,0,68.48706896551724,4-6yr
3530-CRZSB,0,No,No,7,No,No,No,Month-to-month,No,Mailed check,20.65,155.9,0,22.271428571428572,0-1yr
8498-XXGWA,0,Yes,No,65,DSL,Yes,No,Month-to-month,Yes,Mailed check,55.15,3673.15,0,56.51,4-6yr
9617-INGJY,0,No,No,1,Fiber optic,No,No,Month-to-month,Yes,Mailed check,70.6,70.6,0,70.6,0-1yr
0621-TSSMU,0,Yes,No,56,No,No,No,One year,No,Credit card,19.95,1126.75,0,20.120535714285715,4-6yr
7234-KMNRQ,0,No,No,4,No,No,No,Month-to-month,No,Mailed check,19.0,73.45,0,18.3625,0-1yr
7636-PEPNS,0,Yes,Yes,58,DSL,No,No,One year,Yes,Mailed check,44.1,2413.05,0,41.60431034482759,4-6yr
4683-WYDOU,0,Yes,No,62,Fiber optic,No,Yes,Two year,Yes,Bank transfer,107.6,6912.7,0,111.49516129032257,4-6yr
9052-DHNKM,0,No,No,26,DSL,Yes,No,One year,No,Electronic check,61.55,1581.95,0,60.84423076923077,2-4yr
6794-HKIAJ,0,No,No,62,Fiber optic,Yes,No,Month-to-month,No,Bank transfer,90.7,5586.45,0,90.1040322580645,4-6yr
5578-NKCXI,0,Yes,Yes,58,Fiber optic,Yes,No,One year,No,Credit card,99.25,5846.65,0,100.80431034482758,4-6yr
1642-HMARX,0,Yes,No,68,DSL,Yes,Yes,Two year,Yes,Electronic check,91.7,6424.7,0,94.48088235294118,4-6yr
3096-WPXBT,0,Yes,Yes,61,Fiber optic,Yes,No,One year,Yes,Credit card,100.7,6018.65,0,98.66639344262295,4-6yr
8434-PNQZX,0,No,No,42,DSL,No,Yes,Two year,Yes,Credit card,78.45,3373.4,0,80.31904761904762,2-4yr
5950-AAAGJ,0,No,No,18,Fiber optic,No,No,Month-to-month,No,Bank transfer,84.3,1537.9,0,85.4388888888889,1-2yr
4299-OPXEJ,0,No,No,56,No,No,No,Two year,Yes,Bank transfer,19.55,1080.55,0,19.295535714285712,4-6yr
4951-UKAAQ,0,No,No,4,Fiber optic,No,No,Month-to-month,Yes,Electronic check,88.95,355.2,1,88.8,0-1yr
9618-LFJRU,0,No,No,4,No,No,No,Month-to-month,No,Credit card,20.45,82.85,0,20.7125,0-1yr
6693-DJWTY,0,No,Yes,35,DSL,Yes,No,One year,No,Credit card,55.6,2016.45,0,57.612857142857145,2-4yr
0744-GKNGE,0,Yes,Yes,64,Fiber optic,Yes,Yes,Month-to-month,Yes,Bank transfer,86.8,5327.25,0,83.23828125,4-6yr
6447-EGDIV,0,No,No,31,No,No,No,One year,No,Mailed check,20.95,683.25,0,22.04032258064516,2-4yr
1167-OYZJF,1,Yes,No,67,No,No,No,Two year,Yes,Bank transfer,20.05,1263.05,0,18.851492537313433,4-6yr
2108-YKQTY,0,No,No,4,DSL,No,No,Month-to-month,No,Credit card,50.7,151.3,1,37.825,0-1yr
4806-DXQCE,1,Yes,No,70,Fiber optic,Yes,Yes,Two year,Yes,Electronic check,113.65,7714.65,0,110.20928571428571,4-6yr
4918-QLLIW,0,No,No,3,DSL,No,No,Month-to-month,No,Credit card,53.4,188.7,1,62.9,0-1yr
7056-IMHCC,1,Yes,No,53,Fiber optic,No,No,Month-to-month,Yes,Electronic check,101.9,5549.4,1,104.70566037735848,4-6yr
4854-SSLTN,0,Yes,Yes,2,DSL,Yes,Yes,Two year,No,Mailed check,59.5,130.5,0,65.25,0-1yr
5294-DMSFH,0,Yes,Yes,29,Fiber optic,No,No,Month-to-month,Yes,Credit card,87.8,2621.75,0,90.40517241379311,2-4yr
4837-PZTIC,0,No,No,47,DSL,Yes,Yes,Two year,No,Mailed check,41.9,1875.25,0,39.898936170212764,2-4yr
1625-JAIIY,0,Yes,Yes,68,Fiber optic,No,No,One year,Yes,Electronic check,83.0,5685.8,1,83.61470588235295,4-6yr
0603-OLQDC,0,No,Yes,12,DSL,Yes,No,Month-to-month,Yes,Mailed check,69.85,837.5,0,69.79166666666667,0-1yr
3272-VUHPV,0,Yes,Yes,8,DSL,No,Yes,Month-to-month,No,Bank transfer,56.3,401.5,0,50.1875,0-1yr
4176-FXYBO,0,Yes,No,54,Fiber optic,Yes,No,Month-to-month,No,Electronic check,109.55,6118.95,0,113.31388888888888,4-6yr
1063-DHQJF,0,Yes,Yes,69,Fiber optic,No,Yes,Two year,Yes,Mailed check,92.15,6480.9,0,93.92608695652173,4-6yr
8663-UPDGF,0,No,No,26,DSL,Yes,No,Month-to-month,Yes,Bank transfer,69.5,1800.05,0,69.2326923076923,2-4yr
6719-FGEDO,0,Yes,No,72,Fiber optic,Yes,Yes,Two year,Yes,Bank transfer,97.0,7104.2,0,98.66944444444444,4-6yr
1837-YQUCE,0,No,No,70,DSL,Yes,Yes,Two year,Yes,Bank transfer,58.35,4214.25,0,60.20357142857143,4-6yr
2947-DOMLJ,0,No,Yes,1,DSL,Yes,No,Month-to-month,No,Mailed check,50.6,50.6,1,50.6,0-1yr
4112-LUEIZ,0,No,No,10,Fiber optic,No,No,Month-to-month,Yes,Electronic check,89.5,863.1,1,86.31,0-1yr
0369-ZGOVK,0,Yes,Yes,28,Fiber optic,No,No,One year,Yes,Bank transfer,70.4,1992.2,0,71.15,2-4yr
4510-HIMLV,0,No,No,1,Fiber optic,No,No,Month-to-month,Yes,Electronic check,69.8,69.8,1,69.8,0-1yr
9919-KNPOO,0,Yes,No,21,Fiber optic,No,No,Month-to-month,Yes,Electronic check,94.3,1948.35,0,92.77857142857142,1-2yr
8749-JMNKX,1,Yes,No,51,Fiber optic,Yes,No,Month-to-month,Yes,Bank transfer,93.8,4750.95,1,93.15588235294118,4-6yr
7872-BAAZR,0,Yes,Yes,53,No,No,No,One year,No,Bank transfer,19.55,1007.9,0,19.016981132075472,4-6yr
9391-LMANN,0,No,Yes,53,Fiber optic,Yes,No,One year,No,Electronic check,95.95,5036.9,0,95.03584905660377,4-6yr
2430-USGXP,0,Yes,No,24,Fiber optic,No,No,Month-to-month,Yes,Electronic check,101.05,2391.8,1,99.65833333333335,1-2yr
8174-TBVCF,0,Yes,No,70,DSL,Yes,Yes,Two year,Yes,Credit card,94.8,6859.05,0,97.98642857142858,4-6yr
1698-XFZCI,0,No,No,61,Fiber optic,Yes,No,One year,Yes,Electronic check,107.75,6521.9,0,106.91639344262295,4-6yr
1877-HKBQX,0,No,No,11,DSL,Yes,Yes,One year,Yes,Mailed check,54.6,617.85,0,56.16818181818182,0-1yr
4450-DLLMH,0,No,No,2,Fiber optic,No,No,Month-to-month,Yes,Credit card,71.3,157.75,0,78.875,0-1yr
0428-AXXLJ,0,No,No,25,No,No,No,One year,Yes,Bank transfer,19.5,516.3,0,20.651999999999997,2-4yr
2746-DIJLO,0,No,No,41,DSL,No,No,One year,Yes,Credit card,56.3,2364.0,0,57.65853658536585,2-4yr
5955-ERIHD,0,Yes,No,18,Fiber optic,No,No,Month-to-month,Yes,Electronic check,94.7,1687.95,1,93.775,1-2yr
0917-EZOLA,1,Yes,No,72,Fiber optic,No,No,Two year,Yes,Bank transfer,104.15,7689.95,1,106.80486111111111,4-6yr
3508-VLHCZ,0,Yes,Yes,71,DSL,Yes,Yes,Two year,Yes,Credit card,90.55,6239.05,0,87.87394366197184,4-6yr
4086-ATNFV,0,Yes,Yes,34,DSL,Yes,No,One year,Yes,Mailed check,60.8,2042.05,0,60.06029411764706,2-4yr
0468-YRPXN,0,No,No,29,Fiber optic,No,Yes,Month-to-month,Yes,Credit card,98.8,2807.1,0,96.79655172413793,2-4yr
5996-NRVXR,1,Yes,No,40,Fiber optic,Yes,Yes,One year,Yes,Credit card,98.15,4116.8,0,102.92,2-4yr
3739-YBWAB,0,Yes,No,36,DSL,Yes,No,One year,No,Mailed check,35.35,1317.95,0,36.609722222222224,2-4yr
7047-FWEYA,0,Yes,No,46,Fiber optic,No,Yes,One year,Yes,Electronic check,103.15,4594.65,0,99.8836956521739,2-4yr
2000-MPKCA,0,No,No,58,Fiber optic,Yes,No,One year,Yes,Electronic check,107.75,6332.75,0,109.1853448275862,4-6yr
9762-YAQAA,0,No,No,39,Fiber optic,No,No,One year,No,Credit card,81.4,3213.75,0,82.40384615384616,2-4yr
5949-EBSQK,0,Yes,Yes,4,DSL,No,Yes,Month-to-month,No,Credit card,61.45,229.55,1,57.3875,0-1yr
5473-KHBPS,0,Yes,Yes,52,Fiber optic,No,No,One year,Yes,Credit card,95.7,4976.15,0,95.6951923076923,4-6yr
0100-DUVFC,1,Yes,No,70,Fiber optic,No,No,One year,Yes,Electronic check,104.8,7308.95,0,104.41357142857143,4-6yr
5397-TUPSH,1,Yes,No,65,Fiber optic,No,No,One year,Yes,Bank transfer,70.95,4555.2,0,70.08,4-6yr
8950-MTZNV,0,No,No,1,DSL,No,No,Month-to-month,Yes,Mailed check,44.95,44.95,0,44.95,0-1yr
0326-VDYXE,0,Yes,No,70,Fiber optic,No,No,One year,Yes,Electronic check,97.65,6982.5,0,99.75,4-6yr
6773-LQTVT,1,Yes,Yes,29,DSL,No,No,Month-to-month,Yes,Mailed check,35.65,1025.15,0,35.35,2-4yr
7274-RTAPZ,0,No,No,1,Fiber optic,No,No,Month-to-month,Yes,Electronic check,90.55,90.55,1,90.55,0-1yr
0436-TWFFZ,0,No,No,67,DSL,Yes,Yes,Two year,Yes,Mailed check,85.25,5714.2,0,85.2865671641791,4-6yr
8566-YPRGL,0,No,No,1,No,No,No,Month-to-month,Yes,Mailed check,19.5,19.5,0,19.5,0-1yr
0311-UNPFF,0,No,No,26,Fiber optic,No,No,Month-to-month,Yes,Bank transfer,88.8,2274.35,1,87.475,2-4yr
6609-MXJHJ,0,Yes,Yes,30,No,No,No,Two year,Yes,Mailed check,25.1,789.55,0,26.31833333333333,2-4yr
2669-OIDSD,0,Yes,No,48,Fiber optic,No,Yes,Month-to-month,Yes,Credit card,100.05,4834.0,0,100.70833333333333,2-4yr
8400-WZICQ,0,Yes,Yes,55,DSL,Yes,No,Month-to-month,No,Electronic check,55.7,3131.8,0,56.941818181818185,4-6yr
3834-XUIFC,0,No,No,7,Fiber optic,No,No,Month-to-month,Yes,Mailed check,85.2,602.55,1,86.07857142857142,0-1yr
9576-SYUHJ,0,No,No,37,Fiber optic,Yes,No,Month-to-month,Yes,Electronic check,91.15,3369.25,0,91.0608108108108,2-4yr
0410-IPFTY,0,Yes,No,31,Fiber optic,No,No,Month-to-month,Yes,Bank transfer,83.85,2674.15,0,86.26290322580645,2-4yr
2831-EBWRN,0,No,No,4,DSL,No,No,Month-to-month,Yes,Electronic check,45.9,199.75,0,49.9375,0-1yr
9430-NKQLY,0,Yes,Yes,72,No,No,No,Two year,Yes,Credit card,25.1,1790.8,0,24.87222222222222,4-6yr
8414-MYSHR,1,No,No,5,Fiber optic,No,No,Month-to-month,Yes,Electronic check,91.4,449.75,1,89.95,0-1yr
0247-SLUJI,0,Yes,Yes,1,No,No,No,Month-to-month,No,Mailed check,19.7,19.7,0,19.7,0-1yr
9402-ORRAH,1,No,No,15,Fiber optic,No,No,Month-to-month,Yes,Electronic check,91.5,1400.3,0,93.35333333333332,1-2yr
6483-OATDN,0,Yes,Yes,8,DSL,Yes,No,Month-to-month,Yes,Credit card,51.3,411.6,0,51.45,0-1yr
1293-HHSHJ,0,No,No,35,No,No,No,One year,No,Mailed check,21.1,741.0,0,21.17142857142857,2-4yr
4840-ORQXB,1,No,No,56,Fiber optic,No,No,Month-to-month,No,Electronic check,104.75,5841.35,0,104.30982142857144,4-6yr
7599-FKVXZ,0,Yes,No,42,Fiber optic,No,Yes,Month-to-month,Yes,Bank transfer,106.15,4512.7,1,107.4452380952381,2-4yr
3982-DQLUS,1,Yes,Yes,65,Fiber optic,Yes,No,Month-to-month,Yes,Electronic check,85.75,5688.45,0,87.51461538461538,4-6yr
8610-ZIKJJ,0,Yes,Yes,2,No,No,No,One year,No,Mailed check,20.3,31.9,0,15.95,0-1yr
3756-VNWDH,1,Yes,No,65,Fiber optic,Yes,No,One year,Yes,Electronic check,100.75,6674.65,0,102.68692307692307,4-6yr
7801-KICAO,0,No,No,18,Fiber optic,No,No,Month-to-month,Yes,Electronic check,74.15,1345.75,0,74.76388888888889,1-2yr
7673-LPRNY,0,No,No,23,DSL,Yes,No,One year,Yes,Electronic check,78.55,1843.05,0,80.13260869565217,1-2yr
8229-TNIQA,0,No,No,4,DSL,No,No,Month-to-month,Yes,Mailed check,45.3,196.95,1,49.2375,0-1yr
6060-QBMGV,0,Yes,No,70,No,No,No,Two year,No,Credit card,19.85,1433.8,0,20.482857142857142,4-6yr
7339-POGZN,0,No,No,4,DSL,No,No,Month-to-month,No,Electronic check,50.7,214.55,0,53.6375,0-1yr
2828-SLQPF,0,No,No,19,DSL,No,No,Month-to-month,Yes,Bank transfer,45.0,865.85,0,45.57105263157895,1-2yr
4465-VDKIQ,0,No,No,18,Fiber optic,No,No,Month-to-month,No,Electronic check,77.8,1358.6,0,75.47777777777777,1-2yr
2921-XWDJH,1,Yes,No,38,Fiber optic,Yes,No,Month-to-month,Yes,Electronic check,83.45,3147.15,0,82.81973684210527,2-4yr
6221-AVQYL,0,No,No,2,Fiber optic,No,No,Month-to-month,Yes,Credit card,73.25,131.05,1,65.525,0-1yr
2558-BUOZZ,0,No,No,47,Fiber optic,Yes,No,One year,No,Bank transfer,94.8,4535.85,0,96.50744680851065,2-4yr
9257-AZMTZ,0,Yes,Yes,52,No,No,No,Two year,No,Bank transfer,20.1,1078.75,0,20.745192307692307,4-6yr
0003-MKNFE,0,No,No,9,DSL,No,No,Month-to-month,No,Mailed check,59.9,542.4,0,60.266666666666666,0-1yr
0975-UYDTX,0,Yes,No,26,DSL,Yes,Yes,One year,Yes,Credit card,90.1,2312.55,0,88.94423076923077,2-4yr
7743-EXURX,0,Yes,Yes,8,DSL,No,No,Month-to-month,Yes,Electronic check,51.05,415.05,1,51.88125,0-1yr
4682-BLBUC,0,Yes,No,44,DSL,No,Yes,One year,Yes,Electronic check,70.95,3250.45,0,73.87386363636364,2-4yr
0975-VOOVL,0,No,No,3,DSL,No,No,Month-to-month,No,Mailed check,29.2,98.5,0,32.833333333333336,0-1yr
5968-VXZLG,0,No,No,2,DSL,No,No,Month-to-month,Yes,Bank transfer,46.6,87.9,0,43.95,0-1yr
5569-KGJHX,0,Yes,Yes,9,Fiber optic,No,No,Month-to-month,Yes,Bank transfer,85.35,754.65,1,83.85,0-1yr
4988-IQIGL,1,No,No,1,Fiber optic,No,No,Month-to-month,Yes,Electronic check,75.35,75.35,1,75.35,0-1yr
5201-FRKKS,0,No,No,25,Fiber optic,Yes,No,Month-to-month,No,Bank transfer,74.3,1952.25,0,78.09,2-4yr
9799-CAYJJ,1,Yes,No,2,Fiber optic,No,No,Month-to-month,Yes,Electronic check,69.3,153.8,0,76.9,0-1yr
7730-IUTDZ,0,No,No,43,Fiber optic,Yes,No,Month-to-month,Yes,Electronic check,75.2,3198.6,1,74.38604651162791,2-4yr
0426-TIRNE,0,No,No,1,No,No,No,Month-to-month,No,Mailed check,20.9,20.9,1,20.9,0-1yr
5443-SCMKX,0,Yes,No,58,Fiber optic,No,No,One year,Yes,Electronic check,94.3,5610.15,0,96.72672413793103,4-6yr
8295-KMENE,0,Yes,Yes,59,DSL,Yes,Yes,Two year,Yes,Mailed check,76.45,4519.5,0,76.60169491525424,4-6yr
6738-ISCBM,0,No,No,44,DSL,Yes,No,One year,Yes,Electronic check,54.0,2440.25,0,55.46022727272727,2-4yr
9821-BESNZ,0,No,No,66,Fiber optic,No,Yes,One year,Yes,Electronic check,104.25,6860.6,0,103.94848484848485,4-6yr
3678-MNGZX,0,Yes,Yes,68,No,No,No,Two year,No,Bank transfer,19.95,1377.7,0,20.26029411764706,4-6yr
1335-NTIUC,0,No,No,9,DSL,No,No,Month-to-month,Yes,Electronic check,24.95,190.25,0,21.13888888888889,0-1yr
2916-BQZLN,0,No,No,19,Fiber optic,Yes,No,Month-to-month,Yes,Electronic check,84.75,1651.95,0,86.94473684210527,1-2yr
4558-CGYCZ,0,No,No,4,No,No,No,Month-to-month,No,Mailed check,19.75,78.3,0,19.575,0-1yr
2368-GAKKQ,0,No,No,70,Fiber optic,Yes,Yes,Two year,Yes,Bank transfer,113.65,7939.25,0,113.41785714285714,4-6yr
8710-YGLWG,0,No,No,1,DSL,No,No,Month-to-month,Yes,Mailed check,44.9,44.9,0,44.9,0-1yr
3199-XGZCY,0,No,No,8,Fiber optic,No,No,Month-to-month,Yes,Electronic check,75.25,576.7,0,72.0875,0-1yr
3785-KTYSH,0,No,No,53,No,No,No,Two year,No,Mailed check,24.6,1279.0,0,24.132075471698112,4-6yr
6814-ZPWFQ,1,No,No,51,No,No,No,One year,No,Bank transfer,25.0,1260.7,0,24.719607843137254,4-6yr
4063-EIKNQ,0,Yes,Yes,11,No,No,No,Month-to-month,No,Bank transfer,20.95,267.35,0,24.30454545454546,0-1yr
6993-YCOBK,0,Yes,Yes,60,Fiber optic,Yes,Yes,Two year,Yes,Electronic check,110.6,6586.85,0,109.78083333333333,4-6yr
5206-HPJKM,0,No,No,17,DSL,Yes,No,Month-to-month,Yes,Credit card,55.5,934.15,0,54.949999999999996,1-2yr
7587-RZNME,0,No,No,3,DSL,No,No,Month-to-month,Yes,Electronic check,43.3,123.65,1,41.21666666666667,0-1yr
0748-RDGGM,0,Yes,No,70,Fiber optic,Yes,Yes,One year,Yes,Bank transfer,109.5,7534.65,1,107.63785714285714,4-6yr
8393-JMVMB,0,No,No,1,No,No,No,Month-to-month,No,Mailed check,19.45,19.45,0,19.45,0-1yr
5019-GQVCR,1,No,No,43,Fiber optic,No,No,Month-to-month,Yes,Electronic check,84.85,3645.6,0,84.78139534883721,2-4yr
6036-TTFYU,0,Yes,No,16,No,No,No,Month-to-month,No,Mailed check,19.6,314.45,0,19.653125,1-2yr
2550-AEVRU,0,Yes,Yes,57,DSL,Yes,No,One year,No,Electronic check,53.45,3053.0,0,53.56140350877193,4-6yr
0969-RGKCU,0,Yes,Yes,37,No,No,No,One year,No,Credit card,19.8,677.05,0,18.298648648648648,2-4yr
0378-CJKPV,0,Yes,No,72,Fiber optic,Yes,Yes,Two year,No,Credit card,112.1,7965.95,0,110.63819444444444,4-6yr
4706-AXVKM,1,No,No,11,Fiber optic,No,No,Month-to-month,Yes,Credit card,84.8,906.85,1,82.44090909090909,0-1yr
5889-JTMUL,1,Yes,No,50,Fiber optic,No,No,Month-to-month,Yes,Electronic check,95.05,4888.7,1,97.774,4-6yr
9026-RNUJS,1,No,No,5,DSL,No,No,Month-to-month,No,Electronic check,50.35,237.25,1,47.45,0-1yr
3746-EUBYR,0,Yes,No,1,Fiber optic,No,No,Month-to-month,Yes,Bank transfer,74.6,74.6,1,74.6,0-1yr
2332-EFBJY,0,No,No,16,No,No,No,Month-to-month,Yes,Mailed check,19.7,342.4,1,21.4,1-2yr
2880-FPNAE,1,Yes,No,2,Fiber optic,No,No,Month-to-month,Yes,Electronic check,74.2,140.1,0,70.05,0-1yr
1703-MGIAB,0,No,No,17,DSL,No,Yes,Month-to-month,Yes,Mailed check,69.0,1108.0,0,65.17647058823529,1-2yr
4311-QTTAI,0,No,No,16,No,No,No,One year,No,Credit card,19.35,295.55,0,18.471875,1-2yr
9474-PHLYD,0,No,No,15,DSL,No,No,Month-to-month,Yes,Electronic check,59.45,892.65,1,59.51,1-2yr
4318-RAJVY,0,No,No,10,No,No,No,One year,Yes,Mailed check,19.8,198.25,0,19.825,0-1yr
2165-VOEGB,0,No,Yes,46,Fiber optic,Yes,Yes,One year,Yes,Bank transfer,105.2,4822.85,1,104.8445652173913,2-4yr
3612-YUNGG,0,Yes,Yes,64,Fiber optic,No,Yes,Two year,Yes,Credit card,109.2,6741.15,0,105.33046875,4-6yr
2254-DLXRI,0,No,No,1,Fiber optic,No,No,Month-to-month,Yes,Mailed check,79.15,79.15,0,79.15,0-1yr
5062-CJJKH,0,Yes,Yes,25,DSL,No,No,One year,No,Mailed check,53.65,1355.45,0,54.218,2-4yr
9028-LIHRP,0,Yes,Yes,71,Fiber optic,Yes,Yes,Two year,No,Credit card,100.2,7209.0,0,101.53521126760563,4-6yr
2219-MVUSO,0,No,No,8,DSL,No,No,Month-to-month,Yes,Mailed check,45.15,438.4,1,54.8,0-1yr
1053-MXTTK,0,Yes,Yes,72,Fiber optic,Yes,Yes,Two year,Yes,Bank transfer,108.65,7726.35,0,107.31041666666667,4-6yr
1530-ZTDOZ,0,Yes,No,49,DSL,Yes,No,Month-to-month,No,Bank transfer,40.65,2070.75,0,42.26020408163265,4-6yr
1301-LOPVR,0,Yes,Yes,29,DSL,Yes,Yes,One year,Yes,Credit card,55.35,1636.95,0,56.44655172413793,2-4yr
0853-TWRVK,0,Yes,No,72,Fiber optic,Yes,Yes,Two year,No,Bank transfer,105.6,7581.5,0,105.29861111111111,4-6yr
8914-RBTSB,0,Yes,No,31,Fiber optic,No,No,Month-to-month,No,Electronic check,93.8,3019.5,1,97.40322580645162,2-4yr
6212-ATMLK,0,No,No,50,Fiber optic,No,No,Month-to-month,Yes,Electronic check,95.7,4729.75,0,94.595,4-6yr
8200-LGKSR,0,Yes,No,71,DSL,Yes,Yes,Two year,No,Electronic check,83.2,6126.1,0,86.2830985915493,4-6yr
1568-BEKZM,1,Yes,No,70,DSL,Yes,Yes,Two year,No,Credit card,90.05,6333.4,0,90.47714285714285,4-6yr
0670-ANMUU,0,No,No,71,Fiber optic,Yes,Yes,One year,No,Credit card,97.65,6687.85,0,94.19507042253521,4-6yr
6897-RWMUB,0,Yes,Yes,61,DSL,Yes,Yes,Two year,Yes,Bank transfer,68.05,4158.25,0,68.16803278688525,4-6yr
0963-ZBDRN,0,No,No,32,Fiber optic,No,Yes,Month-to-month,Yes,Electronic check,96.2,3183.4,1,99.48125,2-4yr
7594-RQHXR,0,No,Yes,1,Fiber optic,No,No,Month-to-month,Yes,Electronic check,79.6,79.6,1,79.6,0-1yr
6999-CHVCF,0,No,No,68,Fiber optic,Yes,No,Two year,Yes,Bank transfer,102.1,7149.35,0,105.1375,4-6yr
6134-KWTBV,0,No,No,62,No,No,No,Two year,No,Bank transfer,23.4,1429.65,0,23.058870967741935,4-6yr
1077-HUUJM,0,No,Yes,7,Fiber optic,No,No,Month-to-month,Yes,Electronic check,71.05,472.65,0,67.52142857142857,0-1yr
6331-EWIEB,0,No,No,20,Fiber optic,No,No,Month-to-month,Yes,Electronic check,85.25,1734.5,1,86.725,1-2yr
0895-LNKRC,0,Yes,Yes,6,No,No,No,One year,No,Mailed check,19.45,113.5,0,18.916666666666668,0-1yr
2045-BMBTJ,1,No,No,33,DSL,Yes,No,Month-to-month,Yes,Bank transfer,59.45,1884.65,0,57.11060606060607,2-4yr
8417-GSODA,0,Yes,Yes,28,Fiber optic,No,No,One year,No,Bank transfer,92.2,2568.15,0,91.71964285714286,2-4yr
5171-EPLKN,0,No,No,27,No,No,No,Two year,No,Credit card,19.85,470.0,0,17.40740740740741,2-4yr
4452-QIIEB,0,No,No,7,DSL,No,No,Month-to-month,No,Mailed check,43.9,278.4,0,39.771428571428565,0-1yr
5998-VVEJY,0,No,No,26,Fiber optic,No,Yes,Month-to-month,Yes,Electronic check,80.5,2088.8,1,80.33846153846154,2-4yr
1624-NALOJ,1,No,No,5,Fiber optic,No,No,Month-to-month,Yes,Electronic check,89.8,502.6,1,100.52000000000001,0-1yr
6741-EGCBI,1,No,No,30,Fiber optic,Yes,No,Month-to-month,Yes,Credit card,90.5,2595.85,0,86.52833333333334,2-4yr
7820-ZYGNY,0,No,No,63,Fiber optic,No,No,One year,No,Credit card,90.45,5825.5,0,92.46825396825396,4-6yr
4317-VTEOA,0,No,No,1,DSL,No,No,Month-to-month,Yes,Electronic check,50.75,50.75,1,50.75,0-1yr
9677-AVKED,0,No,Yes,53,DSL,No,Yes,One year,Yes,Electronic check,84.6,4449.75,0,83.95754716981132,4-6yr
1670-SVOWZ,0,Yes,Yes,14,Fiber optic,No,Yes,Month-to-month,Yes,Credit card,89.65,1208.35,1,86.31071428571428,1-2yr
2227-JRSJX,0,No,No,21,Fiber optic,No,Yes,Month-to-month,Yes,Bank transfer,99.15,1956.4,0,93.16190476190476,1-2yr
9847-HNVGP,0,No,No,17,No,No,No,One year,No,Mailed check,19.95,310.6,0,18.27058823529412,1-2yr
6696-YDAYZ,0,Yes,Yes,16,No,No,No,Two year,No,Mailed check,20.5,290.55,0,18.159375,1-2yr
8980-WQFWL,0,No,No,35,DSL,No,No,Month-to-month,Yes,Electronic check,62.1,2096.1,0,59.888571428571424,2-4yr
1730-ZMAME,1,No,No,32,Fiber optic,No,No,Month-to-month,Yes,Electronic check,79.5,2665.0,0,83.28125,2-4yr
6506-EYCNH,0,Yes,Yes,28,No,No,No,Month-to-month,Yes,Bank transfer,19.55,543.8,0,19.42142857142857,2-4yr
4634-JLRJT,0,No,No,1,No,No,No,Month-to-month,Yes,Mailed check,20.35,20.35,0,20.35,0-1yr
9501-UKKNL,0,No,No,59,DSL,No,Yes,Month-to-month,Yes,Electronic check,51.7,3005.8,0,50.94576271186441,4-6yr
2560-QTSBS,0,Yes,Yes,72,No,No,No,One year,Yes,Bank transfer,23.3,1623.15,0,22.543750000000003,4-6yr
7541-YLXCL,0,No,No,36,DSL,No,Yes,One year,Yes,Mailed check,65.4,2498.4,1,69.4,2-4yr
4795-WRNVT,0,No,No,40,DSL,Yes,No,Month-to-month,No,Mailed check,65.1,2586.0,0,64.65,2-4yr
6080-TCMYC,0,Yes,Yes,40,Fiber optic,No,No,Month-to-month,Yes,Electronic check,81.2,3292.3,0,82.3075,2-4yr
0260-ZDLGK,0,No,Yes,9,DSL,No,Yes,Month-to-month,Yes,Mailed check,72.9,651.4,1,72.37777777777778,0-1yr
7860-UXCRM,0,Yes,Yes,63,DSL,Yes,Yes,Two year,No,Credit card,74.5,4674.55,0,74.19920634920635,4-6yr
6357-JJPQT,0,No,No,3,Fiber optic,No,No,Month-to-month,Yes,Electronic check,80.5,232.35,0,77.45,0-1yr
2292-XQWSV,0,Yes,Yes,40,DSL,No,Yes,One year,No,Mailed check,60.3,2448.5,0,61.2125,2-4yr
9552-TGUZV,0,Yes,No,8,Fiber optic,Yes,No,Month-to-month,Yes,Mailed check,75.0,658.1,0,82.2625,0-1yr
5913-INRQV,1,Yes,No,34,Fiber optic,Yes,Yes,One year,No,Mailed check,90.15,3128.8,0,92.02352941176471,2-4yr
8722-NGNBH,0,No,No,5,DSL,Yes,Yes,Month-to-month,No,Mailed check,40.0,223.45,1,44.69,0-1yr
6210-KBBPI,1,No,No,9,Fiber optic,No,No,Month-to-month,Yes,Credit card,99.45,919.4,1,102.15555555555555,0-1yr
9643-YBLUR,0,Yes,No,9,DSL,No,No,Month-to-month,Yes,Credit card,69.05,653.95,0,72.66111111111111,0-1yr
8734-FNWVH,0,Yes,Yes,31,DSL,No,No,Month-to-month,No,Bank transfer,59.7,1825.5,0,58.88709677419355,2-4yr
9447-YPTBX,0,Yes,No,50,No,No,No,One year,Yes,Bank transfer,19.85,943.1,0,18.862000000000002,4-6yr
0133-BMFZO,0,No,No,2,Fiber optic,Yes,Yes,Month-to-month,Yes,Electronic check,86.25,181.65,1,90.825,0-1yr
6128-CZOMY,0,No,No,1,DSL,No,No,Month-to-month,Yes,Electronic check,45.65,45.65,1,45.65,0-1yr
9540-JYROE,0,No,No,8,Fiber optic,No,No,Month-to-month,Yes,Mailed check,70.1,551.35,1,68.91875,0-1yr
9026-LHEVG,0,No,No,9,DSL,No,No,Month-to-month,No,Electronic check,40.75,359.4,0,39.93333333333333,0-1yr
2260-USTRB,1,No,No,2,Fiber optic,No,No,Month-to-month,Yes,Bank transfer,70.2,115.95,1,57.975,0-1yr
3656-TKRVZ,0,No,No,3,DSL,Yes,No,Month-to-month,No,Electronic check,55.35,165.2,1,55.06666666666666,0-1yr
7011-CVEUC,0,Yes,No,25,Fiber optic,No,Yes,Month-to-month,Yes,Credit card,95.7,2338.35,0,93.53399999999999,2-4yr
6185-TASNN,1,No,No,1,DSL,No,No,Month-to-month,No,Electronic check,46.3,46.3,0,46.3,0-1yr
7925-PNRGI,0,Yes,Yes,45,DSL,Yes,Yes,Month-to-month,No,Mailed check,81.3,3541.1,0,78.69111111111111,2-4yr
8623-TMRBY,1,Yes,Yes,51,Fiber optic,No,No,Month-to-month,Yes,Electronic check,84.2,4146.05,1,81.29509803921569,4-6yr
1552-CZCLL,0,Yes,Yes,55,No,No,No,Month-to-month,No,Credit card,20.0,1087.25,0,19.76818181818182,4-6yr
3038-PQIUY,0,No,No,38,DSL,Yes,No,Month-to-month,Yes,Bank transfer,66.15,2522.4,0,66.37894736842105,2-4yr
1501-SGHBW,0,No,No,2,DSL,No,No,Month-to-month,No,Mailed check,45.85,81.0,1,40.5,0-1yr
9313-CDOGY,0,Yes,Yes,38,No,No,No,Month-to-month,No,Electronic check,19.6,717.3,0,18.876315789473683,2-4yr
8148-BPLZQ,0,No,No,34,DSL,No,No,Month-to-month,Yes,Electronic check,49.8,1734.2,0,51.00588235294118,2-4yr
2623-DRYAM,0,Yes,No,70,Fiber optic,No,No,One year,Yes,Electronic check,101.75,7069.3,0,100.99000000000001,4-6yr
9987-LUTYD,0,No,No,13,DSL,Yes,Yes,One year,No,Mailed check,55.15,742.9,0,57.146153846153844,1-2yr
3208-YPIOE,0,No,No,39,Fiber optic,No,No,Month-to-month,No,Electronic check,75.25,3017.65,1,77.37564102564103,2-4yr
4488-KQFDT,0,No,No,61,Fiber optic,No,No,One year,Yes,Electronic check,103.95,6423.0,0,105.29508196721312,4-6yr
2612-RANWT,0,No,No,12,Fiber optic,No,No,Month-to-month,Yes,Bank transfer,100.15,1164.3,1,97.02499999999999,0-1yr
5693-PIPCS,0,No,No,41,Fiber optic,No,Yes,Two year,Yes,Credit card,99.65,4220.35,0,102.93536585365854,2-4yr
0491-KAPQG,0,No,No,21,Fiber optic,No,No,Month-to-month,Yes,Electronic check,73.7,1558.7,0,74.22380952380952,1-2yr
1925-LFCZZ,1,No,No,55,DSL,No,No,One year,Yes,Bank transfer,50.05,2743.45,0,49.880909090909086,4-6yr
8039-EQPIM,0,Yes,No,69,DSL,Yes,Yes,Two year,No,Bank transfer,60.25,4055.5,0,58.77536231884058,4-6yr
6900-PXRMS,1,Yes,Yes,26,Fiber optic,No,No,Month-to-month,No,Electronic check,105.75,2710.25,1,104.24038461538461,2-4yr
8707-RMEZH,1,Yes,No,69,Fiber optic,Yes,No,One year,No,Credit card,87.3,6055.55,0,87.76159420289855,4-6yr
3346-BRMIS,1,Yes,No,18,DSL,No,No,Month-to-month,Yes,Electronic check,48.35,810.7,1,45.03888888888889,1-2yr
3209-ZPKFI,0,Yes,Yes,47,DSL,No,No,Month-to-month,No,Electronic check,54.25,2538.2,0,54.00425531914893,2-4yr
6479-VDGRK,0,Yes,Yes,72,DSL,Yes,Yes,Two year,No,Bank transfer,85.3,6129.2,0,85.12777777777778,4-6yr
9373-WSLOY,1,Yes,No,33,DSL,No,Yes,Month-to-month,Yes,Electronic check,50.0,1750.85,0,53.056060606060605,2-4yr
2933-FILNV,0,Yes,Yes,2,DSL,No,No,Month-to-month,Yes,Mailed check,24.4,36.55,1,18.275,0-1yr
3569-JFODW,0,Yes,Yes,72,DSL,Yes,Yes,Two year,No,Credit card,90.95,6652.45,0,92.39513888888888,4-6yr
9819-FBNSV,1,Yes,No,37,Fiber optic,No,No,Month-to-month,Yes,Bank transfer,72.25,2575.45,0,69.60675675675675,2-4yr
9544-PYPSJ,1,Yes,Yes,62,Fiber optic,No,No,Month-to-month,Yes,Credit card,96.1,6019.35,0,97.08629032258065,4-6yr
1591-XWLGB,0,Yes,No,71,No,No,No,Two year,No,Credit card,19.85,1379.6,0,19.430985915492958,4-6yr
0396-UKGAI,0,No,Yes,23,DSL,No,Yes,Month-to-month,Yes,Bank transfer,55.3,1284.2,0,55.834782608695654,1-2yr
3243-ZHOHY,0,No,No,16,No,No,No,One year,No,Mailed check,20.1,296.15,0,18.509375,1-2yr
5186-EJEGL,0,No,No,9,DSL,Yes,Yes,Month-to-month,Yes,Mailed check,69.5,653.25,0,72.58333333333333,0-1yr
7527-QNRUS,0,Yes,Yes,17,No,No,No,Two year,Yes,Mailed check,25.15,412.6,0,24.27058823529412,1-2yr
9986-BONCE,0,No,No,4,No,No,No,Month-to-month,No,Bank transfer,20.95,85.5,1,21.375,0-1yr
2722-JMONI,1,Yes,No,1,DSL,Yes,No,Month-to-month,Yes,Electronic check,49.55,49.55,1,49.55,0-1yr
2203-GHNWN,0,Yes,No,24,Fiber optic,No,No,Month-to-month,Yes,Mailed check,79.65,1928.7,0,80.3625,1-2yr
3878-AVSOQ,1,No,No,1,Fiber optic,No,No,Month-to-month,Yes,Electronic check,71.25,71.25,0,71.25,0-1yr
3258-SYSWS,1,No,No,72,Fiber optic,Yes,Yes,Two year,No,Bank transfer,113.8,7845.8,0,108.96944444444445,4-6yr
5296-PSYVW,0,Yes,No,72,No,No,No,Two year,No,Electronic check,24.55,1750.7,0,24.31527777777778,4-6yr
6319-QSUSR,0,No,Yes,11,No,No,No,Month-to-month,No,Credit card,19.7,216.2,0,19.654545454545453,0-1yr
4083-EUGRJ,0,No,No,9,No,No,No,Month-to-month,No,Mailed check,20.25,178.5,1,19.833333333333332,0-1yr
7579-OOPEC,1,Yes,No,2,DSL,No,No,Month-to-month,No,Credit card,50.15,115.1,1,57.55,0-1yr
0512-FLFDW,1,Yes,No,60,Fiber optic,No,No,One year,Yes,Credit card,100.5,6029.0,0,100.48333333333333,4-6yr
1771-OADNZ,1,Yes,No,29,Fiber optic,No,No,Month-to-month,Yes,Electronic check,95.9,2745.2,1,94.66206896551724,2-4yr
0487-CRLZF,0,No,No,49,DSL,No,Yes,Two year,Yes,Bank transfer,74.45,3721.9,0,75.95714285714286,4-6yr
2107-FBPTK,1,No,No,30,Fiber optic,No,No,Month-to-month,Yes,Electronic check,104.1,3121.1,0,104.03666666666666,2-4yr
9451-WLYRI,0,Yes,No,53,No,No,No,One year,No,Credit card,19.05,990.45,0,18.687735849056605,4-6yr
8219-VYBVI,0,No,Yes,39,No,No,No,Two year,No,Mailed check,25.0,1004.35,0,25.752564102564104,2-4yr
1991-VOPLL,0,No,No,9,No,No,No,Month-to-month,No,Mailed check,19.05,157.65,0,17.516666666666666,0-1yr
9738-QLWTP,0,No,No,39,Fiber optic,No,Yes,One year,No,Electronic check,81.9,3219.75,0,82.5576923076923,2-4yr
1016-DJTSV,1,No,No,8,Fiber optic,No,No,Month-to-month,Yes,Electronic check,69.7,572.85,0,71.60625,0-1yr
9419-IPPBE,0,Yes,Yes,51,Fiber optic,No,No,One year,Yes,Electronic check,90.15,4554.85,0,89.31078431372549,4-6yr
0174-QRVVY,0,Yes,Yes,71,No,No,No,Two year,No,Credit card,25.35,1847.55,0,26.021830985915493,4-6yr
5699-BNCAS,1,No,No,71,No,No,No,Two year,Yes,Mailed check,24.65,1766.75,0,24.883802816901408,4-6yr
2900-PHPLN,1,Yes,No,70,No,No,No,Two year,Yes,Credit card,19.55,1462.05,0,20.88642857142857,4-6yr
0612-RTZZA,1,No,No,1,DSL,No,No,Month-to-month,No,Electronic check,25.25,25.25,1,25.25,0-1yr
8106-GWQOK,0,Yes,No,38,DSL,Yes,Yes,Two year,Yes,Bank transfer,60.0,2193.2,0,57.715789473684204,2-4yr
8751-EDEKA,0,Yes,No,28,Fiber optic,No,No,Month-to-month,No,Credit card,89.9,2433.5,0,86.91071428571429,2-4yr
6878-GGDWG,0,Yes,No,32,No,No,No,Month-to-month,No,Bank transfer,19.4,641.15,0,20.0359375,2-4yr
4039-PIMHX,1,Yes,No,49,DSL,No,No,Two year,No,Mailed check,49.8,2398.4,0,48.946938775510205,4-6yr
8450-LUGUK,0,Yes,Yes,37,No,No,No,Two year,Yes,Bank transfer,24.1,861.85,0,23.293243243243243,2-4yr
3604-WLABM,0,No,No,10,DSL,No,Yes,Month-to-month,No,Electronic check,54.25,583.0,0,58.3,0-1yr
0795-GMVQO,0,Yes,No,67,Fiber optic,Yes,No,One year,No,Credit card,109.9,7332.4,0,109.43880597014925,4-6yr
2259-OUUSZ,0,No,No,7,DSL,No,Yes,One year,Yes,Credit card,35.5,249.55,0,35.65,0-1yr
1142-IHLOO,0,No,No,51,Fiber optic,No,No,One year,No,Credit card,87.55,4475.9,0,87.7627450980392,4-6yr
6410-LEFEN,0,No,No,9,DSL,No,No,Month-to-month,No,Electronic check,45.15,416.45,1,46.27222222222222,0-1yr
4633-MKHYU,0,No,No,9,Fiber optic,No,No,Month-to-month,Yes,Mailed check,88.4,788.6,0,87.62222222222222,0-1yr
6257-RJOHI,0,No,No,4,DSL,No,Yes,Month-to-month,Yes,Mailed check,50.8,202.3,0,50.575,0-1yr
1545-JFUML,0,Yes,No,71,Fiber optic,Yes,No,Two year,Yes,Electronic check,99.0,6994.6,0,98.51549295774649,4-6yr
3194-ORPIK,0,Yes,Yes,50,Fiber optic,No,No,Month-to-month,Yes,Bank transfer,84.4,4116.15,1,82.323,4-6yr
7826-VVKWT,1,Yes,Yes,24,Fiber optic,No,No,Two year,Yes,Electronic check,96.55,2263.45,0,94.31041666666665,1-2yr
1353-GHZOS,0,Yes,No,22,DSL,Yes,No,One year,Yes,Bank transfer,59.75,1374.35,0,62.470454545454544,1-2yr
2587-EKXTS,0,No,No,44,Fiber optic,Yes,No,Month-to-month,Yes,Electronic check,111.5,4915.15,0,111.70795454545454,2-4yr
5442-BXVND,0,Yes,Yes,33,No,No,No,Month-to-month,No,Bank transfer,24.25,838.5,0,25.40909090909091,2-4yr
8816-VXNZD,0,No,No,1,Fiber optic,No,No,Month-to-month,Yes,Electronic check,75.1,75.1,1,75.1,0-1yr
9378-FXTIZ,0,Yes,No,54,DSL,No,No,One year,Yes,Credit card,70.15,3715.65,1,68.80833333333334,4-6yr
1723-HKXJQ,0,No,No,42,Fiber optic,No,No,Month-to-month,Yes,Electronic check,101.75,4273.45,1,101.74880952380951,2-4yr
7825-GKXMW,0,No,No,1,DSL,No,No,Month-to-month,No,Electronic check,45.8,45.8,1,45.8,0-1yr
9753-OYLBX,0,No,No,1,No,No,No,Month-to-month,No,Mailed check,20.5,20.5,0,20.5,0-1yr
2364-UFROM,0,No,No,30,DSL,Yes,Yes,One year,No,Electronic check,70.4,2044.75,0,68.15833333333333,2-4yr
6656-JWRQX,0,No,No,1,DSL,No,Yes,Month-to-month,No,Mailed check,30.55,30.55,0,30.55,0-1yr
6473-ULUHT,0,Yes,Yes,16,DSL,Yes,Yes,Month-to-month,No,Electronic check,84.9,1398.25,0,87.390625,1-2yr
1240-KNSEZ,0,No,No,1,No,No,No,Month-to-month,Yes,Mailed check,20.1,20.1,1,20.1,0-1yr
0836-SEYLU,0,Yes,No,9,DSL,No,Yes,Month-to-month,No,Mailed check,40.65,328.95,1,36.55,0-1yr
4433-JCGCG,1,Yes,No,46,Fiber optic,No,No,Month-to-month,Yes,Electronic check,101.0,4680.05,1,101.74021739130436,2-4yr
3716-BDVDB,0,No,No,1,Fiber optic,No,No,Month-to-month,Yes,Electronic check,69.1,69.1,1,69.1,0-1yr
7688-AWMDX,0,Yes,No,71,DSL,Yes,Yes,Two year,No,Bank transfer,54.5,3778.2,0,53.21408450704225,4-6yr
2842-BCQGE,0,No,No,43,Fiber optic,No,No,Month-to-month,Yes,Credit card,75.35,3161.4,0,73.52093023255814,2-4yr
7244-QWYHG,0,Yes,No,50,DSL,Yes,Yes,One year,Yes,Bank transfer,44.45,2188.45,0,43.769,4-6yr
5899-MQZZL,0,No,No,13,Fiber optic,No,No,Month-to-month,Yes,Mailed check,75.0,999.45,1,76.88076923076923,1-2yr
6849-OYAMU,0,Yes,Yes,19,Fiber optic,No,Yes,One year,No,Bank transfer,100.0,1888.65,1,99.40263157894738,1-2yr
5312-UXESG,0,No,No,41,Fiber optic,No,No,Month-to-month,No,Bank transfer,98.05,3990.6,0,97.33170731707317,2-4yr
9488-HGMJH,1,No,No,1,Fiber optic,No,No,Month-to-month,Yes,Electronic check,71.15,71.15,1,71.15,0-1yr
6038-GCYEC,0,No,No,24,DSL,No,No,Month-to-month,Yes,Credit card,54.15,1240.25,1,51.677083333333336,1-2yr
2150-WLKUW,0,Yes,No,40,DSL,No,No,One year,No,Bank transfer,63.9,2635.0,0,65.875,2-4yr
7159-FVYPK,0,Yes,Yes,3,DSL,No,No,Month-to-month,Yes,Bank transfer,69.15,235.0,0,78.33333333333333,0-1yr
7032-LMBHI,0,No,No,37,DSL,Yes,No,One year,No,Bank transfer,64.65,2347.85,0,63.4554054054054,2-4yr
1150-WFARN,0,Yes,Yes,67,Fiber optic,Yes,Yes,Two year,Yes,Credit card,108.75,7156.2,1,106.80895522388059,4-6yr
6088-BXMRG,0,Yes,Yes,32,Fiber optic,No,No,Month-to-month,Yes,Electronic check,98.85,3089.6,0,96.55,2-4yr
3144-AUDBS,0,Yes,No,6,DSL,No,Yes,Month-to-month,Yes,Electronic check,49.15,270.8,1,45.13333333333333,0-1yr
4821-SJHJV,0,Yes,Yes,32,Fiber optic,Yes,No,Month-to-month,No,Electronic check,89.6,2901.8,0,90.68125,2-4yr
7346-MEDWM,0,No,No,59,Fiber optic,No,No,Month-to-month,Yes,Electronic check,83.25,4949.1,0,83.88305084745764,4-6yr
1137-DGOWI,0,Yes,No,30,DSL,No,Yes,One year,No,Bank transfer,70.25,2198.9,0,73.29666666666667,2-4yr
5616-PRTNT,0,No,Yes,20,No,No,No,Month-to-month,Yes,Electronic check,19.4,374.5,1,18.725,1-2yr
3812-LRZIR,0,Yes,Yes,27,No,No,No,Two year,No,Electronic check,24.5,761.95,0,28.22037037037037,2-4yr
4818-QIUFN,1,No,No,20,Fiber optic,Yes,No,Month-to-month,Yes,Electronic check,79.15,1520.9,1,76.045,1-2yr
9483-GCPWE,0,No,Yes,9,No,No,No,One year,No,Mailed check,20.1,190.25,0,21.13888888888889,0-1yr
4227-OJHAL,0,Yes,Yes,68,DSL,Yes,No,One year,Yes,Credit card,73.0,5163.0,0,75.92647058823529,4-6yr
9220-CXRSC,0,Yes,Yes,69,DSL,Yes,Yes,Two year,No,Credit card,61.4,4059.85,0,58.83840579710145,4-6yr
4993-JCRGJ,0,No,No,26,Fiber optic,No,Yes,Month-to-month,Yes,Mailed check,84.3,2281.6,0,87.75384615384615,2-4yr
9537-JALFH,0,Yes,Yes,69,No,No,No,Two year,No,Bank transfer,19.9,1356.7,0,19.66231884057971,4-6yr
6698-OXETB,0,No,No,11,No,No,No,Two year,No,Mailed check,20.4,231.45,0,21.04090909090909,0-1yr
2103-ZRXFN,0,No,No,1,DSL,No,No,Month-to-month,No,Mailed check,50.75,50.75,0,50.75,0-1yr
3724-BSCVH,0,Yes,Yes,10,No,No,No,One year,No,Mailed check,20.45,242.4,0,24.240000000000002,0-1yr
4877-TSOFF,0,Yes,Yes,55,DSL,Yes,Yes,One year,Yes,Bank transfer,75.75,4264.25,0,77.53181818181818,4-6yr
9209-NWPGU,0,No,No,44,DSL,Yes,Yes,One year,No,Electronic check,65.4,2774.55,0,63.05795454545455,2-4yr
6961-VCPMC,1,Yes,No,46,Fiber optic,No,No,Month-to-month,Yes,Electronic check,80.4,3605.2,1,78.37391304347825,2-4yr
7306-YDSOI,0,Yes,Yes,69,DSL,Yes,No,Two year,Yes,Bank transfer,59.75,4069.9,0,58.984057971014494,4-6yr
5288-AHOUP,1,No,No,11,Fiber optic,No,No,Month-to-month,Yes,Electronic check,78.5,874.2,0,79.47272727272728,0-1yr
6688-UZPWD,0,Yes,No,11,Fiber optic,No,No,Month-to-month,Yes,Electronic check,102.0,1145.35,1,104.12272727272726,0-1yr
0655-YDGFJ,0,No,No,29,DSL,No,No,Month-to-month,No,Bank transfer,48.95,1323.7,0,45.6448275862069,2-4yr
8468-EHYJA,0,Yes,No,57,Fiber optic,Yes,No,Month-to-month,Yes,Electronic check,99.65,5497.05,0,96.43947368421053,4-6yr
6823-SIDFQ,0,No,No,28,No,No,No,One year,No,Credit card,18.25,534.7,0,19.09642857142857,2-4yr
1097-FSPVW,0,No,No,42,DSL,Yes,No,Month-to-month,No,Credit card,54.55,2455.05,0,58.453571428571436,2-4yr
2839-RFSQE,0,No,No,2,No,No,No,Month-to-month,No,Mailed check,20.65,38.7,1,19.35,0-1yr
8328-SKJNO,0,No,Yes,23,DSL,Yes,Yes,One year,No,Bank transfer,40.65,947.4,0,41.19130434782608,1-2yr
7010-ZMVBF,0,Yes,Yes,18,No,No,No,Month-to-month,No,Mailed check,20.45,357.0,0,19.833333333333332,1-2yr
5201-CBWYG,0,Yes,Yes,62,No,No,No,One year,No,Bank transfer,24.8,1476.25,0,23.81048387096774,4-6yr
0968-GSIKN,0,No,No,1,Fiber optic,No,No,Month-to-month,Yes,Mailed check,70.8,70.8,1,70.8,0-1yr
1965-DDBWU,0,No,No,16,Fiber optic,No,Yes,Month-to-month,Yes,Credit card,89.05,1448.6,1,90.5375,1-2yr
9057-SIHCH,0,No,No,3,Fiber optic,No,No,Month-to-month,Yes,Electronic check,96.6,291.9,1,97.3,0-1yr
6352-GIGGQ,0,No,No,67,DSL,Yes,Yes,One year,Yes,Bank transfer,88.8,5903.15,0,88.10671641791045,4-6yr
3635-QQRQD,0,No,No,62,No,No,No,Two year,Yes,Credit card,20.05,1201.65,0,19.381451612903227,4-6yr
6771-XWBDM,0,Yes,No,57,Fiber optic,No,No,Month-to-month,Yes,Credit card,104.5,5921.35,1,103.88333333333334,4-6yr
2897-DOVND,0,No,No,2,Fiber optic,No,No,Month-to-month,Yes,Electronic check,69.8,146.65,0,73.325,0-1yr
3082-YVEKW,0,Yes,Yes,23,DSL,Yes,Yes,Two year,Yes,Bank transfer,77.15,1759.4,0,76.49565217391304,1-2yr
0191-EQUUH,0,No,Yes,25,DSL,Yes,Yes,Two year,No,Bank transfer,35.05,844.45,0,33.778,2-4yr
7134-HBPBS,1,No,No,72,Fiber optic,No,Yes,Two year,Yes,Bank transfer,108.1,7774.05,0,107.97291666666666,4-6yr
3489-HHPFY,0,Yes,No,2,Fiber optic,No,No,Month-to-month,Yes,Electronic check,84.05,134.05,0,67.025,0-1yr
2926-JEJJC,0,No,No,8,No,No,No,One year,Yes,Bank transfer,20.2,140.95,0,17.61875,0-1yr
8601-QACRS,0,No,No,5,DSL,No,No,Month-to-month,Yes,Mailed check,50.6,249.95,1,49.989999999999995,0-1yr
4950-BDEUX,0,No,No,35,DSL,No,No,Month-to-month,No,Electronic check,49.2,1701.65,0,48.61857142857143,2-4yr
5789-LDFXO,0,No,No,24,No,No,No,One year,No,Electronic check,24.6,592.65,0,24.693749999999998,1-2yr
0508-OOLTO,0,Yes,Yes,2,Fiber optic,No,No,Month-to-month,Yes,Electronic check,71.65,135.75,0,67.875,0-1yr
2984-TBYKU,0,Yes,Yes,72,Fiber optic,Yes,Yes,Two year,Yes,Credit card,104.9,7732.65,0,107.39791666666666,4-6yr
9822-WMWVG,0,No,No,41,Fiber optic,Yes,Yes,Month-to-month,Yes,Electronic check,106.5,4282.4,0,104.44878048780487,2-4yr
2391-SOORI,0,No,Yes,4,DSL,Yes,No,Month-to-month,No,Electronic check,49.35,219.65,1,54.9125,0-1yr
9040-KZVWO,0,No,No,26,Fiber optic,No,No,One year,No,Bank transfer,75.5,2018.1,0,77.61923076923077,2-4yr
2645-QTLMB,0,No,No,7,Fiber optic,No,No,Month-to-month,Yes,Electronic check,94.25,669.0,1,95.57142857142857,0-1yr
4806-HIPDW,0,Yes,No,1,Fiber optic,No,No,Month-to-month,Yes,Electronic check,68.95,68.95,1,68.95,0-1yr
1548-ARAGG,0,Yes,Yes,4,DSL,No,Yes,Month-to-month,Yes,Mailed check,58.5,224.85,0,56.2125,0-1yr
6339-RZCBJ,0,No,No,48,DSL,No,Yes,Two year,No,Credit card,78.9,3771.5,0,78.57291666666667,2-4yr
4424-TKOPW,1,No,No,2,Fiber optic,No,No,Month-to-month,Yes,Electronic check,93.85,196.75,1,98.375,0-1yr
4415-WNGVR,1,Yes,No,12,DSL,Yes,Yes,One year,Yes,Electronic check,79.2,943.85,0,78.65416666666667,0-1yr
2522-AHJXR,0,Yes,No,60,Fiber optic,Yes,Yes,Month-to-month,Yes,Bank transfer,109.45,6572.85,0,109.5475,4-6yr
0412-UCCNP,0,No,No,55,DSL,Yes,Yes,Two year,Yes,Electronic check,59.2,3175.85,0,57.74272727272727,4-6yr
1816-FLZDK,0,No,No,1,DSL,No,Yes,Month-to-month,No,Mailed check,29.15,29.15,0,29.15,0-1yr
7096-UCLNH,0,No,No,1,No,No,No,Month-to-month,No,Mailed check,20.05,20.05,0,20.05,0-1yr
8443-ZRDBZ,0,No,No,4,Fiber optic,No,No,Month-to-month,Yes,Electronic check,76.05,318.9,1,79.725,0-1yr
9136-ALYBR,0,No,No,1,DSL,No,No,Month-to-month,Yes,Mailed check,24.45,24.45,1,24.45,0-1yr
4615-PIVVU,0,No,No,42,DSL,No,Yes,Two year,No,Credit card,66.5,2762.75,0,65.7797619047619,2-4yr
8885-QSQBX,0,No,No,1,DSL,Yes,No,Month-to-month,No,Bank transfer,49.55,49.55,0,49.55,0-1yr
7479-NITWS,0,No,No,7,Fiber optic,No,No,Month-to-month,Yes,Credit card,89.35,631.85,1,90.26428571428572,0-1yr
8617-ENBDS,0,No,No,3,Fiber optic,No,No,Month-to-month,Yes,Credit card,73.6,232.5,0,77.5,0-1yr
9385-NXKDA,0,Yes,No,72,DSL,Yes,No,Two year,Yes,Credit card,82.65,5919.35,0,82.21319444444445,4-6yr
0430-IHCDJ,0,No,No,15,DSL,No,No,Month-to-month,Yes,Electronic check,49.0,749.25,0,49.95,1-2yr
2959-MJHIC,0,Yes,No,4,Fiber optic,No,No,Month-to-month,Yes,Electronic check,80.35,307.4,1,76.85,0-1yr
6674-KVJHG,0,No,No,11,No,No,No,One year,No,Electronic check,25.2,245.15,0,22.286363636363635,0-1yr
1814-DKOLC,0,No,No,5,No,No,No,Month-to-month,No,Mailed check,25.45,134.75,0,26.95,0-1yr
4201-JMNGR,1,No,No,1,DSL,Yes,No,Month-to-month,Yes,Electronic check,55.8,55.8,1,55.8,0-1yr
9351-HXDMR,0,Yes,No,72,Fiber optic,Yes,Yes,Two year,Yes,Credit card,110.9,8240.85,0,114.45625000000001,4-6yr
3537-HPKQT,0,Yes,No,55,Fiber optic,No,No,Month-to-month,Yes,Credit card,77.75,4266.4,0,77.57090909090908,4-6yr
2129-ALKBS,0,Yes,Yes,40,No,No,No,Month-to-month,Yes,Electronic check,26.2,1077.5,0,26.9375,2-4yr
5821-MMEIL,0,Yes,No,57,No,No,No,Two year,No,Bank transfer,19.9,1115.6,0,19.5719298245614,4-6yr
5960-WPXQM,0,No,No,1,Fiber optic,No,No,Month-to-month,Yes,Electronic check,79.05,79.05,1,79.05,0-1yr
0684-AOSIH,0,Yes,No,1,Fiber optic,Yes,No,Month-to-month,Yes,Electronic check,95.0,95.0,1,95.0,0-1yr
8260-NGFNY,0,No,No,1,DSL,No,No,Month-to-month,No,Mailed check,25.2,25.2,1,25.2,0-1yr
1309-XGFSN,1,Yes,Yes,52,DSL,No,No,One year,Yes,Electronic check,80.85,4079.55,0,78.45288461538462,4-6yr
1866-RZZQS,1,No,No,41,Fiber optic,No,No,Month-to-month,Yes,Electronic check,98.4,4187.75,1,102.14024390243902,2-4yr
6968-URWQU,0,Yes,No,43,DSL,No,No,One year,Yes,Mailed check,56.35,2391.15,0,55.608139534883726,2-4yr
4742-TXUEX,0,Yes,Yes,47,No,No,No,Two year,No,Bank transfer,19.3,890.5,0,18.9468085106383,2-4yr
9631-XEYKE,0,No,No,3,DSL,No,No,Month-to-month,No,Bank transfer,50.4,137.25,0,45.75,0-1yr
8631-NBHFZ,1,Yes,Yes,66,DSL,Yes,Yes,Two year,No,Credit card,79.4,5154.6,1,78.10000000000001,4-6yr
1335-MXCSE,0,Yes,Yes,55,DSL,No,Yes,Two year,Yes,Credit card,55.25,3119.9,0,56.72545454545455,4-6yr
8873-TMKGR,0,No,No,29,No,No,No,One year,No,Mailed check,19.1,529.5,0,18.25862068965517,2-4yr
8800-JOOCF,0,No,Yes,12,Fiber optic,No,No,Month-to-month,Yes,Electronic check,84.05,966.55,0,80.54583333333333,0-1yr
1469-LBJQJ,0,Yes,No,66,Fiber optic,No,No,Month-to-month,Yes,Electronic check,105.2,6936.85,0,105.10378787878788,4-6yr
4958-XCBDQ,1,No,No,35,Fiber optic,No,No,Month-to-month,Yes,Electronic check,101.4,3496.3,1,99.89428571428572,2-4yr
8337-UPOAQ,1,Yes,No,10,Fiber optic,No,No,Month-to-month,Yes,Electronic check,89.8,914.3,1,91.42999999999999,0-1yr
0064-YIJGF,0,Yes,Yes,27,Fiber optic,No,No,Month-to-month,Yes,Bank transfer,75.75,1929.0,0,71.44444444444444,2-4yr
2386-OWURY,0,No,No,58,Fiber optic,No,Yes,Month-to-month,Yes,Electronic check,95.3,5817.7,0,100.3051724137931,4-6yr
1725-IQNIY,0,Yes,No,54,Fiber optic,Yes,Yes,Two year,No,Bank transfer,109.75,6110.2,1,113.15185185185184,4-6yr
0310-VQXAM,0,No,No,9,No,No,No,Month-to-month,No,Mailed check,19.85,178.8,0,19.866666666666667,0-1yr
6598-RFFVI,0,No,No,2,No,No,No,One year,No,Credit card,19.3,28.3,1,14.15,0-1yr
3453-RTHJQ,0,No,No,6,Fiber optic,No,No,Month-to-month,Yes,Electronic check,69.1,435.0,0,72.5,0-1yr
6712-OAWRH,1,No,No,26,Fiber optic,No,No,Month-to-month,Yes,Electronic check,91.25,2351.8,1,90.45384615384616,2-4yr
6278-FEPBZ,0,No,No,9,No,No,No,Month-to-month,No,Mailed check,20.25,186.15,0,20.683333333333334,0-1yr
4280-DLSHD,0,Yes,No,8,DSL,No,No,Month-to-month,Yes,Mailed check,54.75,445.85,0,55.73125,0-1yr
1508-DFXCU,0,No,No,12,Fiber optic,No,No,Month-to-month,Yes,Electronic check,81.45,912.0,0,76.0,0-1yr
8614-VGMMV,0,No,No,15,DSL,No,No,Month-to-month,Yes,Electronic check,49.1,679.55,1,45.30333333333333,1-2yr
7868-BGSZA,0,Yes,No,43,DSL,Yes,No,One year,Yes,Electronic check,80.2,3581.6,0,83.29302325581395,2-4yr
2800-QQUSO,0,No,No,42,Fiber optic,No,Yes,Month-to-month,Yes,Electronic check,100.3,4222.95,0,100.54642857142856,2-4yr
2930-UOTMB,0,No,No,31,DSL,Yes,Yes,Month-to-month,No,Credit card,65.25,1994.3,1,64.33225806451613,2-4yr
7973-DZRKH,0,No,Yes,66,Fiber optic,Yes,Yes,Two year,Yes,Credit card,90.95,5930.05,0,89.84924242424243,4-6yr
5914-DVBWJ,1,No,No,18,Fiber optic,No,Yes,Month-to-month,Yes,Electronic check,85.45,1505.85,1,83.65833333333333,1-2yr
7698-YFGEZ,0,No,No,1,No,No,No,Month-to-month,No,Mailed check,20.0,20.0,0,20.0,0-1yr
2533-QVMSK,0,Yes,No,61,Fiber optic,No,Yes,Two year,Yes,Electronic check,94.1,5638.3,1,92.43114754098362,4-6yr
9773-PEQBZ,0,No,No,10,Fiber optic,No,No,Month-to-month,No,Electronic check,79.85,797.25,0,79.725,0-1yr
8644-XLFBW,1,No,No,1,Fiber optic,No,No,Month-to-month,Yes,Electronic check,71.65,71.65,1,71.65,0-1yr
0650-BWOZN,1,No,No,18,Fiber optic,No,No,Month-to-month,Yes,Electronic check,73.55,1359.45,0,75.525,1-2yr
8625-AZYZY,0,Yes,No,24,Fiber optic,No,No,Month-to-month,Yes,Electronic check,104.65,2542.45,1,105.93541666666665,1-2yr
7785-RDVIG,0,Yes,Yes,3,No,No,No,Month-to-month,No,Mailed check,19.3,54.7,0,18.233333333333334,0-1yr
9602-WCXPI,0,No,No,50,No,No,No,One year,No,Credit card,20.15,989.05,0,19.781,4-6yr
2903-YYTBW,0,Yes,Yes,1,DSL,No,No,Month-to-month,No,Electronic check,44.55,44.55,0,44.55,0-1yr
3620-MWJNE,0,No,No,2,DSL,Yes,Yes,Month-to-month,Yes,Mailed check,54.45,87.3,0,43.65,0-1yr
8573-JGCZW,0,No,No,17,No,No,No,One year,Yes,Bank transfer,19.65,351.55,0,20.679411764705883,1-2yr
6837-HAEVO,0,Yes,Yes,69,Fiber optic,No,No,Two year,Yes,Electronic check,105.0,7297.75,0,105.76449275362319,4-6yr
6701-YVNQG,0,Yes,No,72,DSL,Yes,Yes,Two year,Yes,Credit card,88.7,6301.7,0,87.52361111111111,4-6yr
9306-CPCBC,0,No,No,3,Fiber optic,No,No,Month-to-month,Yes,Electronic check,74.25,210.3,1,70.10000000000001,0-1yr
4304-XUMGI,1,Yes,Yes,50,DSL,Yes,No,Two year,Yes,Bank transfer,75.15,3822.45,0,76.449,4-6yr
9504-YAZWB,0,No,No,53,No,No,No,Two year,No,Mailed check,20.25,1048.45,0,19.782075471698114,4-6yr
8819-ZBYNA,0,Yes,No,58,Fiber optic,Yes,Yes,Two year,Yes,Credit card,109.1,6393.65,0,110.2353448275862,4-6yr
6174-NRBTZ,0,No,No,46,DSL,Yes,No,One year,Yes,Bank transfer,30.75,1489.3,0,32.37608695652174,2-4yr
9481-IEBZY,1,Yes,No,72,Fiber optic,Yes,Yes,Month-to-month,Yes,Credit card,112.9,8061.5,0,111.96527777777777,4-6yr
1833-VGRUM,1,No,No,1,Fiber optic,No,No,Month-to-month,Yes,Electronic check,74.2,74.2,1,74.2,0-1yr
6137-NICCO,0,Yes,Yes,6,Fiber optic,No,No,Month-to-month,Yes,Mailed check,94.05,518.75,0,86.45833333333333,0-1yr
9065-ZCPQX,0,Yes,No,72,DSL,Yes,Yes,Two year,No,Bank transfer,78.85,5763.15,0,80.04374999999999,4-6yr
6402-EJMWF,0,No,No,4,DSL,No,No,Month-to-month,Yes,Mailed check,55.3,238.5,0,59.625,0-1yr
3620-EHIMZ,0,Yes,Yes,52,No,No,No,Two year,No,Mailed check,19.35,1031.7,0,19.840384615384615,4-6yr
3213-VVOLG,0,Yes,Yes,0,No,No,No,Two year,No,Mailed check,25.35,0.0,0,0.0,
6870-ECSHE,0,No,No,2,No,No,No,One year,No,Mailed check,20.45,34.8,0,17.4,0-1yr
8747-UDCOI,0,Yes,No,65,No,No,No,Two year,No,Bank transfer,19.35,1319.95,0,20.306923076923077,4-6yr
8374-XGEJJ,1,Yes,No,43,Fiber optic,No,No,Month-to-month,Yes,Electronic check,101.0,4388.4,1,102.05581395348837,2-4yr
2656-TABEH,0,Yes,No,4,Fiber optic,No,No,Month-to-month,Yes,Electronic check,100.2,420.2,1,105.05,0-1yr
6946-LMSQS,1,Yes,No,25,Fiber optic,Yes,No,One year,Yes,Electronic check,89.05,2177.45,1,87.098,2-4yr
4626-OZDTJ,0,Yes,No,51,DSL,No,Yes,One year,Yes,Credit card,78.65,3950.85,0,77.46764705882353,4-6yr
9169-BSVIN,0,No,No,12,DSL,No,No,Month-to-month,No,Bank transfer,74.75,827.05,0,68.92083333333333,0-1yr
2325-ZUSFD,0,Yes,Yes,57,DSL,Yes,No,One year,Yes,Bank transfer,70.1,3913.3,1,68.65438596491228,4-6yr
8194-PEEBY,0,Yes,Yes,24,No,No,No,One year,No,Mailed check,19.9,533.5,0,22.229166666666668,1-2yr
6872-HXFNF,0,Yes,No,64,DSL,No,Yes,One year,No,Bank transfer,58.35,3756.45,0,58.69453125,4-6yr
3932-CMDTD,0,No,No,4,Fiber optic,No,Yes,One year,Yes,Electronic check,105.65,443.9,1,110.975,0-1yr
7714-YXSMB,0,No,No,26,Fiber optic,No,No,Month-to-month,Yes,Bank transfer,100.5,2599.95,0,99.99807692307692,2-4yr
8387-UGUSU,0,Yes,Yes,15,No,No,No,Month-to-month,No,Mailed check,20.05,284.3,0,18.953333333333333,1-2yr
1080-BWSYE,1,Yes,No,64,No,No,No,Two year,No,Credit card,25.65,1740.8,0,27.2,4-6yr
4039-HEUNW,1,Yes,No,36,Fiber optic,No,No,Month-to-month,Yes,Electronic check,96.5,3436.1,1,95.44722222222222,2-4yr
1194-HVAIF,0,Yes,No,27,Fiber optic,No,No,Month-to-month,No,Credit card,95.0,2462.55,0,91.20555555555556,2-4yr
0812-WUPTB,1,Yes,No,1,Fiber optic,No,No,Month-to-month,No,Mailed check,70.85,70.85,1,70.85,0-1yr
3594-UVONA,0,No,No,35,DSL,Yes,Yes,One year,Yes,Credit card,85.95,3110.1,1,88.86,2-4yr
0004-TLHLJ,0,No,No,4,Fiber optic,No,No,Month-to-month,Yes,Electronic check,73.9,280.85,1,70.2125,0-1yr
1767-TGTKO,0,Yes,Yes,8,DSL,No,No,Month-to-month,Yes,Electronic check,45.45,411.75,0,51.46875,0-1yr
8439-LTUGF,0,No,No,10,No,No,No,Month-to-month,Yes,Credit card,20.0,198.6,0,19.86,0-1yr
8805-JNRAZ,0,No,No,2,DSL,No,No,Month-to-month,No,Mailed check,49.2,103.7,0,51.85,0-1yr
5089-IFSDP,0,Yes,No,58,Fiber optic,Yes,No,Two year,Yes,Bank transfer,109.45,6144.55,1,105.94051724137931,4-6yr
6418-HNFED,0,Yes,No,51,DSL,Yes,Yes,Two year,Yes,Credit card,83.25,4089.45,0,80.18529411764706,4-6yr
0206-OYVOC,0,Yes,Yes,46,No,No,No,Two year,Yes,Mailed check,19.25,864.2,0,18.786956521739132,2-4yr
7291-CDTMJ,0,No,No,1,No,No,No,Month-to-month,Yes,Bank transfer,19.65,19.65,0,19.65,0-1yr
7128-GGCNO,0,No,No,46,Fiber optic,No,No,Month-to-month,No,Bank transfer,72.8,3249.4,0,70.63913043478261,2-4yr
0237-YFUTL,0,Yes,No,50,Fiber optic,Yes,Yes,Month-to-month,Yes,Bank transfer,109.65,5405.8,0,108.116,4-6yr
7691-KGKGP,0,Yes,Yes,53,DSL,No,Yes,Month-to-month,No,Credit card,65.0,3363.8,0,63.46792452830189,4-6yr
6710-HSJRD,0,Yes,No,61,Fiber optic,No,Yes,Month-to-month,Yes,Electronic check,114.1,7132.15,0,116.92049180327868,4-6yr
3675-EQOZA,0,No,No,5,No,No,No,Month-to-month,No,Bank transfer,20.65,93.55,0,18.71,0-1yr
0840-DCNZE,0,No,No,47,DSL,Yes,Yes,One year,Yes,Bank transfer,86.95,4138.9,0,88.06170212765957,2-4yr
1732-FEKLD,0,No,No,54,Fiber optic,No,No,One year,Yes,Bank transfer,94.75,5121.75,0,94.84722222222223,4-6yr
9862-KJTYK,0,No,Yes,19,DSL,No,No,Month-to-month,Yes,Credit card,25.35,566.1,0,29.794736842105266,1-2yr
0479-HMSWA,0,No,Yes,26,Fiber optic,No,Yes,Two year,Yes,Electronic check,105.45,2715.3,0,104.4346153846154,2-4yr
5854-KSRBJ,0,Yes,Yes,70,No,No,No,Two year,No,Mailed check,25.4,1782.05,0,25.457857142857144,4-6yr
0365-BZUWY,0,Yes,No,17,Fiber optic,No,No,Month-to-month,Yes,Electronic check,102.55,1742.5,0,102.5,1-2yr
4817-VYYWS,0,No,No,30,Fiber optic,No,No,Month-to-month,Yes,Electronic check,100.2,2983.8,1,99.46000000000001,2-4yr
5701-SVCWR,0,No,Yes,1,No,No,No,Month-to-month,No,Mailed check,24.0,24.0,0,24.0,0-1yr
3129-AAQOU,0,Yes,Yes,19,No,No,No,Two year,No,Mailed check,25.6,485.9,0,25.573684210526313,1-2yr
4922-CVPDX,0,Yes,No,26,DSL,No,No,Two year,Yes,Credit card,73.5,1905.7,0,73.29615384615384,2-4yr
1396-QWFBJ,0,Yes,Yes,21,Fiber optic,No,No,Month-to-month,Yes,Bank transfer,74.05,1565.7,1,74.55714285714286,1-2yr
1357-BIJKI,0,Yes,No,50,Fiber optic,No,No,One year,Yes,Electronic check,98.25,4858.7,0,97.17399999999999,4-6yr
1099-BTKWT,0,Yes,No,68,DSL,Yes,No,One year,Yes,Electronic check,54.4,3723.65,0,54.75955882352941,4-6yr
5299-SJCZT,0,No,No,3,Fiber optic,No,No,Month-to-month,Yes,Bank transfer,101.55,298.35,1,99.45,0-1yr
2018-PZKMU,0,Yes,Yes,9,Fiber optic,No,Yes,Month-to-month,No,Electronic check,103.1,970.45,0,107.82777777777778,0-1yr
7340-KEFQE,0,Yes,Yes,51,DSL,Yes,Yes,Two year,No,Bank transfer,34.2,1782.0,0,34.94117647058823,4-6yr
4570-QHXHL,0,No,No,9,DSL,No,No,Month-to-month,Yes,Electronic check,43.75,405.7,0,45.077777777777776,0-1yr
2403-BCASL,1,Yes,Yes,41,Fiber optic,No,Yes,One year,Yes,Electronic check,111.95,4534.9,1,110.60731707317072,2-4yr
7392-YYPYJ,0,No,No,22,Fiber optic,No,No,Month-to-month,Yes,Electronic check,100.65,2415.95,0,109.81590909090909,1-2yr
2898-LSJGD,0,Yes,Yes,21,DSL,Yes,No,One year,Yes,Electronic check,55.95,1157.05,1,55.09761904761905,1-2yr
2223-GDSHL,0,Yes,Yes,71,Fiber optic,Yes,Yes,Two year,Yes,Bank transfer,116.05,8297.5,0,116.86619718309859,4-6yr
7359-PTSXY,0,No,No,1,DSL,No,No,Month-to-month,No,Electronic check,45.75,45.75,1,45.75,0-1yr
9470-RTWDV,0,Yes,Yes,26,DSL,No,Yes,One year,Yes,Credit card,82.0,2083.1,0,80.11923076923077,2-4yr
2176-OSJUV,0,Yes,No,71,DSL,Yes,Yes,Two year,No,Bank transfer,65.15,4681.75,0,65.94014084507042,4-6yr
9348-YVOMK,0,No,No,4,DSL,No,No,Month-to-month,Yes,Credit card,44.8,176.2,0,44.05,0-1yr
8104-OSKWT,0,No,No,12,Fiber optic,Yes,No,Month-to-month,Yes,Electronic check,79.8,1001.2,0,83.43333333333334,0-1yr
4521-YEEHE,0,Yes,No,18,Fiber optic,No,Yes,Month-to-month,Yes,Electronic check,88.85,1594.75,0,88.59722222222223,1-2yr
4090-KPJIP,0,No,No,3,Fiber optic,No,No,Month-to-month,Yes,Electronic check,74.95,212.4,0,70.8,0-1yr
3786-WOVKF,1,Yes,No,72,Fiber optic,Yes,No,One year,Yes,Bank transfer,106.85,7677.4,0,106.63055555555555,4-6yr
4503-BDXBD,0,No,No,11,Fiber optic,No,No,Month-to-month,No,Electronic check,74.95,815.5,1,74.13636363636364,0-1yr
6086-ESGRL,0,No,No,1,Fiber optic,No,No,Month-to-month,No,Credit card,80.15,80.15,1,80.15,0-1yr
2592-HODOV,0,No,No,13,No,No,No,One year,No,Credit card,19.3,259.65,0,19.97307692307692,1-2yr
3886-CERTZ,0,Yes,No,72,Fiber optic,No,Yes,One year,Yes,Electronic check,109.25,8109.8,1,112.63611111111112,4-6yr
7995-ZHHNZ,0,Yes,No,42,DSL,Yes,No,One year,No,Credit card,56.1,2386.85,0,56.8297619047619,2-4yr
3824-RHKVR,0,No,No,17,No,No,No,Month-to-month,No,Credit card,19.7,340.35,0,20.02058823529412,1-2yr
5816-SCGFC,1,No,No,7,DSL,No,No,Month-to-month,Yes,Mailed check,51.3,419.35,0,59.90714285714286,0-1yr
5989-AXPUC,0,Yes,No,68,Fiber optic,Yes,Yes,Two year,No,Mailed check,118.6,7990.05,0,117.50073529411765,4-6yr
4979-HPRFL,0,Yes,Yes,56,No,No,No,Two year,No,Bank transfer,24.15,1402.25,0,25.040178571428573,4-6yr
8590-OHDIW,0,Yes,Yes,38,No,No,No,One year,No,Mailed check,20.3,749.35,0,19.719736842105263,2-4yr
8015-IHCGW,0,Yes,Yes,72,Fiber optic,Yes,Yes,Two year,Yes,Electronic check,115.5,8425.15,0,117.01597222222222,4-6yr
2332-TODQS,0,No,No,48,No,No,No,One year,No,Credit card,25.05,1171.5,0,24.40625,2-4yr
9278-VZKCD,1,Yes,No,52,Fiber optic,Yes,No,Month-to-month,Yes,Electronic check,109.1,5647.95,0,108.61442307692307,4-6yr
8008-OTEZX,0,Yes,Yes,35,No,No,No,One year,No,Mailed check,19.65,708.8,0,20.25142857142857,2-4yr
2773-OVBPK,0,Yes,No,67,Fiber optic,No,Yes,Two year,Yes,Bank transfer,111.3,7567.2,0,112.94328358208955,4-6yr
5999-LCXAO,0,No,No,1,DSL,Yes,No,Month-to-month,No,Mailed check,29.9,29.9,0,29.9,0-1yr
5206-XZZQI,0,No,No,53,Fiber optic,No,Yes,Month-to-month,Yes,Mailed check,80.6,4348.1,0,82.03962264150944,4-6yr
4803-LBYPN,0,Yes,Yes,34,No,No,No,Month-to-month,No,Mailed check,20.8,635.9,0,18.70294117647059,2-4yr
5759-RCVCB,0,No,No,3,DSL,No,No,Month-to-month,No,Credit card,35.2,108.95,1,36.31666666666667,0-1yr
6372-RFVNS,0,Yes,No,1,Fiber optic,No,No,Month-to-month,No,Electronic check,78.8,78.8,1,78.8,0-1yr
2139-FQHLM,0,No,No,19,Fiber optic,No,Yes,Month-to-month,No,Mailed check,89.95,1682.4,0,88.54736842105264,1-2yr
8261-GWDBQ,1,Yes,No,60,Fiber optic,Yes,Yes,Two year,Yes,Bank transfer,116.05,6925.9,0,115.43166666666666,4-6yr
1093-YSWCA,0,No,No,11,No,No,No,Two year,No,Credit card,19.55,223.15,0,20.286363636363635,0-1yr
8938-UMKPI,0,No,No,47,Fiber optic,No,No,Month-to-month,Yes,Electronic check,106.4,5127.95,1,109.10531914893616,2-4yr
0991-BRRFB,0,No,No,18,DSL,Yes,No,Month-to-month,No,Electronic check,49.4,874.8,1,48.599999999999994,1-2yr
3882-IYOIJ,0,Yes,Yes,60,Fiber optic,Yes,Yes,Two year,No,Credit card,115.25,6758.45,0,112.64083333333333,4-6yr
8749-TZYEC,0,Yes,No,72,No,No,No,Two year,No,Credit card,24.8,1874.3,0,26.031944444444445,4-6yr
1755-FZQEC,0,No,No,39,No,No,No,One year,No,Mailed check,19.9,791.15,0,20.285897435897436,2-4yr
3115-JPJDD,0,Yes,No,59,Fiber optic,Yes,No,One year,Yes,Credit card,81.25,4639.45,0,78.63474576271186,4-6yr
5600-KTXFM,0,Yes,Yes,2,Fiber optic,No,No,Month-to-month,No,Mailed check,69.95,143.9,0,71.95,0-1yr
3871-IKPYH,1,No,No,1,Fiber optic,No,No,Month-to-month,No,Electronic check,69.1,69.1,1,69.1,0-1yr
6319-IEJWJ,0,Yes,Yes,20,Fiber optic,No,No,Month-to-month,Yes,Electronic check,90.2,1776.55,1,88.8275,1-2yr
9025-AOMKI,0,No,No,6,Fiber optic,No,No,Month-to-month,Yes,Bank transfer,93.55,536.4,1,89.39999999999999,0-1yr
6339-TBELP,0,No,No,71,Fiber optic,No,Yes,Two year,Yes,Credit card,86.4,6172.0,0,86.92957746478874,4-6yr
7964-YESJC,0,Yes,No,24,DSL,Yes,No,Month-to-month,No,Mailed check,66.3,1559.45,0,64.97708333333334,1-2yr
6173-GOLSU,1,Yes,No,67,Fiber optic,No,No,Month-to-month,Yes,Credit card,94.65,6079.0,0,90.73134328358209,4-6yr
5275-SQEIZ,0,No,No,1,Fiber optic,No,No,Month-to-month,Yes,Mailed check,80.85,80.85,1,80.85,0-1yr
7716-YTYHG,0,Yes,Yes,48,Fiber optic,No,No,One year,Yes,Mailed check,82.05,4029.95,1,83.95729166666666,2-4yr
9938-ZREHM,0,Yes,No,37,DSL,No,Yes,One year,No,Mailed check,72.1,2658.4,0,71.84864864864865,2-4yr
7950-XWOVN,0,No,No,11,DSL,No,No,Month-to-month,No,Mailed check,34.7,383.55,0,34.86818181818182,0-1yr
4390-KYULV,0,Yes,No,3,No,No,No,Month-to-month,Yes,Credit card,20.55,51.15,1,17.05,0-1yr
4647-MUZON,0,Yes,No,18,Fiber optic,No,No,Month-to-month,Yes,Credit card,95.95,1745.5,0,96.97222222222223,1-2yr
9702-AIUJO,0,Yes,Yes,50,DSL,No,No,One year,Yes,Bank transfer,44.8,2230.85,0,44.617,4-6yr
8849-PRIQJ,0,Yes,Yes,67,Fiber optic,Yes,Yes,One year,Yes,Electronic check,109.4,7281.6,0,108.68059701492538,4-6yr
8851-RAGOV,0,Yes,No,25,DSL,Yes,Yes,Month-to-month,Yes,Mailed check,71.05,1837.7,0,73.508,2-4yr
1304-NECVQ,1,No,No,2,Fiber optic,No,No,Month-to-month,Yes,Electronic check,78.55,149.55,1,74.775,0-1yr
5396-IZEPB,0,No,No,9,No,No,No,Month-to-month,No,Credit card,19.7,180.7,0,20.077777777777776,0-1yr
1729-VLAZJ,0,No,Yes,10,DSL,Yes,Yes,One year,No,Mailed check,40.25,411.45,0,41.144999999999996,0-1yr
8285-ABVLB,0,Yes,No,70,No,No,No,Two year,No,Credit card,19.85,1328.35,0,18.97642857142857,4-6yr
0701-TJSEF,0,No,No,9,DSL,Yes,Yes,Month-to-month,Yes,Bank transfer,68.25,576.95,0,64.10555555555555,0-1yr
5712-VBOXD,0,No,No,4,No,No,No,Month-to-month,Yes,Credit card,20.15,68.45,0,17.1125,0-1yr
6629-LADHQ,0,No,No,2,DSL,Yes,No,Month-to-month,No,Mailed check,50.95,123.05,0,61.525,0-1yr
8945-GRKHX,0,No,Yes,1,Fiber optic,No,No,Month-to-month,No,Electronic check,78.65,78.65,1,78.65,0-1yr
1559-DTODC,0,No,No,19,DSL,No,No,Month-to-month,Yes,Bank transfer,25.15,468.35,0,24.650000000000002,1-2yr
4797-MIWUM,0,Yes,Yes,7,No,No,No,Month-to-month,Yes,Bank transfer,20.25,174.7,0,24.957142857142856,0-1yr
6959-UWKHF,0,No,No,1,DSL,No,No,Month-to-month,Yes,Electronic check,42.9,42.9,1,42.9,0-1yr
8720-RQSBJ,1,No,No,1,DSL,No,No,Month-to-month,No,Electronic check,44.0,44.0,0,44.0,0-1yr
4537-CIBHB,0,Yes,Yes,9,No,No,No,One year,No,Mailed check,20.25,172.35,0,19.15,0-1yr
3815-SLMEF,0,No,No,3,DSL,Yes,Yes,Month-to-month,No,Mailed check,34.25,139.35,1,46.449999999999996,0-1yr
5154-VEKBL,0,No,No,9,DSL,Yes,Yes,Month-to-month,No,Mailed check,58.5,539.85,1,59.983333333333334,0-1yr
4324-AHJKS,0,No,No,5,DSL,Yes,No,Month-to-month,No,Credit card,55.8,300.4,0,60.08,0-1yr
4355-CVPVS,0,Yes,Yes,56,Fiber optic,No,No,One year,No,Bank transfer,88.9,4968.0,0,88.71428571428571,4-6yr
4495-LHSSK,0,No,Yes,18,DSL,Yes,No,Month-to-month,No,Mailed check,57.65,992.7,0,55.150000000000006,1-2yr
5655-JSMZM,1,No,No,49,Fiber optic,No,No,Month-to-month,Yes,Electronic check,96.2,4718.25,1,96.29081632653062,4-6yr
5915-ANOEI,0,Yes,No,70,DSL,Yes,Yes,Two year,No,Mailed check,79.15,5536.5,0,79.09285714285714,4-6yr
9861-PDSZP,0,No,No,72,Fiber optic,No,Yes,Two year,Yes,Credit card,108.05,7806.6,0,108.42500000000001,4-6yr
4505-EXZHB,1,No,No,6,Fiber optic,No,No,Month-to-month,No,Electronic check,74.4,434.1,1,72.35000000000001,0-1yr
7225-CBZPL,1,Yes,No,17,Fiber optic,No,No,Month-to-month,Yes,Electronic check,94.8,1563.9,0,91.99411764705883,1-2yr
6704-UTUKK,0,Yes,No,29,DSL,No,No,Month-to-month,Yes,Electronic check,45.9,1332.4,0,45.9448275862069,2-4yr
4587-VVTOX,0,Yes,No,6,Fiber optic,No,No,Month-to-month,Yes,Electronic check,105.3,545.2,1,90.86666666666667,0-1yr
2019-HDCZY,0,Yes,No,63,Fiber optic,No,No,Two year,No,Electronic check,102.6,6296.75,0,99.9484126984127,4-6yr
4652-NNHNY,0,Yes,No,16,Fiber optic,No,No,Month-to-month,Yes,Bank transfer,73.85,1284.2,1,80.2625,1-2yr
8788-DOXSU,0,No,No,59,DSL,No,No,One year,Yes,Bank transfer,61.35,3645.5,0,61.78813559322034,4-6yr
7404-JLKQG,0,No,No,3,DSL,No,No,Month-to-month,No,Electronic check,57.55,161.45,0,53.81666666666666,0-1yr
7421-ZLUPA,0,No,No,8,DSL,No,No,Month-to-month,Yes,Mailed check,29.25,226.95,0,28.36875,0-1yr
8972-HJWNV,1,Yes,No,7,Fiber optic,No,No,Month-to-month,Yes,Electronic check,84.55,646.85,1,92.40714285714286,0-1yr
3274-NSDWE,0,No,No,68,No,No,No,Two year,No,Credit card,19.6,1441.65,0,21.20073529411765,4-6yr
2632-IVXVF,0,Yes,Yes,68,Fiber optic,Yes,Yes,Two year,No,Credit card,111.75,7511.3,0,110.46029411764707,4-6yr
3692-JHONH,1,Yes,No,52,Fiber optic,No,No,One year,Yes,Electronic check,106.5,5621.85,0,108.11250000000001,4-6yr
8915-NNTRC,0,Yes,Yes,72,Fiber optic,Yes,Yes,Two year,Yes,Credit card,107.7,7919.8,0,109.99722222222222,4-6yr
5914-GXMDA,0,Yes,No,32,No,No,No,One year,No,Mailed check,19.3,593.2,0,18.5375,2-4yr
7463-IFMQU,0,Yes,No,72,No,No,No,Two year,No,Bank transfer,20.05,1423.65,0,19.772916666666667,4-6yr
2920-RNCEZ,0,Yes,Yes,1,Fiber optic,No,No,Month-to-month,Yes,Credit card,69.95,69.95,0,69.95,0-1yr
2541-YGPKE,0,Yes,Yes,42,DSL,Yes,Yes,One year,No,Credit card,63.7,2763.35,0,65.79404761904762,2-4yr
8515-OCTJS,0,No,No,25,No,No,No,Two year,No,Credit card,24.75,692.1,1,27.684,2-4yr
5382-TEMLV,0,No,No,45,DSL,Yes,No,Month-to-month,Yes,Bank transfer,50.9,2298.55,0,51.07888888888889,2-4yr
3441-CGZJH,0,Yes,Yes,43,DSL,Yes,Yes,One year,Yes,Credit card,60.4,2640.55,0,61.40813953488372,2-4yr
9592-ERDKV,0,Yes,No,37,DSL,Yes,No,One year,No,Mailed check,79.25,2911.8,0,78.6972972972973,2-4yr
2860-RANUS,1,No,No,20,Fiber optic,No,No,Month-to-month,Yes,Credit card,85.8,1727.5,1,86.375,1-2yr
5261-QSHQM,0,No,No,4,DSL,No,No,Month-to-month,Yes,Electronic check,24.45,86.6,1,21.65,0-1yr
4778-IZARL,0,Yes,No,63,Fiber optic,Yes,Yes,Two year,Yes,Credit card,110.1,6705.7,0,106.43968253968254,4-6yr
0432-CAJZV,0,No,No,3,Fiber optic,No,No,Month-to-month,No,Mailed check,90.7,237.65,0,79.21666666666667,0-1yr
7008-LZVOZ,0,Yes,Yes,66,No,No,No,Two year,Yes,Credit card,25.3,1672.35,0,25.33863636363636,4-6yr
8868-WOZGU,0,No,No,28,Fiber optic,No,No,Month-to-month,Yes,Electronic check,105.7,2979.5,1,106.41071428571429,2-4yr
1200-TUZHR,1,No,No,8,Fiber optic,No,No,Month-to-month,No,Electronic check,85.2,695.75,0,86.96875,0-1yr
9365-CSLBQ,0,No,Yes,71,No,No,No,Two year,No,Mailed check,24.35,1654.6,0,23.304225352112674,4-6yr
1334-FJSVR,0,No,No,1,DSL,No,No,Month-to-month,Yes,Electronic check,24.25,24.25,1,24.25,0-1yr
5884-FBCTL,0,Yes,Yes,72,No,No,No,Two year,No,Bank transfer,25.1,1857.85,0,25.803472222222222,4-6yr
7130-CTCUS,1,Yes,No,16,DSL,Yes,No,Month-to-month,Yes,Bank transfer,54.55,825.1,0,51.56875,1-2yr
6242-FEGFD,0,Yes,No,66,Fiber optic,Yes,Yes,Two year,No,Mailed check,96.6,6424.25,0,97.33712121212122,4-6yr
7625-XCQRH,0,No,No,11,Fiber optic,No,No,Month-to-month,Yes,Electronic check,76.5,837.95,1,76.17727272727274,0-1yr
6194-HBGQN,0,No,No,51,DSL,Yes,Yes,One year,Yes,Credit card,81.15,4126.2,0,80.90588235294118,4-6yr
7634-WSWDB,0,No,Yes,8,DSL,Yes,No,Month-to-month,Yes,Electronic check,38.5,330.8,0,41.35,0-1yr
6986-IXNDM,0,No,No,14,Fiber optic,No,No,Month-to-month,Yes,Electronic check,92.9,1337.45,0,95.53214285714286,1-2yr
1731-TVIUK,0,No,No,4,Fiber optic,No,Yes,Month-to-month,Yes,Electronic check,93.5,362.2,1,90.55,0-1yr
2987-BJXIK,0,No,No,70,DSL,Yes,No,Two year,No,Mailed check,84.7,5991.05,0,85.58642857142857,4-6yr
9769-TSBZE,0,No,Yes,70,DSL,Yes,Yes,Two year,No,Electronic check,66.0,4891.5,0,69.87857142857143,4-6yr
0406-BPDVR,1,Yes,No,54,Fiber optic,No,No,One year,Yes,Credit card,101.5,5373.1,1,99.50185185185185,4-6yr
0618-XWMSS,0,No,Yes,28,Fiber optic,Yes,No,Month-to-month,Yes,Bank transfer,74.9,2068.55,1,73.87678571428572,2-4yr
1395-WSWXR,0,No,No,24,No,No,No,Two year,No,Mailed check,20.75,487.05,0,20.29375,1-2yr
6023-GSSXW,0,Yes,No,69,DSL,No,No,Two year,Yes,Credit card,61.45,4131.2,0,59.87246376811594,4-6yr
6752-APNJL,0,Yes,Yes,42,DSL,Yes,No,Month-to-month,No,Mailed check,54.5,2301.15,0,54.78928571428572,2-4yr
5276-KQWHG,1,No,No,2,Fiber optic,No,No,Month-to-month,Yes,Electronic check,69.6,131.65,1,65.825,0-1yr
0420-HLGXF,1,No,No,39,Fiber optic,No,No,Month-to-month,Yes,Electronic check,99.75,4036.0,0,103.48717948717949,2-4yr
7446-KQISO,0,Yes,Yes,45,Fiber optic,No,Yes,Two year,Yes,Bank transfer,109.75,4900.65,0,108.90333333333332,2-4yr
9823-EALYC,0,Yes,Yes,72,DSL,Yes,Yes,Two year,Yes,Bank transfer,80.85,5727.45,0,79.54791666666667,4-6yr
0582-AVCLN,0,No,No,38,No,No,No,Two year,No,Mailed check,20.3,743.05,0,19.553947368421053,2-4yr
5803-NQJZO,0,Yes,No,72,DSL,Yes,Yes,Two year,Yes,Bank transfer,67.8,4804.65,0,66.73124999999999,4-6yr
2565-JSLRY,0,No,No,1,No,No,No,Month-to-month,Yes,Mailed check,24.05,24.05,1,24.05,0-1yr
2607-DHDAK,0,Yes,Yes,72,No,No,No,Two year,Yes,Credit card,19.8,1414.65,0,19.647916666666667,4-6yr
1073-XXCZD,0,Yes,No,55,No,No,No,Two year,No,Bank transfer,25.7,1443.65,0,26.24818181818182,4-6yr
0743-HRVFF,0,Yes,Yes,51,DSL,No,Yes,One year,Yes,Electronic check,56.15,2898.95,0,56.84215686274509,4-6yr
4006-HKYHO,0,No,No,63,DSL,Yes,Yes,Two year,Yes,Bank transfer,86.7,5309.5,0,84.27777777777777,4-6yr
3727-JEZTU,0,No,No,1,No,No,No,Month-to-month,No,Mailed check,20.4,20.4,0,20.4,0-1yr
8143-ETQTI,0,Yes,Yes,23,No,No,No,Two year,Yes,Mailed check,19.65,451.55,0,19.632608695652173,1-2yr
6689-KXGBO,0,No,No,1,DSL,No,No,Month-to-month,No,Electronic check,50.55,50.55,1,50.55,0-1yr
9667-TKTVZ,0,No,No,2,DSL,No,Yes,Month-to-month,Yes,Mailed check,54.35,117.05,0,58.525,0-1yr
3657-COGMW,1,No,No,52,Fiber optic,Yes,No,Month-to-month,No,Credit card,108.1,5839.3,0,112.29423076923078,4-6yr
8570-KLJYJ,0,No,No,36,DSL,Yes,No,One year,No,Mailed check,54.45,1893.5,0,52.59722222222222,2-4yr
7754-IXRMC,0,No,No,1,DSL,No,No,Month-to-month,No,Mailed check,45.35,45.35,0,45.35,0-1yr
9473-CBZOP,0,No,No,28,DSL,Yes,No,One year,No,Mailed check,59.0,1654.45,0,59.0875,2-4yr
2969-WGHQO,0,Yes,Yes,7,DSL,Yes,No,One year,No,Electronic check,69.45,477.05,0,68.15,0-1yr
6615-NGGZJ,0,No,No,14,Fiber optic,No,No,Month-to-month,Yes,Electronic check,100.55,1415.55,1,101.11071428571428,1-2yr
4334-HOWRP,1,Yes,No,72,DSL,Yes,Yes,Two year,Yes,Credit card,64.95,4546.0,0,63.138888888888886,4-6yr
4255-DDUOU,0,Yes,Yes,1,No,No,No,Month-to-month,Yes,Mailed check,20.5,20.5,1,20.5,0-1yr
5863-OOKCL,0,No,No,10,No,No,No,Month-to-month,No,Mailed check,18.85,163.2,0,16.32,0-1yr
1686-STUHN,0,No,No,42,No,No,No,One year,No,Bank transfer,19.8,849.9,0,20.235714285714284,2-4yr
1329-VHWNP,0,No,No,7,DSL,No,No,Month-to-month,No,Bank transfer,25.05,189.95,0,27.135714285714283,0-1yr
2984-MIIZL,0,No,No,4,Fiber optic,No,No,Month-to-month,Yes,Bank transfer,74.8,321.9,1,80.475,0-1yr
0266-GMEAO,0,Yes,Yes,72,Fiber optic,Yes,Yes,Two year,Yes,Credit card,114.3,8058.55,0,111.92430555555556,4-6yr
5590-YRFJT,0,Yes,No,20,DSL,No,No,Month-to-month,Yes,Electronic check,24.45,482.8,1,24.14,1-2yr
5574-NXZIU,0,No,No,63,Fiber optic,Yes,Yes,Two year,No,Credit card,109.2,7049.75,0,111.90079365079364,4-6yr
0019-GFNTW,0,No,No,56,DSL,Yes,Yes,Two year,No,Bank transfer,45.05,2560.1,0,45.716071428571425,4-6yr
4256-ZWTZI,0,No,Yes,5,DSL,No,Yes,Month-to-month,Yes,Mailed check,51.0,286.8,0,57.36,0-1yr
8309-PPCED,0,Yes,No,72,Fiber optic,No,Yes,Two year,Yes,Bank transfer,110.45,7982.5,0,110.86805555555556,4-6yr
4098-NAUKP,1,Yes,Yes,68,Fiber optic,No,No,Month-to-month,Yes,Electronic check,84.65,5683.6,0,83.58235294117648,4-6yr
5196-WPYOW,0,Yes,Yes,67,DSL,Yes,Yes,One year,No,Mailed check,60.05,3994.05,0,59.61268656716418,4-6yr
4608-LCIMN,0,Yes,Yes,8,DSL,No,No,Month-to-month,No,Bank transfer,44.65,369.15,0,46.14375,0-1yr
1485-YDHMM,0,Yes,Yes,52,Fiber optic,No,Yes,Month-to-month,Yes,Bank transfer,93.25,4631.7,0,89.07115384615385,4-6yr
4054-CUMIA,0,Yes,Yes,18,No,No,No,Month-to-month,Yes,Mailed check,20.25,401.95,0,22.330555555555556,1-2yr
0603-TPMIB,0,Yes,Yes,59,No,No,No,Two year,No,Mailed check,25.45,1534.05,0,26.000847457627117,4-6yr
2525-GVKQU,0,No,No,60,No,No,No,Two year,No,Mailed check,20.6,1093.0,0,18.216666666666665,4-6yr
8161-QYMTT,0,No,No,7,Fiber optic,No,No,Month-to-month,Yes,Electronic check,94.1,701.3,0,100.18571428571428,0-1yr
9581-GVBXT,0,Yes,Yes,59,DSL,Yes,No,One year,No,Mailed check,34.8,1980.3,0,33.56440677966101,4-6yr
5862-BRIXZ,0,No,No,46,DSL,Yes,Yes,Two year,Yes,Bank transfer,60.75,2893.4,0,62.9,2-4yr
5404-GGUKR,0,No,No,5,DSL,No,No,Month-to-month,Yes,Electronic check,51.35,262.3,0,52.46,0-1yr
3308-JSGML,1,Yes,No,59,DSL,Yes,Yes,Two year,Yes,Credit card,64.05,3886.85,0,65.87881355932203,4-6yr
2126-GSEGL,0,Yes,No,70,DSL,No,Yes,Two year,Yes,Bank transfer,84.8,5917.55,0,84.53642857142857,4-6yr
3677-TNKIO,0,No,No,14,Fiber optic,No,No,Month-to-month,Yes,Credit card,71.0,914.0,1,65.28571428571429,1-2yr
0440-QEXBZ,0,No,No,44,DSL,No,No,Month-to-month,Yes,Mailed check,50.15,2139.1,0,48.61590909090909,2-4yr
2434-EEVDB,0,Yes,No,64,Fiber optic,Yes,No,Two year,Yes,Credit card,94.6,5948.7,0,92.9484375,4-6yr
6762-QVYJO,0,Yes,Yes,58,DSL,Yes,Yes,Two year,No,Mailed check,59.75,3624.35,0,62.48879310344827,4-6yr
6199-IWKGC,1,Yes,No,46,Fiber optic,No,Yes,One year,No,Electronic check,100.25,4753.85,0,103.3445652173913,2-4yr
2675-DHUTR,1,Yes,No,58,Fiber optic,No,No,Month-to-month,Yes,Electronic check,98.9,5780.7,0,99.66724137931034,4-6yr
8152-VETUR,0,Yes,No,72,Fiber optic,No,No,Two year,Yes,Credit card,97.7,6869.7,0,95.4125,4-6yr
9667-EQRXU,1,No,No,30,DSL,No,No,Month-to-month,Yes,Electronic check,40.3,1172.95,1,39.098333333333336,2-4yr
7446-YPODE,1,No,No,11,DSL,Yes,No,Month-to-month,No,Bank transfer,60.25,662.95,0,60.26818181818182,0-1yr
9522-BNTHX,1,No,No,34,DSL,No,No,Month-to-month,Yes,Electronic check,56.25,1765.95,0,51.93970588235294,2-4yr
4676-WLUHT,0,No,No,54,DSL,Yes,No,Two year,No,Bank transfer,46.2,2431.95,0,45.036111111111104,4-6yr
3329-WDIOK,0,No,No,3,DSL,No,No,Month-to-month,Yes,Electronic check,50.6,155.35,1,51.78333333333333,0-1yr
7980-MHFLQ,0,Yes,Yes,72,No,No,No,Two year,No,Mailed check,24.9,1859.2,0,25.822222222222223,4-6yr
2873-ZLIWT,0,Yes,Yes,40,Fiber optic,No,Yes,Month-to-month,Yes,Electronic check,84.85,3303.05,1,82.57625,2-4yr
3415-TAILE,0,Yes,Yes,2,DSL,No,No,Month-to-month,No,Mailed check,65.7,134.35,1,67.175,0-1yr
0757-WCUUZ,0,Yes,Yes,54,DSL,No,No,Two year,No,Credit card,63.35,3409.1,0,63.13148148148148,4-6yr
1629-DQQVB,0,No,No,14,DSL,Yes,No,Month-to-month,No,Bank transfer,50.1,709.5,0,50.67857142857143,1-2yr
1915-IOFGU,0,No,No,1,Fiber optic,No,No,Month-to-month,No,Electronic check,70.5,70.5,1,70.5,0-1yr
3045-XETSH,0,No,No,10,Fiber optic,No,No,Month-to-month,Yes,Electronic check,94.85,953.45,1,95.345,0-1yr
0374-AACSZ,0,No,No,1,DSL,Yes,No,Month-to-month,No,Electronic check,50.15,50.15,0,50.15,0-1yr
7239-HZZCX,0,No,No,1,No,No,No,Month-to-month,No,Mailed check,19.75,19.75,1,19.75,0-1yr
4872-VXRIL,0,No,No,56,DSL,Yes,Yes,One year,Yes,Bank transfer,64.65,3665.55,0,65.45625,4-6yr
9140-CZQZZ,0,Yes,No,68,DSL,Yes,Yes,Two year,Yes,Bank transfer,79.6,5515.8,0,81.11470588235295,4-6yr
3423-HHXAO,0,Yes,Yes,14,No,No,No,One year,Yes,Mailed check,19.5,272.0,0,19.428571428571427,1-2yr
9938-TKDGL,0,Yes,Yes,68,Fiber optic,Yes,Yes,Two year,Yes,Electronic check,99.55,6668.0,0,98.05882352941177,4-6yr
0531-ZZJWQ,1,Yes,No,55,Fiber optic,No,No,Month-to-month,Yes,Electronic check,74.0,4052.4,0,73.68,4-6yr
6537-QLGEX,0,No,No,16,DSL,Yes,No,Month-to-month,Yes,Electronic check,38.9,664.4,0,41.525,1-2yr
2688-BHGOG,1,No,No,9,Fiber optic,No,No,Month-to-month,Yes,Electronic check,79.55,718.55,0,79.83888888888889,0-1yr
7683-CBDKJ,0,Yes,Yes,14,DSL,Yes,No,Month-to-month,Yes,Electronic check,65.45,937.6,1,66.97142857142858,1-2yr
0946-CLJTI,1,Yes,No,58,Fiber optic,No,No,Month-to-month,Yes,Electronic check,98.7,5812.6,1,100.21724137931035,4-6yr
3160-TYXLT,0,No,No,53,DSL,Yes,No,Month-to-month,Yes,Bank transfer,46.3,2546.85,0,48.053773584905656,4-6yr
1325-USMEC,0,Yes,No,70,Fiber optic,Yes,No,Two year,Yes,Credit card,99.35,6944.5,0,99.20714285714286,4-6yr
0916-QOFDP,1,Yes,Yes,14,Fiber optic,No,No,Month-to-month,Yes,Electronic check,95.8,1346.3,0,96.16428571428571,1-2yr
0628-CNQRM,0,Yes,Yes,22,DSL,Yes,Yes,One year,Yes,Bank transfer,67.5,1544.05,1,70.18409090909091,1-2yr
5606-AMZBO,0,Yes,No,10,Fiber optic,Yes,No,Month-to-month,Yes,Credit card,78.15,765.15,0,76.515,0-1yr
6199-IPCAO,0,Yes,Yes,29,No,No,No,Two year,No,Mailed check,26.1,692.55,0,23.88103448275862,2-4yr
7665-TOALD,0,No,No,1,Fiber optic,No,No,Month-to-month,Yes,Electronic check,69.6,69.6,1,69.6,0-1yr
0112-QWPNC,0,Yes,No,49,DSL,Yes,Yes,One year,No,Electronic check,84.35,4059.35,1,82.84387755102041,4-6yr
0324-BRPCJ,1,Yes,No,68,Fiber optic,No,No,Month-to-month,Yes,Electronic check,100.2,6851.65,1,100.7595588235294,4-6yr
2777-PHDEI,0,No,No,1,Fiber optic,No,No,Month-to-month,No,Electronic check,78.05,78.05,1,78.05,0-1yr
5640-CAXOA,0,No,No,30,DSL,No,Yes,One year,Yes,Credit card,40.35,1187.05,0,39.568333333333335,2-4yr
2235-EZAIK,0,Yes,No,72,DSL,Yes,Yes,Two year,No,Credit card,79.2,5401.9,0,75.02638888888889,4-6yr
3847-BAERP,0,No,No,10,No,No,No,Month-to-month,Yes,Mailed check,20.9,247.0,0,24.7,0-1yr
1196-AMORA,0,No,No,7,Fiber optic,No,No,Month-to-month,No,Electronic check,73.6,520.0,1,74.28571428571429,0-1yr
4282-YMKNA,0,No,No,9,Fiber optic,No,No,Month-to-month,Yes,Electronic check,74.75,706.6,1,78.51111111111112,0-1yr
1453-RZFON,0,No,Yes,1,DSL,Yes,No,Month-to-month,No,Mailed check,49.9,49.9,0,49.9,0-1yr
8263-OKETD,0,No,No,20,DSL,No,Yes,Month-to-month,Yes,Credit card,68.9,1370.35,0,68.5175,1-2yr
0670-KDOMA,0,No,No,1,No,No,No,Month-to-month,Yes,Mailed check,20.25,20.25,0,20.25,0-1yr
2476-YGEFM,0,No,No,29,Fiber optic,No,No,Month-to-month,Yes,Credit card,76.0,2215.25,0,76.38793103448276,2-4yr
8687-BAFGU,0,No,No,1,Fiber optic,No,Yes,Month-to-month,No,Electronic check,74.0,74.0,0,74.0,0-1yr
0641-EVBOJ,0,No,No,3,Fiber optic,Yes,Yes,Month-to-month,Yes,Mailed check,82.3,214.4,0,71.46666666666667,0-1yr
0829-XXPLX,0,No,No,20,Fiber optic,Yes,No,Month-to-month,Yes,Bank transfer,89.4,1871.15,0,93.5575,1-2yr
9974-JFBHQ,0,No,Yes,64,Fiber optic,No,Yes,Month-to-month,Yes,Credit card,99.15,6171.2,0,96.425,4-6yr
5356-RHIPP,0,No,No,1,No,No,No,Month-to-month,Yes,Mailed check,20.2,20.2,1,20.2,0-1yr
6624-JDRDS,0,No,No,6,DSL,Yes,No,Month-to-month,No,Bank transfer,29.45,161.45,0,26.90833333333333,0-1yr
0608-JDVEC,0,Yes,No,50,No,No,No,Two year,No,Electronic check,19.8,1013.2,0,20.264,4-6yr
9780-FKVVF,0,No,No,6,DSL,Yes,No,Month-to-month,Yes,Bank transfer,59.15,336.7,0,56.11666666666667,0-1yr
1919-RTPQD,0,Yes,Yes,7,DSL,No,No,Month-to-month,No,Electronic check,44.75,333.65,0,47.66428571428571,0-1yr
5214-NLTIT,0,Yes,Yes,72,Fiber optic,No,No,Two year,Yes,Credit card,90.8,6511.8,0,90.44166666666666,4-6yr
3345-PBBFH,0,Yes,No,8,DSL,No,No,Month-to-month,Yes,Bank transfer,49.55,393.45,0,49.18125,0-1yr
5055-BRMNE,0,Yes,Yes,67,Fiber optic,Yes,Yes,Two year,No,Credit card,106.7,7009.5,0,104.61940298507463,4-6yr
9189-JWSHV,1,Yes,No,24,Fiber optic,No,No,Month-to-month,Yes,Electronic check,93.55,2264.05,1,94.33541666666667,1-2yr
2190-PHBHR,0,Yes,No,72,Fiber optic,Yes,No,Two year,Yes,Credit card,94.45,6921.7,0,96.13472222222222,4-6yr
2650-GYRYL,0,Yes,Yes,33,No,No,No,One year,Yes,Bank transfer,19.45,600.25,0,18.189393939393938,2-4yr
0746-JTRFU,0,No,No,2,DSL,No,No,Month-to-month,Yes,Electronic check,25.05,56.35,1,28.175,0-1yr
5208-FVQKB,0,Yes,No,70,DSL,Yes,Yes,Two year,No,Mailed check,67.95,4664.15,0,66.63071428571428,4-6yr
7184-LRUUR,0,No,No,22,DSL,No,No,One year,No,Bank transfer,65.25,1441.8,0,65.53636363636363,1-2yr
6627-CFOSN,0,No,No,59,Fiber optic,Yes,No,Month-to-month,Yes,Bank transfer,99.45,5623.7,0,95.31694915254236,4-6yr
3982-JGSFD,0,No,No,36,No,No,No,One year,Yes,Credit card,20.35,695.85,0,19.329166666666666,2-4yr
1574-DYCWE,0,Yes,Yes,51,No,No,No,Two year,No,Mailed check,19.95,1028.75,0,20.17156862745098,4-6yr
7247-XOZPB,0,Yes,No,53,DSL,Yes,Yes,One year,No,Bank transfer,77.4,4155.95,0,78.41415094339622,4-6yr
2466-FCCPT,0,Yes,Yes,20,No,No,No,One year,No,Bank transfer,19.7,395.6,0,19.78,1-2yr
6211-WWLTF,0,Yes,No,63,Fiber optic,Yes,No,Two year,No,Credit card,99.7,6330.4,0,100.48253968253968,4-6yr
4826-TZEVA,0,No,No,40,Fiber optic,No,No,Month-to-month,No,Credit card,74.8,2971.7,0,74.29249999999999,2-4yr
6016-NXBNJ,0,No,No,35,No,No,No,One year,Yes,Mailed check,19.15,638.0,0,18.228571428571428,2-4yr
9138-EFSMO,0,Yes,Yes,26,Fiber optic,No,No,One year,No,Bank transfer,78.95,2034.25,0,78.24038461538461,2-4yr
0576-WNXXC,1,Yes,No,27,Fiber optic,No,No,Month-to-month,Yes,Electronic check,95.55,2510.2,1,92.97037037037036,2-4yr
4632-XJMEX,0,No,Yes,53,DSL,Yes,Yes,One year,No,Credit card,62.85,3419.5,0,64.51886792452831,4-6yr
8910-LEDAG,1,Yes,No,34,Fiber optic,No,No,Month-to-month,No,Credit card,71.55,2427.35,0,71.39264705882353,2-4yr
3452-GWUIN,1,Yes,No,19,Fiber optic,No,No,Month-to-month,Yes,Electronic check,94.95,1760.25,0,92.64473684210526,1-2yr
2716-GFZOR,0,Yes,No,43,Fiber optic,Yes,No,Month-to-month,Yes,Credit card,86.1,3551.65,0,82.59651162790698,2-4yr
3724-UCSHY,0,Yes,Yes,6,No,No,No,Month-to-month,No,Mailed check,19.55,122.9,0,20.483333333333334,0-1yr
8626-XHBIE,0,No,Yes,56,No,No,No,Two year,Yes,Mailed check,24.8,1424.2,0,25.432142857142857,4-6yr
4628-CTTLA,0,No,No,57,DSL,No,No,Month-to-month,Yes,Electronic check,39.3,2111.45,1,37.04298245614035,4-6yr
3192-LNKRK,0,Yes,Yes,34,Fiber optic,No,No,Month-to-month,Yes,Mailed check,84.05,2909.95,0,85.58676470588235,2-4yr
4439-YRNVD,0,No,No,10,DSL,No,Yes,Month-to-month,No,Electronic check,36.25,374.0,0,37.4,0-1yr
2876-VBBBL,0,No,No,1,No,No,No,Month-to-month,Yes,Mailed check,20.25,20.25,1,20.25,0-1yr
6834-NXDCA,0,No,No,13,DSL,No,No,Month-to-month,Yes,Electronic check,23.9,300.8,1,23.138461538461538,1-2yr
2208-UGTGR,0,No,No,56,Fiber optic,No,No,Month-to-month,No,Electronic check,98.6,5581.05,0,99.66160714285715,4-6yr
3005-TYFRD,0,Yes,No,55,Fiber optic,No,No,Month-to-month,Yes,Credit card,103.65,5676.65,0,103.21181818181817,4-6yr
8670-MEFCP,0,Yes,Yes,36,DSL,Yes,Yes,Two year,Yes,Credit card,92.9,3379.25,0,93.86805555555556,2-4yr
3079-BCHLN,0,Yes,No,47,No,No,No,One year,No,Bank transfer,19.9,942.95,0,20.06276595744681,2-4yr
7777-UNYHB,0,Yes,Yes,12,No,No,No,Month-to-month,Yes,Credit card,20.1,232.4,0,19.366666666666667,0-1yr
5597-GLBUC,0,No,No,1,Fiber optic,No,No,Month-to-month,Yes,Electronic check,85.45,85.45,1,85.45,0-1yr
7278-CKDNC,1,No,No,24,Fiber optic,No,No,Month-to-month,Yes,Electronic check,80.5,2088.45,0,87.01875,1-2yr
2748-MYRVK,0,No,No,63,Fiber optic,No,No,One year,No,Bank transfer,99.9,6137.0,1,97.41269841269842,4-6yr
8450-UYIBU,1,No,No,35,DSL,No,No,Month-to-month,Yes,Electronic check,39.85,1434.6,0,40.988571428571426,2-4yr
2969-VAPYH,0,No,No,67,DSL,Yes,Yes,One year,No,Credit card,60.5,3870.0,0,57.76119402985075,4-6yr
4822-YCXMX,0,No,No,25,Fiber optic,No,No,Month-to-month,Yes,Electronic check,84.8,2043.45,1,81.738,2-4yr
7181-OQCUT,0,No,No,21,Fiber optic,Yes,No,Month-to-month,No,Mailed check,103.85,2215.0,0,105.47619047619048,1-2yr
8474-UMLNT,0,No,No,13,DSL,Yes,Yes,Month-to-month,No,Bank transfer,67.8,842.25,0,64.78846153846153,1-2yr
9821-POOTN,0,Yes,No,35,Fiber optic,No,No,Month-to-month,Yes,Electronic check,75.2,2576.2,1,73.60571428571428,2-4yr
3836-FZSDJ,1,Yes,No,71,No,No,No,Two year,No,Bank transfer,24.85,1901.0,0,26.774647887323944,4-6yr
9142-XMYJH,0,No,No,29,No,No,No,Month-to-month,No,Credit card,19.35,601.6,0,20.7448275862069,2-4yr
6559-ILWKJ,0,Yes,No,71,DSL,No,No,Two year,No,Electronic check,49.35,3515.25,1,49.51056338028169,4-6yr
0187-QSXOE,1,Yes,No,7,Fiber optic,No,No,Month-to-month,Yes,Electronic check,89.0,605.45,0,86.49285714285715,0-1yr
7733-UDMTP,1,No,No,57,DSL,No,No,Month-to-month,Yes,Electronic check,55.0,3094.05,0,54.28157894736842,4-6yr
2649-HWLYB,0,Yes,No,65,DSL,Yes,Yes,Two year,No,Bank transfer,76.15,4929.55,0,75.83923076923077,4-6yr
5214-CHIWJ,0,No,No,27,No,No,No,One year,No,Mailed check,20.3,595.05,0,22.038888888888888,2-4yr
4229-CZMLL,0,No,No,6,Fiber optic,No,No,Month-to-month,Yes,Electronic check,74.9,469.8,1,78.3,0-1yr
6904-JLBGY,1,No,No,72,Fiber optic,Yes,Yes,Two year,Yes,Credit card,117.35,8436.25,0,117.17013888888889,4-6yr
2465-BLLEU,0,No,No,1,No,No,No,Month-to-month,Yes,Mailed check,19.75,19.75,0,19.75,0-1yr
1685-VAYJF,0,No,No,11,DSL,No,No,Month-to-month,No,Credit card,45.2,492.0,0,44.72727272727273,0-1yr
8874-EJNSR,0,Yes,Yes,39,No,No,No,Two year,No,Mailed check,25.2,987.95,0,25.33205128205128,2-4yr
6917-YACBP,1,No,No,59,Fiber optic,Yes,No,Month-to-month,Yes,Electronic check,89.75,5496.9,0,93.16779661016949,4-6yr
5049-MUBWG,0,No,No,26,DSL,Yes,Yes,One year,No,Bank transfer,75.0,1908.35,0,73.39807692307691,2-4yr
4223-WOZCM,1,No,No,2,DSL,No,No,Month-to-month,No,Mailed check,49.95,107.1,0,53.55,0-1yr
0769-MURVM,0,Yes,Yes,72,DSL,Yes,Yes,Two year,No,Bank transfer,65.7,4575.35,0,63.54652777777778,4-6yr
9253-VIFJQ,0,Yes,No,65,DSL,Yes,No,One year,No,Credit card,67.05,4309.55,0,66.30076923076923,4-6yr
7030-FZTFM,0,Yes,Yes,72,Fiber optic,No,Yes,Two year,No,Credit card,110.9,7922.75,0,110.03819444444444,4-6yr
9741-YLNTD,0,No,No,6,Fiber optic,No,Yes,Month-to-month,Yes,Bank transfer,87.95,522.35,0,87.05833333333334,0-1yr
5917-RYRMG,1,No,No,32,No,No,No,One year,No,Credit card,19.8,587.7,0,18.365625,2-4yr
5120-ZBLAI,0,Yes,No,50,DSL,No,No,One year,No,Bank transfer,75.7,3876.2,0,77.524,4-6yr
1194-BHJYC,0,Yes,No,61,DSL,Yes,Yes,Two year,Yes,Mailed check,62.15,3778.85,0,61.9483606557377,4-6yr
3663-MITLP,0,No,No,15,Fiber optic,No,No,Month-to-month,Yes,Electronic check,101.25,1457.25,1,97.15,1-2yr
0906-QVPMS,0,Yes,No,72,Fiber optic,Yes,Yes,Two year,No,Bank transfer,115.15,8349.45,0,115.96458333333334,4-6yr
9025-ZRPVR,0,No,No,9,No,No,No,Month-to-month,Yes,Mailed check,18.95,185.6,1,20.62222222222222,0-1yr
1905-OEILC,0,No,No,1,No,No,No,Month-to-month,No,Mailed check,19.5,19.5,0,19.5,0-1yr
7858-GTZSP,0,No,No,12,Fiber optic,No,No,Month-to-month,Yes,Electronic check,86.55,1066.9,0,88.90833333333335,0-1yr
3285-UCQVC,0,No,No,37,DSL,No,Yes,Month-to-month,No,Credit card,28.6,973.55,1,26.31216216216216,2-4yr
6248-BSHKG,0,Yes,Yes,61,No,No,No,One year,No,Mailed check,20.4,1226.45,0,20.105737704918035,4-6yr
4685-TFLLS,0,Yes,Yes,18,No,No,No,One year,No,Bank transfer,19.8,342.3,0,19.016666666666666,1-2yr
3470-BTGQO,0,No,Yes,21,DSL,No,No,Month-to-month,No,Mailed check,45.65,985.05,0,46.90714285714286,1-2yr
1209-VFFOC,0,Yes,Yes,68,DSL,Yes,Yes,Two year,Yes,Mailed check,56.4,3948.45,0,58.065441176470586,4-6yr
8224-DWCKX,1,No,No,12,Fiber optic,No,No,Month-to-month,Yes,Credit card,73.3,828.05,0,69.00416666666666,0-1yr
5482-PLVPE,1,No,No,2,DSL,No,No,Month-to-month,No,Electronic check,24.35,41.85,1,20.925,0-1yr
4553-DVPZG,0,Yes,No,62,Fiber optic,No,No,Month-to-month,Yes,Electronic check,101.35,6164.7,0,99.43064516129031,4-6yr
4902-OHLSK,1,No,No,29,Fiber optic,No,Yes,Month-to-month,No,Electronic check,98.65,2862.75,1,98.71551724137932,2-4yr
6917-IAYHD,0,No,Yes,1,DSL,No,Yes,Month-to-month,No,Mailed check,33.6,33.6,0,33.6,0-1yr
0495-ZBNGW,1,Yes,No,5,Fiber optic,No,No,Month-to-month,Yes,Bank transfer,79.9,343.95,1,68.78999999999999,0-1yr
8620-RJPZN,0,No,No,1,No,No,No,Month-to-month,No,Electronic check,20.7,20.7,0,20.7,0-1yr
7572-KPVKK,0,No,Yes,62,Fiber optic,No,Yes,Two year,Yes,Electronic check,104.05,6590.5,0,106.29838709677419,4-6yr
2642-MAWLJ,0,Yes,Yes,36,No,No,No,Two year,No,Bank transfer,20.25,717.95,0,19.943055555555556,2-4yr
2357-COQEK,1,No,No,28,Fiber optic,No,Yes,Month-to-month,Yes,Electronic check,103.3,2890.65,1,103.2375,2-4yr
7103-ZGVNT,0,Yes,Yes,69,DSL,Yes,Yes,One year,No,Credit card,73.7,4885.85,0,70.80942028985508,4-6yr
3737-GCSPV,0,Yes,No,11,Fiber optic,Yes,Yes,Month-to-month,Yes,Credit card,96.2,1222.05,1,111.09545454545454,0-1yr
2027-WKXMW,0,Yes,No,63,Fiber optic,No,Yes,Month-to-month,Yes,Electronic check,108.75,6871.7,0,109.07460317460317,4-6yr
7137-NAXML,0,No,No,23,No,No,No,One year,No,Bank transfer,20.15,405.6,0,17.63478260869565,1-2yr
2428-ZMCTB,0,No,No,10,No,No,No,Month-to-month,No,Credit card,19.75,208.25,0,20.825,0-1yr
2961-VNFKL,0,Yes,No,71,No,No,No,Two year,Yes,Credit card,25.95,1801.9,0,25.378873239436622,4-6yr
1768-HNVGJ,1,No,No,45,DSL,Yes,Yes,Month-to-month,Yes,Electronic check,70.05,3062.45,0,68.05444444444444,2-4yr
6963-KQYQB,0,Yes,Yes,70,No,No,No,Two year,No,Mailed check,24.05,1764.75,0,25.210714285714285,4-6yr
5934-RMPOV,0,No,Yes,22,Fiber optic,No,No,Month-to-month,Yes,Electronic check,84.75,1816.75,0,82.57954545454545,1-2yr
1207-BLKSA,0,Yes,Yes,52,No,No,No,Two year,No,Mailed check,23.05,1255.1,0,24.13653846153846,4-6yr
4088-YLDSU,0,Yes,No,55,Fiber optic,No,Yes,One year,Yes,Electronic check,104.15,5743.05,1,104.41909090909091,4-6yr
8316-BBQAY,0,No,No,65,DSL,Yes,Yes,Two year,No,Credit card,59.95,3921.1,0,60.324615384615385,4-6yr
1166-PQLGG,0,Yes,Yes,72,No,No,No,Two year,No,Bank transfer,19.55,1463.45,0,20.325694444444444,4-6yr
3146-JTQHR,0,Yes,No,10,No,No,No,One year,No,Bank transfer,19.6,189.45,0,18.945,0-1yr
4291-YZODP,0,No,Yes,7,No,No,No,One year,No,Mailed check,20.05,96.8,0,13.828571428571427,0-1yr
4395-PZMSN,1,No,No,5,Fiber optic,No,No,Month-to-month,Yes,Electronic check,85.55,408.5,0,81.7,0-1yr
6427-FEFIG,0,Yes,Yes,24,DSL,Yes,No,Two year,No,Credit card,78.6,1846.65,0,76.94375000000001,1-2yr
0017-IUDMW,0,Yes,Yes,72,Fiber optic,Yes,Yes,Two year,Yes,Credit card,116.8,8456.75,0,117.45486111111111,4-6yr
8706-HRADD,0,No,No,21,DSL,Yes,Yes,Month-to-month,Yes,Mailed check,43.55,1011.5,0,48.166666666666664,1-2yr
9955-QOPOY,0,Yes,No,69,DSL,No,Yes,One year,Yes,Credit card,60.8,4263.4,0,61.78840579710145,4-6yr
4385-ZKVNW,0,Yes,Yes,44,DSL,No,Yes,Month-to-month,Yes,Bank transfer,54.9,2549.1,0,57.934090909090905,2-4yr
5446-DKWYW,1,Yes,Yes,61,DSL,No,No,One year,Yes,Electronic check,65.2,3965.05,0,65.00081967213114,4-6yr
2034-CGRHZ,1,No,No,24,Fiber optic,No,No,Month-to-month,Yes,Credit card,102.95,2496.7,1,104.02916666666665,1-2yr
5797-APWZC,0,No,No,1,Fiber optic,No,No,Month-to-month,No,Electronic check,90.6,90.6,1,90.6,0-1yr
3683-QKIUE,0,No,No,6,DSL,No,Yes,Month-to-month,Yes,Bank transfer,50.8,288.05,1,48.00833333333333,0-1yr
4228-ZGYUW,0,No,No,4,Fiber optic,No,No,Month-to-month,Yes,Electronic check,90.05,368.1,1,92.025,0-1yr
9031-ZVQPT,0,Yes,No,72,Fiber optic,No,Yes,Two year,Yes,Electronic check,108.2,7840.6,0,108.89722222222223,4-6yr
2990-IAJSV,0,No,No,72,DSL,Yes,Yes,Two year,No,Bank transfer,92.0,6632.75,0,92.12152777777777,4-6yr
8107-KNCIM,1,Yes,No,14,Fiber optic,No,No,Month-to-month,Yes,Electronic check,75.1,1013.35,0,72.38214285714285,1-2yr
9027-YFHQJ,0,No,No,7,No,No,No,Month-to-month,Yes,Bank transfer,25.05,152.95,0,21.849999999999998,0-1yr
5176-LDKUH,0,No,No,48,Fiber optic,No,No,One year,No,Electronic check,75.15,3772.65,0,78.596875,2-4yr
4644-OBGFZ,0,Yes,Yes,55,No,No,No,One year,No,Mailed check,19.5,1026.35,0,18.66090909090909,4-6yr
7926-IJOOU,0,No,No,1,No,No,No,Month-to-month,No,Credit card,19.3,19.3,0,19.3,0-1yr
6480-YAGIY,0,No,No,45,Fiber optic,Yes,Yes,One year,No,Credit card,112.2,5031.85,0,111.81888888888889,2-4yr
4029-HPFVY,0,No,No,3,Fiber optic,No,No,Month-to-month,Yes,Mailed check,70.3,220.4,0,73.46666666666667,0-1yr
7602-DBTOU,0,Yes,No,71,No,No,No,Two year,No,Mailed check,19.6,1416.5,0,19.950704225352112,4-6yr
5345-BMKWB,0,Yes,No,8,No,No,No,Month-to-month,No,Mailed check,20.25,158.35,0,19.79375,0-1yr
3519-ZKXGG,0,Yes,No,3,Fiber optic,No,No,Month-to-month,Yes,Electronic check,75.85,256.6,1,85.53333333333335,0-1yr
5457-COLHT,0,Yes,Yes,69,DSL,Yes,Yes,Two year,No,Bank transfer,80.65,5542.55,0,80.3268115942029,4-6yr
6416-TVAIH,0,Yes,Yes,1,Fiber optic,No,No,Month-to-month,Yes,Electronic check,68.5,68.5,1,68.5,0-1yr
5451-YHYPW,1,Yes,No,72,Fiber optic,Yes,Yes,Two year,Yes,Credit card,115.75,8443.7,0,117.27361111111112,4-6yr
5108-ADXWO,0,No,No,11,Fiber optic,Yes,No,Month-to-month,Yes,Electronic check,73.5,791.75,1,71.97727272727273,0-1yr
7998-WNZEM,0,No,No,71,DSL,Yes,Yes,Two year,No,Bank transfer,80.6,5708.2,0,80.39718309859154,4-6yr
3066-RRJIO,0,No,No,1,Fiber optic,No,No,Month-to-month,Yes,Mailed check,69.95,69.95,1,69.95,0-1yr
4664-NJCMS,0,Yes,No,33,DSL,Yes,Yes,Two year,No,Bank transfer,59.55,2016.3,0,61.1,2-4yr
0307-BCOPK,0,No,No,16,No,No,No,One year,No,Mailed check,19.05,326.65,0,20.415625,1-2yr
7629-WFGLW,1,Yes,No,56,Fiber optic,Yes,Yes,One year,No,Electronic check,95.65,5471.75,0,97.70982142857143,4-6yr
2542-HYGIQ,0,No,No,1,No,No,No,Month-to-month,No,Credit card,19.95,19.95,0,19.95,0-1yr
6715-OFDBP,0,No,No,5,DSL,No,No,Month-to-month,Yes,Electronic check,70.05,346.4,1,69.28,0-1yr
5016-LIPDW,0,Yes,Yes,57,No,No,No,One year,No,Mailed check,19.4,1061.6,0,18.62456140350877,4-6yr
6481-LXPWL,0,Yes,Yes,56,DSL,No,No,One year,Yes,Credit card,36.1,1971.5,0,35.205357142857146,4-6yr
1567-DSCIC,0,No,No,8,Fiber optic,No,No,Month-to-month,Yes,Electronic check,94.0,773.65,1,96.70625,0-1yr
2150-UWTFY,0,Yes,Yes,22,DSL,Yes,No,Month-to-month,No,Mailed check,61.15,1422.05,1,64.63863636363637,1-2yr
6124-ACRHJ,0,No,No,1,No,No,No,Month-to-month,No,Mailed check,19.75,19.75,0,19.75,0-1yr
9362-MWODR,0,No,Yes,40,DSL,Yes,Yes,Month-to-month,Yes,Credit card,64.1,2460.35,0,61.50875,2-4yr
9975-GPKZU,0,Yes,Yes,46,No,No,No,Two year,No,Credit card,19.75,856.5,0,18.619565217391305,2-4yr
9625-RZFUK,0,Yes,Yes,63,No,No,No,Two year,No,Mailed check,19.7,1275.85,0,20.2515873015873,4-6yr
5153-LXKDT,0,Yes,Yes,68,Fiber optic,Yes,No,Two year,Yes,Electronic check,110.2,7467.5,0,109.81617647058823,4-6yr
5161-UBZXI,0,Yes,Yes,69,Fiber optic,Yes,Yes,Two year,Yes,Credit card,106.35,7261.75,0,105.2427536231884,4-6yr
1020-JPQOW,0,Yes,No,56,Fiber optic,No,Yes,Month-to-month,No,Electronic check,90.55,5116.6,0,91.36785714285715,4-6yr
7919-ZODZZ,0,Yes,Yes,10,DSL,No,No,One year,Yes,Mailed check,65.9,660.05,0,66.005,0-1yr
0565-JUPYD,0,No,No,63,Fiber optic,Yes,Yes,One year,No,Credit card,104.5,6590.8,0,104.61587301587302,4-6yr
6867-ACCZI,0,Yes,Yes,24,DSL,Yes,Yes,Two year,Yes,Mailed check,52.5,1208.15,0,50.33958333333334,1-2yr
5939-XAIXZ,0,No,No,19,DSL,No,No,Month-to-month,Yes,Mailed check,56.1,1033.9,0,54.415789473684214,1-2yr
9054-FOWNV,0,Yes,Yes,22,Fiber optic,No,No,Month-to-month,Yes,Electronic check,88.75,1885.15,0,85.68863636363636,1-2yr
2683-BPJSO,0,Yes,No,29,Fiber optic,Yes,No,Month-to-month,Yes,Electronic check,84.45,2467.1,1,85.07241379310345,2-4yr
2157-MXBJS,0,Yes,No,13,DSL,No,No,One year,Yes,Mailed check,75.3,989.45,1,76.11153846153846,1-2yr
8207-VVMYB,0,Yes,No,70,No,No,No,Two year,Yes,Bank transfer,26.0,2006.95,0,28.670714285714286,4-6yr
9732-EQMWY,0,Yes,No,49,Fiber optic,No,No,Month-to-month,No,Electronic check,99.4,5025.0,0,102.55102040816327,4-6yr
9360-AHGNL,1,Yes,No,43,Fiber optic,Yes,Yes,One year,Yes,Mailed check,109.55,4830.25,1,112.3313953488372,2-4yr
1087-UDSIH,0,No,No,3,No,No,No,Month-to-month,Yes,Mailed check,19.6,59.75,1,19.916666666666668,0-1yr
5269-NRGDP,0,Yes,Yes,42,DSL,No,Yes,One year,No,Electronic check,73.15,3088.25,0,73.5297619047619,2-4yr
6195-MELTI,0,No,No,57,DSL,No,Yes,One year,Yes,Mailed check,54.65,3134.7,0,54.99473684210526,4-6yr
5485-WUYWF,1,No,No,2,DSL,Yes,No,Month-to-month,No,Bank transfer,66.4,94.55,1,47.275,0-1yr
2121-JAFOM,0,Yes,No,72,Fiber optic,Yes,Yes,Two year,Yes,Credit card,115.55,8312.4,0,115.44999999999999,4-6yr
8818-DOPVL,1,No,No,46,Fiber optic,No,No,Month-to-month,Yes,Electronic check,104.45,4863.85,0,105.7358695652174,2-4yr
2632-UCGVD,1,Yes,No,66,Fiber optic,No,Yes,Month-to-month,Yes,Credit card,100.05,6871.9,1,104.11969696969696,4-6yr
5445-PZWGX,0,No,No,62,Fiber optic,Yes,Yes,One year,No,Electronic check,102.0,6529.25,1,105.31048387096774,4-6yr
1227-UDMZR,0,Yes,No,72,DSL,Yes,Yes,Two year,Yes,Bank transfer,91.15,6637.9,0,92.19305555555555,4-6yr
5198-HQAEN,0,Yes,Yes,35,Fiber optic,No,Yes,One year,Yes,Electronic check,89.7,3165.6,0,90.44571428571429,2-4yr
9170-CCKOU,0,Yes,No,17,Fiber optic,Yes,No,Month-to-month,No,Credit card,90.2,1454.15,1,85.53823529411765,1-2yr
2167-FQSTQ,0,Yes,No,72,DSL,Yes,Yes,Two year,Yes,Electronic check,92.4,6786.1,0,94.2513888888889,4-6yr
2819-GWENI,0,Yes,Yes,28,No,No,No,One year,No,Mailed check,19.9,543.0,0,19.392857142857142,2-4yr
1043-YCUTE,0,Yes,No,56,No,No,No,Two year,Yes,Credit card,25.15,1327.15,1,23.699107142857144,4-6yr
3814-MLAXC,0,No,No,31,Fiber optic,No,Yes,Month-to-month,Yes,Credit card,79.85,2404.15,1,77.55322580645162,2-4yr
3572-UUHRS,0,No,No,45,No,No,No,One year,No,Bank transfer,18.85,867.3,0,19.273333333333333,2-4yr
2692-PFYTJ,0,No,No,1,No,No,No,Month-to-month,Yes,Mailed check,25.75,25.75,0,25.75,0-1yr
1226-UDFZR,0,No,No,2,DSL,No,No,Month-to-month,Yes,Mailed check,49.6,114.7,1,57.35,0-1yr
5955-EPOAZ,0,No,No,6,No,No,No,Month-to-month,Yes,Mailed check,20.95,109.5,0,18.25,0-1yr
6821-JPCDC,0,Yes,No,48,Fiber optic,No,No,One year,Yes,Electronic check,97.05,4692.95,0,97.76979166666666,2-4yr
8815-LMFLX,0,Yes,Yes,25,No,No,No,Month-to-month,Yes,Bank transfer,25.4,546.85,0,21.874000000000002,2-4yr
9135-HSWOC,0,Yes,Yes,64,No,No,No,Two year,Yes,Bank transfer,19.7,1274.05,0,19.90703125,4-6yr
8582-KRHPJ,0,No,No,50,DSL,Yes,No,Month-to-month,Yes,Mailed check,35.0,1782.4,0,35.648,4-6yr
5811-IWXYM,0,Yes,Yes,52,Fiber optic,No,No,One year,No,Bank transfer,101.25,5301.1,0,101.94423076923077,4-6yr
7044-YAACC,1,Yes,No,4,Fiber optic,No,No,Month-to-month,Yes,Electronic check,70.2,280.35,0,70.0875,0-1yr
8189-XRIKE,1,No,No,32,Fiber optic,No,No,Month-to-month,No,Electronic check,90.95,2897.95,0,90.5609375,2-4yr
1506-YJTYT,0,Yes,Yes,45,DSL,Yes,Yes,Two year,No,Credit card,73.85,3371.0,0,74.91111111111111,2-4yr
4123-DVHPH,0,Yes,No,9,Fiber optic,Yes,No,Month-to-month,Yes,Electronic check,88.05,801.3,0,89.03333333333333,0-1yr
6425-YQLLO,1,Yes,No,66,Fiber optic,No,Yes,One year,Yes,Credit card,105.95,6975.25,1,105.68560606060606,4-6yr
5442-UTCVD,0,No,Yes,3,Fiber optic,No,No,Month-to-month,No,Electronic check,91.85,257.05,1,85.68333333333334,0-1yr
2228-BZDEE,0,No,No,54,No,No,No,Two year,No,Mailed check,20.1,1079.45,0,19.989814814814817,4-6yr
7734-DBOAI,0,Yes,Yes,1,DSL,No,Yes,Month-to-month,No,Electronic check,40.1,40.1,1,40.1,0-1yr
2789-CZANW,0,Yes,Yes,64,Fiber optic,Yes,Yes,Two year,No,Bank transfer,110.3,6997.3,0,109.3328125,4-6yr
2091-RFFBA,1,No,No,31,Fiber optic,No,No,Month-to-month,Yes,Electronic check,73.9,2217.15,1,71.5209677419355,2-4yr
2114-MGINA,0,No,No,14,Fiber optic,No,No,Month-to-month,Yes,Mailed check,89.8,1129.1,1,80.64999999999999,1-2yr
7596-LDUXP,0,No,No,12,Fiber optic,Yes,No,One year,Yes,Credit card,85.15,979.05,0,81.58749999999999,0-1yr
3740-RLMVT,1,Yes,No,67,DSL,Yes,Yes,One year,Yes,Bank transfer,60.95,4119.4,0,61.483582089552236,4-6yr
4489-SNOJF,0,Yes,Yes,35,DSL,Yes,Yes,Month-to-month,No,Electronic check,72.25,2568.55,1,73.38714285714286,2-4yr
2192-OZITF,0,No,No,45,DSL,Yes,Yes,Two year,No,Mailed check,73.55,3349.1,0,74.42444444444445,2-4yr
5651-CPDND,0,No,No,10,DSL,No,No,Month-to-month,No,Mailed check,46.0,492.1,0,49.21,0-1yr
2186-QZEYA,1,No,No,29,DSL,Yes,No,Month-to-month,Yes,Bank transfer,58.55,1718.95,0,59.27413793103448,2-4yr
1131-ALZWV,0,No,No,24,No,No,No,One year,No,Bank transfer,24.6,605.25,0,25.21875,1-2yr
7729-XBTWX,0,Yes,Yes,66,No,No,No,Two year,Yes,Mailed check,19.75,1344.5,0,20.37121212121212,4-6yr
9134-WYRVP,0,No,No,51,Fiber optic,Yes,No,One year,No,Mailed check,86.35,4267.15,0,83.66960784313724,4-6yr
3284-SVCRO,0,Yes,No,45,No,No,No,Two year,No,Mailed check,25.5,1121.05,0,24.912222222222223,2-4yr
9732-OUYRN,0,Yes,No,49,No,No,No,One year,No,Credit card,19.0,918.7,0,18.748979591836736,4-6yr
0559-CKHUS,0,Yes,No,29,No,No,No,Two year,Yes,Mailed check,19.55,521.8,0,17.99310344827586,2-4yr
2931-SVLTV,0,Yes,Yes,40,Fiber optic,Yes,Yes,Month-to-month,Yes,Credit card,110.1,4469.1,0,111.7275,2-4yr
6899-PPEEA,1,No,No,37,Fiber optic,No,No,Month-to-month,Yes,Electronic check,96.55,3580.3,1,96.76486486486488,2-4yr
7504-UWHNB,0,No,No,25,Fiber optic,No,No,Month-to-month,No,Electronic check,69.75,1729.35,0,69.17399999999999,2-4yr
2582-FFFZR,0,No,No,22,DSL,No,No,Month-to-month,Yes,Electronic check,50.6,1073.3,0,48.78636363636363,1-2yr
8908-NMQTX,0,No,No,72,DSL,Yes,Yes,Two year,Yes,Bank transfer,65.6,4566.5,0,63.423611111111114,4-6yr
2187-LZGPL,0,No,No,7,DSL,No,No,Month-to-month,Yes,Credit card,40.1,293.3,1,41.9,0-1yr
1431-AIDJQ,0,Yes,Yes,33,DSL,No,Yes,Two year,No,Credit card,82.1,2603.1,0,78.88181818181818,2-4yr
6288-LBEAR,0,No,No,23,Fiber optic,No,Yes,Month-to-month,Yes,Mailed check,79.1,1783.75,0,77.55434782608695,1-2yr
4597-NUCQV,1,No,No,24,Fiber optic,No,No,Month-to-month,Yes,Electronic check,101.25,2440.15,1,101.67291666666667,1-2yr
9019-QVLZD,0,No,No,1,Fiber optic,No,No,Month-to-month,No,Electronic check,79.55,79.55,1,79.55,0-1yr
8413-YNHNV,0,No,No,69,DSL,Yes,Yes,Two year,No,Mailed check,90.65,6322.1,0,91.62463768115943,4-6yr
5808-TOTXO,0,No,Yes,3,No,No,No,One year,Yes,Credit card,20.55,57.4,0,19.133333333333333,0-1yr
4369-NYSCF,0,No,No,56,DSL,No,Yes,One year,Yes,Bank transfer,75.75,4284.65,0,76.51160714285713,4-6yr
6333-YDVLT,0,No,No,65,Fiber optic,Yes,Yes,One year,Yes,Credit card,110.0,7138.65,0,109.8253846153846,4-6yr
5324-KTGCG,0,Yes,No,71,No,No,No,One year,No,Electronic check,20.85,1539.75,0,21.68661971830986,4-6yr
5599-HVLTW,1,No,No,14,Fiber optic,No,No,Month-to-month,Yes,Bank transfer,80.35,1058.1,0,75.57857142857142,1-2yr
7394-LWLYN,0,No,No,2,Fiber optic,No,No,Month-to-month,Yes,Electronic check,70.15,123.8,0,61.9,0-1yr
3707-LRWZD,0,No,No,32,Fiber optic,No,No,One year,No,Electronic check,84.05,2781.85,1,86.9328125,2-4yr
6873-UDNLD,0,No,No,40,DSL,Yes,No,Month-to-month,No,Electronic check,67.45,2731.0,0,68.275,2-4yr
2700-LUEVA,0,No,No,1,No,No,No,Month-to-month,No,Credit card,20.75,20.75,0,20.75,0-1yr
1455-ESIQH,0,No,No,1,Fiber optic,No,No,Month-to-month,Yes,Electronic check,89.1,89.1,1,89.1,0-1yr
0958-YHXGP,0,No,No,7,Fiber optic,No,No,Month-to-month,Yes,Mailed check,69.9,497.3,0,71.04285714285714,0-1yr
1101-SSWAG,0,Yes,No,15,DSL,No,No,Month-to-month,Yes,Electronic check,51.1,711.15,0,47.41,1-2yr
2979-SXESE,0,Yes,Yes,17,Fiber optic,Yes,No,Month-to-month,No,Electronic check,94.4,1607.2,1,94.54117647058824,1-2yr
4013-TLDHQ,0,No,No,19,Fiber optic,No,No,Month-to-month,Yes,Electronic check,78.25,1490.95,1,78.47105263157896,1-2yr
5743-KHMNA,0,No,No,71,No,No,No,Two year,No,Bank transfer,25.55,1898.1,0,26.733802816901406,4-6yr
4194-FJARJ,0,Yes,Yes,54,DSL,Yes,Yes,Two year,No,Bank transfer,60.0,3273.95,0,60.6287037037037,4-6yr
5325-UWTWJ,0,Yes,No,31,Fiber optic,Yes,Yes,Month-to-month,Yes,Credit card,90.55,2929.75,0,94.50806451612904,2-4yr
3969-GYXEL,0,No,No,11,Fiber optic,Yes,No,Month-to-month,No,Electronic check,76.4,838.7,0,76.24545454545455,0-1yr
9208-OLGAQ,1,No,No,18,Fiber optic,No,No,Month-to-month,Yes,Electronic check,84.95,1443.65,0,80.20277777777778,1-2yr
3244-CQPHU,1,No,No,72,Fiber optic,Yes,Yes,Two year,Yes,Bank transfer,110.1,7746.7,0,107.59305555555555,4-6yr
2674-MLXMN,1,No,No,71,Fiber optic,No,No,Month-to-month,Yes,Credit card,99.65,6951.15,0,97.90352112676055,4-6yr
9708-HPXWZ,1,No,No,5,DSL,No,Yes,Month-to-month,No,Credit card,45.4,214.75,0,42.95,0-1yr
6992-TKNYO,0,Yes,No,38,DSL,No,Yes,One year,No,Credit card,69.0,2669.45,0,70.2486842105263,2-4yr
4468-YDOVK,0,No,Yes,5,DSL,No,Yes,Month-to-month,Yes,Bank transfer,48.65,235.2,0,47.04,0-1yr
3754-DXMRT,1,No,No,2,DSL,No,No,Month-to-month,Yes,Electronic check,44.15,92.65,1,46.325,0-1yr
5792-JALQC,1,No,No,52,DSL,Yes,No,Two year,No,Bank transfer,59.85,3103.25,0,59.67788461538461,4-6yr
7130-VTEWQ,1,No,No,8,Fiber optic,No,No,Month-to-month,Yes,Electronic check,75.75,606.25,1,75.78125,0-1yr
2200-DSAAL,0,No,No,68,DSL,No,No,Two year,Yes,Electronic check,80.65,5330.2,0,78.38529411764705,4-6yr
4302-ZYFEL,0,Yes,Yes,69,No,No,No,One year,Yes,Credit card,20.55,1403.1,0,20.33478260869565,4-6yr
9351-LZYGF,0,Yes,No,42,DSL,Yes,Yes,Month-to-month,Yes,Credit card,66.4,2727.8,0,64.94761904761906,2-4yr
4366-CTOUZ,0,No,No,50,Fiber optic,No,Yes,Two year,Yes,Mailed check,100.2,5038.45,0,100.76899999999999,4-6yr
6121-VZNQB,0,No,No,1,No,No,No,Month-to-month,Yes,Mailed check,19.1,19.1,1,19.1,0-1yr
7903-CMPEY,1,Yes,No,1,Fiber optic,Yes,No,Month-to-month,Yes,Electronic check,80.3,80.3,1,80.3,0-1yr
1518-OMDIK,0,Yes,No,33,DSL,No,No,Month-to-month,Yes,Credit card,44.55,1462.6,0,44.32121212121212,2-4yr
6671-NGWON,0,No,No,7,No,No,No,Month-to-month,No,Mailed check,20.35,150.6,0,21.514285714285712,0-1yr
0595-ITUDF,0,Yes,Yes,64,Fiber optic,Yes,No,Month-to-month,Yes,Electronic check,91.8,5960.5,0,93.1328125,4-6yr
6996-KNSML,0,No,No,1,Fiber optic,No,No,Month-to-month,Yes,Electronic check,74.9,74.9,1,74.9,0-1yr
1955-IBMMB,0,No,No,59,No,No,No,Two year,Yes,Bank transfer,20.2,1192.3,0,20.208474576271186,4-6yr
0096-BXERS,0,Yes,No,6,DSL,No,No,Month-to-month,No,Electronic check,50.35,314.55,0,52.425000000000004,0-1yr
3806-YAZOV,0,No,No,3,No,No,No,Month-to-month,No,Mailed check,18.8,56.0,0,18.666666666666668,0-1yr
7998-ZLXWN,0,Yes,No,15,No,No,No,Month-to-month,No,Credit card,20.45,330.8,0,22.053333333333335,1-2yr
6253-WRFHY,0,Yes,Yes,13,DSL,No,No,One year,Yes,Electronic check,64.75,877.35,0,67.48846153846154,1-2yr
9133-AYJZG,0,No,No,23,Fiber optic,No,No,Month-to-month,Yes,Credit card,98.7,2249.1,0,97.78695652173913,1-2yr
2675-OTVVJ,1,Yes,No,31,Fiber optic,Yes,No,Month-to-month,No,Electronic check,89.45,2807.65,0,90.56935483870969,2-4yr
8680-CGLTP,0,No,No,29,DSL,Yes,Yes,One year,Yes,Electronic check,58.75,1696.2,0,58.4896551724138,2-4yr
8430-TWCBX,0,Yes,No,49,No,No,No,One year,No,Credit card,20.7,1032.05,0,21.062244897959182,4-6yr
5018-GWURO,0,Yes,No,56,Fiber optic,No,No,Month-to-month,Yes,Bank transfer,85.6,4902.8,0,87.55,4-6yr
6741-QRLUP,0,No,No,63,DSL,Yes,Yes,Two year,Yes,Credit card,80.3,4995.35,0,79.29126984126985,4-6yr
4737-HOBAX,0,Yes,No,63,DSL,No,Yes,Two year,No,Credit card,79.8,5034.05,0,79.90555555555555,4-6yr
0537-QYZZN,1,Yes,Yes,24,Fiber optic,Yes,No,Month-to-month,Yes,Electronic check,79.85,1857.75,0,77.40625,1-2yr
3340-QBBFM,1,Yes,No,36,DSL,No,Yes,One year,No,Credit card,54.1,1992.85,0,55.356944444444444,2-4yr
1704-NRWYE,1,No,No,9,Fiber optic,No,No,Month-to-month,Yes,Electronic check,80.85,751.65,1,83.51666666666667,0-1yr
2592-SEIFQ,0,No,No,3,DSL,No,No,Month-to-month,No,Electronic check,24.75,66.95,1,22.316666666666666,0-1yr
8200-KLNYW,0,Yes,No,21,DSL,Yes,Yes,One year,No,Mailed check,80.9,1714.95,0,81.66428571428571,1-2yr
3372-CDXFJ,0,Yes,Yes,13,No,No,No,One year,No,Bank transfer,24.5,343.6,0,26.430769230769233,1-2yr
4781-ZXYGU,0,Yes,Yes,1,No,No,No,Month-to-month,Yes,Bank transfer,20.15,20.15,0,20.15,0-1yr
7632-YUTXB,0,Yes,Yes,25,No,No,No,One year,No,Mailed check,20.05,520.1,0,20.804000000000002,2-4yr
2718-YSKCS,0,Yes,Yes,71,No,No,No,Two year,Yes,Bank transfer,19.6,1387.45,0,19.541549295774647,4-6yr
9896-UYMIE,0,No,No,66,Fiber optic,Yes,Yes,One year,Yes,Bank transfer,114.3,7383.7,0,111.87424242424242,4-6yr
0853-NWIFK,0,No,No,45,Fiber optic,Yes,No,One year,Yes,Electronic check,100.3,4483.95,0,99.64333333333333,2-4yr
8212-CRQXP,0,Yes,No,22,Fiber optic,No,No,Month-to-month,Yes,Credit card,80.0,1706.45,0,77.56590909090909,1-2yr
6980-CDGFC,0,Yes,No,67,No,No,No,One year,Yes,Bank transfer,20.85,1327.4,0,19.811940298507466,4-6yr
7691-XVTZH,0,Yes,No,68,Fiber optic,No,No,Two year,Yes,Bank transfer,89.95,5974.3,0,87.85735294117647,4-6yr
2520-SGTTA,0,Yes,Yes,0,No,No,No,Two year,No,Mailed check,20.0,0.0,0,0.0,
7481-ATQQS,1,No,No,49,Fiber optic,No,No,Month-to-month,Yes,Credit card,90.85,4515.85,1,92.16020408163266,4-6yr
2277-VWCNI,1,No,No,4,DSL,No,No,Month-to-month,No,Mailed check,48.75,179.85,0,44.9625,0-1yr
1088-CNNKB,0,Yes,No,63,DSL,Yes,Yes,One year,No,Credit card,80.0,5040.2,0,80.0031746031746,4-6yr
8642-GVWRF,0,Yes,No,2,Fiber optic,No,No,Month-to-month,No,Bank transfer,79.7,165.0,1,82.5,0-1yr
1930-BZLHI,0,No,No,21,No,No,No,One year,Yes,Mailed check,20.35,422.7,0,20.128571428571426,1-2yr
3400-ESFUW,0,Yes,Yes,55,DSL,Yes,Yes,Two year,No,Bank transfer,57.55,3046.4,1,55.38909090909091,4-6yr
5868-YTYKS,0,No,Yes,1,No,No,No,Month-to-month,Yes,Mailed check,20.25,20.25,0,20.25,0-1yr
3525-DVKFN,0,No,No,17,No,No,No,Two year,No,Mailed check,19.4,358.05,0,21.061764705882354,1-2yr
1482-OXZSY,0,No,No,30,Fiber optic,Yes,No,Month-to-month,Yes,Bank transfer,100.4,2936.25,0,97.875,2-4yr
0377-JBKKT,0,Yes,Yes,22,DSL,Yes,Yes,Month-to-month,Yes,Mailed check,57.95,1271.8,0,57.809090909090905,1-2yr
5778-BVOFB,0,No,No,9,DSL,No,Yes,Month-to-month,Yes,Bank transfer,59.5,530.05,0,58.89444444444444,0-1yr
3373-YZZYM,0,Yes,Yes,1,No,No,No,Month-to-month,No,Mailed check,19.2,19.2,0,19.2,0-1yr
2057-ZBLPD,0,Yes,No,21,Fiber optic,No,No,Month-to-month,Yes,Electronic check,86.5,1808.7,1,86.12857142857143,1-2yr
0228-MAUWC,0,No,No,19,DSL,No,Yes,Month-to-month,No,Electronic check,59.55,1144.6,0,60.24210526315789,1-2yr
5502-RLUYV,0,Yes,Yes,69,Fiber optic,No,No,Month-to-month,Yes,Electronic check,103.95,7446.9,1,107.92608695652173,4-6yr
0023-HGHWL,1,No,No,1,DSL,No,No,Month-to-month,Yes,Electronic check,25.1,25.1,1,25.1,0-1yr
7663-YJHSN,0,Yes,No,72,Fiber optic,Yes,Yes,Two year,Yes,Bank transfer,103.95,7556.9,0,104.95694444444445,4-6yr
4915-BFSXL,0,Yes,Yes,70,DSL,Yes,No,Two year,No,Credit card,68.95,4858.7,0,69.41,4-6yr
3086-RUCRN,0,No,No,66,Fiber optic,Yes,Yes,Month-to-month,Yes,Bank transfer,103.1,6595.0,0,99.92424242424242,4-6yr
5215-LNLDJ,0,Yes,Yes,7,DSL,No,No,Month-to-month,Yes,Electronic check,24.7,149.05,0,21.292857142857144,0-1yr
7576-JMYWV,1,Yes,Yes,46,Fiber optic,Yes,Yes,Month-to-month,Yes,Electronic check,110.2,4972.1,0,108.08913043478262,2-4yr
9039-RBEEE,0,No,No,39,DSL,Yes,Yes,Month-to-month,Yes,Credit card,48.95,1880.85,1,48.22692307692307,2-4yr
0257-KXZGU,0,Yes,Yes,32,DSL,No,No,Month-to-month,No,Bank transfer,62.45,2045.55,0,63.9234375,2-4yr
1307-ATKGB,0,No,No,24,Fiber optic,No,No,Month-to-month,Yes,Electronic check,89.55,2187.15,0,91.13125000000001,1-2yr
8417-FMLZI,0,Yes,Yes,6,Fiber optic,No,No,Month-to-month,Yes,Credit card,83.55,477.55,1,79.59166666666667,0-1yr
3714-XPXBW,0,No,No,37,DSL,Yes,Yes,Month-to-month,Yes,Credit card,78.9,2976.95,0,80.4581081081081,2-4yr
1850-AKQEP,0,No,Yes,8,No,No,No,Month-to-month,No,Mailed check,20.35,178.7,0,22.3375,0-1yr
2824-DXNKN,0,Yes,Yes,72,DSL,Yes,No,Two year,Yes,Bank transfer,71.45,5025.85,0,69.80347222222223,4-6yr
5227-JSCFE,1,Yes,No,71,DSL,Yes,Yes,Two year,No,Credit card,46.35,3353.4,0,47.23098591549296,4-6yr
0848-ZGQIJ,0,Yes,No,16,Fiber optic,No,No,Month-to-month,Yes,Bank transfer,94.65,1461.15,0,91.321875,1-2yr
3621-CHYVB,0,Yes,No,57,DSL,Yes,Yes,Month-to-month,Yes,Bank transfer,49.9,2782.4,0,48.8140350877193,4-6yr
8042-RNLKO,0,No,No,66,No,No,No,One year,No,Bank transfer,25.45,1699.15,0,25.74469696969697,4-6yr
1792-UXAFY,1,No,No,17,Fiber optic,No,No,Month-to-month,Yes,Electronic check,89.15,1496.9,1,88.0529411764706,1-2yr
5372-FBKBN,0,No,Yes,21,No,No,No,Month-to-month,No,Mailed check,20.75,452.2,0,21.53333333333333,1-2yr
0420-TXVSG,0,Yes,No,66,DSL,Yes,No,Two year,Yes,Credit card,66.1,4428.45,0,67.09772727272727,4-6yr
6217-TOWGS,0,Yes,No,17,DSL,No,No,Month-to-month,Yes,Bank transfer,75.4,1322.55,0,77.79705882352941,1-2yr
0515-YPMCW,0,No,Yes,1,Fiber optic,No,No,Month-to-month,Yes,Mailed check,70.45,70.45,1,70.45,0-1yr
0378-XSZPU,0,Yes,No,58,DSL,Yes,No,One year,No,Credit card,60.3,3563.8,1,61.4448275862069,4-6yr
1045-LTCYT,0,Yes,Yes,8,No,No,No,Month-to-month,No,Credit card,21.05,139.75,0,17.46875,0-1yr
1544-JJMYL,0,No,No,27,DSL,Yes,Yes,One year,No,Credit card,69.35,1927.3,0,71.38148148148149,2-4yr
4636-JGAAI,0,Yes,No,34,Fiber optic,No,No,Month-to-month,No,Mailed check,88.85,3000.25,0,88.24264705882354,2-4yr
6874-SGLHU,0,No,No,30,Fiber optic,No,No,One year,Yes,Bank transfer,97.0,3021.3,0,100.71000000000001,2-4yr
5951-AOFIH,0,No,No,33,DSL,No,No,Month-to-month,Yes,Credit card,66.4,2245.4,0,68.04242424242425,2-4yr
4729-XKASR,0,No,Yes,1,DSL,No,No,Month-to-month,No,Electronic check,24.75,24.75,1,24.75,0-1yr
3059-NGMXB,0,Yes,Yes,14,DSL,Yes,No,Month-to-month,No,Mailed check,69.2,944.65,0,67.475,1-2yr
8652-YHIYU,0,No,Yes,16,Fiber optic,No,Yes,One year,Yes,Credit card,79.5,1264.2,0,79.0125,1-2yr
5278-PNYOX,0,No,No,49,Fiber optic,No,Yes,Two year,No,Credit card,100.65,4917.75,0,100.36224489795919,4-6yr
5449-FIBXJ,0,Yes,Yes,19,Fiber optic,No,Yes,Month-to-month,No,Electronic check,103.3,2012.7,1,105.93157894736842,1-2yr
3486-HOOGQ,0,Yes,Yes,70,DSL,Yes,Yes,Two year,No,Bank transfer,79.7,5743.3,0,82.04714285714286,4-6yr
5061-PBXFW,0,Yes,Yes,32,DSL,Yes,Yes,Month-to-month,No,Bank transfer,61.4,1864.65,0,58.2703125,2-4yr
8630-FJLIB,0,No,No,18,Fiber optic,No,No,Month-to-month,Yes,Electronic check,69.8,1221.65,0,67.86944444444445,1-2yr
3891-NLXJB,0,No,No,37,DSL,Yes,Yes,Two year,Yes,Mailed check,40.55,1390.85,0,37.59054054054054,2-4yr
4749-OJKQU,0,No,No,4,Fiber optic,No,No,Month-to-month,Yes,Electronic check,75.65,302.35,0,75.5875,0-1yr
0577-WHMEV,0,Yes,No,16,Fiber optic,Yes,No,Month-to-month,No,Electronic check,90.7,1374.9,0,85.93125,1-2yr
5453-AXEPF,0,Yes,No,17,Fiber optic,No,No,Month-to-month,Yes,Bank transfer,80.5,1336.9,0,78.64117647058823,1-2yr
3639-XJHKQ,0,No,Yes,19,DSL,Yes,No,Month-to-month,Yes,Electronic check,60.6,1297.8,0,68.30526315789473,1-2yr
3716-LRGXK,0,Yes,No,60,Fiber optic,No,No,Two year,No,Credit card,101.15,6067.4,0,101.12333333333332,4-6yr
2263-SFSQZ,0,Yes,Yes,51,No,No,No,Two year,Yes,Mailed check,24.95,1222.25,0,23.965686274509803,4-6yr
9950-MTGYX,0,Yes,Yes,28,No,No,No,Two year,Yes,Credit card,20.3,487.95,0,17.426785714285714,2-4yr
3397-AVTKU,0,No,No,43,DSL,No,No,Two year,Yes,Electronic check,60.0,2548.55,0,59.268604651162796,2-4yr
4825-FUREZ,0,Yes,No,42,No,No,No,Two year,No,Electronic check,20.25,835.5,0,19.892857142857142,2-4yr
9837-BMCLM,0,No,No,3,Fiber optic,No,No,Month-to-month,Yes,Electronic check,78.5,242.05,1,80.68333333333334,0-1yr
2672-OJQZP,0,No,No,1,DSL,No,No,Month-to-month,No,Mailed check,44.75,44.75,0,44.75,0-1yr
0137-UDEUO,0,No,No,3,No,No,No,Month-to-month,No,Mailed check,19.85,63.75,1,21.25,0-1yr
3134-DSHVC,0,No,No,63,Fiber optic,Yes,No,Two year,No,Credit card,98.0,6218.45,0,98.70555555555555,4-6yr
6161-UUUTA,1,No,No,3,Fiber optic,No,No,Month-to-month,Yes,Electronic check,79.9,260.9,1,86.96666666666665,0-1yr
7821-DPRQE,0,Yes,No,68,Fiber optic,Yes,Yes,Month-to-month,Yes,Electronic check,107.7,7320.9,0,107.66029411764706,4-6yr
6543-XRMYR,1,No,No,30,Fiber optic,No,No,Month-to-month,Yes,Electronic check,99.7,2967.35,1,98.91166666666666,2-4yr
2001-EWBQU,0,No,No,60,Fiber optic,No,No,Two year,No,Electronic check,104.7,6333.8,0,105.56333333333333,4-6yr
4925-LMHOK,0,No,No,15,DSL,No,Yes,Month-to-month,Yes,Credit card,58.6,939.7,1,62.64666666666667,1-2yr
1608-GMEWB,1,No,No,45,Fiber optic,No,No,Month-to-month,Yes,Bank transfer,93.9,4200.25,0,93.33888888888889,2-4yr
6695-AMZUF,0,Yes,No,70,DSL,Yes,Yes,Two year,No,Credit card,86.45,5950.2,0,85.00285714285714,4-6yr
1455-UGQVH,0,Yes,No,10,Fiber optic,No,No,Month-to-month,Yes,Electronic check,98.5,1037.75,1,103.775,0-1yr
8410-BGQXN,0,No,No,4,No,No,No,Month-to-month,No,Mailed check,19.4,93.4,0,23.35,0-1yr
8280-MQRQN,0,No,No,1,DSL,No,No,Month-to-month,Yes,Mailed check,50.45,50.45,1,50.45,0-1yr
1619-YWUBB,0,Yes,No,68,No,No,No,Two year,Yes,Credit card,24.95,1614.9,0,23.748529411764707,4-6yr
7611-YKYTC,0,Yes,Yes,22,Fiber optic,Yes,No,Month-to-month,No,Bank transfer,75.0,1573.95,0,71.54318181818182,1-2yr
2037-SGXHH,0,Yes,Yes,38,Fiber optic,No,No,Month-to-month,Yes,Electronic check,94.65,3624.3,1,95.3763157894737,2-4yr
3178-FESZO,0,No,No,1,Fiber optic,No,No,Month-to-month,Yes,Credit card,100.25,100.25,1,100.25,0-1yr
0365-GXEZS,0,Yes,No,18,Fiber optic,No,Yes,Month-to-month,No,Electronic check,78.2,1468.75,0,81.59722222222223,1-2yr
0082-OQIQY,0,No,No,29,Fiber optic,No,Yes,Month-to-month,Yes,Electronic check,94.2,2607.6,0,89.91724137931034,2-4yr
6087-MVHJH,0,No,No,16,Fiber optic,No,No,Month-to-month,Yes,Electronic check,88.45,1422.1,1,88.88125,1-2yr
4603-JANFB,0,No,No,1,Fiber optic,No,No,Month-to-month,Yes,Electronic check,69.85,69.85,1,69.85,0-1yr
3018-TFTSU,0,No,No,12,Fiber optic,Yes,No,Month-to-month,No,Bank transfer,81.7,858.6,1,71.55,0-1yr
3606-SBKRY,0,No,No,31,DSL,No,No,One year,Yes,Electronic check,50.05,1523.4,0,49.141935483870974,2-4yr
4806-KEXQR,0,No,No,4,Fiber optic,No,No,Month-to-month,Yes,Electronic check,79.9,324.3,1,81.075,0-1yr
0667-NSRGI,0,Yes,No,48,DSL,No,Yes,One year,Yes,Mailed check,69.55,3435.6,0,71.575,2-4yr
7083-YNSKY,0,No,No,15,No,No,No,Month-to-month,Yes,Credit card,25.4,399.6,1,26.64,1-2yr
6893-ODYYE,0,No,No,50,Fiber optic,Yes,Yes,One year,Yes,Credit card,90.1,4549.45,0,90.98899999999999,4-6yr
8242-JSVBO,0,No,No,7,DSL,No,No,Month-to-month,Yes,Bank transfer,44.65,322.5,0,46.07142857142857,0-1yr
2479-BRAMR,1,Yes,No,41,Fiber optic,Yes,No,Month-to-month,Yes,Bank transfer,83.75,3273.55,1,79.84268292682927,2-4yr
9541-ZPSEA,0,Yes,Yes,68,Fiber optic,Yes,No,Two year,No,Credit card,80.35,5375.15,0,79.04632352941177,4-6yr
2665-NPTGL,1,Yes,No,26,Fiber optic,No,No,Month-to-month,Yes,Bank transfer,98.1,2510.7,0,96.5653846153846,2-4yr
1139-WUOAH,0,No,No,57,DSL,No,Yes,Two year,No,Credit card,53.35,3090.05,0,54.21140350877193,4-6yr
4693-VWVBO,0,No,No,3,No,No,No,Month-to-month,No,Electronic check,19.55,61.05,0,20.349999999999998,0-1yr
7434-SHXLS,0,No,No,1,No,No,No,Month-to-month,No,Mailed check,20.9,20.9,1,20.9,0-1yr
6937-GCDGQ,0,Yes,Yes,19,DSL,Yes,No,One year,Yes,Bank transfer,48.95,955.6,0,50.294736842105266,1-2yr
0988-JRWWP,0,No,No,3,DSL,No,No,Month-to-month,Yes,Electronic check,54.2,140.4,0,46.800000000000004,0-1yr
5075-JSDKI,0,No,No,59,No,No,No,Two year,No,Electronic check,24.45,1493.1,0,25.306779661016947,4-6yr
7908-QCBCA,0,Yes,No,1,Fiber optic,No,No,Month-to-month,Yes,Mailed check,69.4,69.4,1,69.4,0-1yr
8644-XYTSV,0,Yes,No,42,DSL,Yes,No,Month-to-month,Yes,Bank transfer,40.15,1626.05,0,38.71547619047619,2-4yr
6711-FLDFB,0,No,No,7,Fiber optic,No,No,Month-to-month,Yes,Electronic check,74.9,541.15,1,77.30714285714285,0-1yr
3873-WOSBC,0,Yes,No,67,No,No,No,Two year,No,Credit card,25.6,1784.9,0,26.64029850746269,4-6yr
7465-ZZRVX,0,No,No,1,Fiber optic,No,No,Month-to-month,Yes,Electronic check,70.35,70.35,0,70.35,0-1yr
7975-JMZNT,0,Yes,No,66,DSL,Yes,Yes,Two year,No,Bank transfer,91.7,6075.9,0,92.0590909090909,4-6yr
7251-XFOIL,0,No,No,61,Fiber optic,No,No,Month-to-month,No,Mailed check,89.2,5500.6,0,90.17377049180328,4-6yr
4116-IQRFR,0,Yes,Yes,4,No,No,No,One year,No,Credit card,24.1,73.1,0,18.275,0-1yr
3714-JTVOV,1,Yes,No,42,Fiber optic,Yes,No,Month-to-month,Yes,Credit card,74.15,3229.4,1,76.89047619047619,2-4yr
8259-DZLIZ,0,Yes,Yes,64,DSL,No,No,One year,Yes,Bank transfer,53.85,3399.85,0,53.12265625,4-6yr
0442-ZXKVS,1,Yes,No,54,Fiber optic,Yes,Yes,One year,Yes,Bank transfer,115.6,6431.05,0,119.09351851851852,4-6yr
7853-WNZSY,0,No,No,1,No,No,No,Month-to-month,Yes,Credit card,19.75,19.75,0,19.75,0-1yr
3120-FAZKD,0,Yes,Yes,54,No,No,No,Two year,Yes,Bank transfer,24.05,1230.9,0,22.794444444444448,4-6yr
8606-OEGQZ,0,No,Yes,18,No,No,No,Two year,No,Credit card,25.3,454.65,0,25.258333333333333,1-2yr
0225-ZORZP,0,No,No,3,Fiber optic,No,No,Month-to-month,No,Electronic check,84.3,235.05,0,78.35000000000001,0-1yr
4702-IOQDC,0,No,No,1,Fiber optic,No,No,Month-to-month,Yes,Electronic check,70.1,70.1,1,70.1,0-1yr
9489-JMTTN,0,Yes,Yes,72,DSL,Yes,Yes,Two year,No,Credit card,89.75,6595.9,0,91.60972222222222,4-6yr
0575-CUQOV,1,Yes,No,60,Fiber optic,No,No,One year,Yes,Electronic check,97.95,5867.0,0,97.78333333333333,4-6yr
0967-BMLBD,0,Yes,Yes,11,No,No,No,One year,Yes,Mailed check,20.0,196.35,0,17.849999999999998,0-1yr
6178-KFNHS,0,No,Yes,12,Fiber optic,Yes,No,Month-to-month,Yes,Electronic check,78.3,909.25,1,75.77083333333333,0-1yr
2830-LEWOA,0,Yes,Yes,61,Fiber optic,No,Yes,One year,No,Credit card,103.9,6449.15,0,105.72377049180328,4-6yr
5006-MXVRN,0,No,No,39,No,No,No,Two year,No,Credit card,20.7,762.45,0,19.55,2-4yr
1264-BYWMS,0,No,No,55,Fiber optic,No,No,Month-to-month,Yes,Electronic check,96.8,5283.95,1,96.07181818181817,4-6yr
9658-WYUFB,0,No,No,17,Fiber optic,Yes,No,Month-to-month,Yes,Electronic check,94.4,1617.5,1,95.1470588235294,1-2yr
8327-WKMIE,0,No,No,37,No,No,No,One year,No,Credit card,20.15,785.75,0,21.236486486486488,2-4yr
6917-FIJHC,0,Yes,No,72,No,No,No,Two year,Yes,Mailed check,26.0,1776.0,0,24.666666666666668,4-6yr
5329-KRDTM,1,Yes,No,72,DSL,No,Yes,Two year,No,Credit card,77.35,5396.25,0,74.94791666666667,4-6yr
7797-EJMDP,0,No,No,8,DSL,Yes,Yes,Month-to-month,No,Bank transfer,66.05,574.5,0,71.8125,0-1yr
3530-VWVGU,0,Yes,Yes,22,No,No,No,Month-to-month,No,Mailed check,19.9,400.3,0,18.195454545454545,1-2yr
2013-SGDXK,0,No,No,1,Fiber optic,No,No,Month-to-month,No,Electronic check,84.3,84.3,1,84.3,0-1yr
6368-NWMCE,0,No,No,38,DSL,No,Yes,Month-to-month,No,Credit card,68.15,2656.3,0,69.90263157894738,2-4yr
3633-CDBUW,0,No,Yes,17,DSL,No,Yes,One year,No,Electronic check,80.85,1445.95,0,85.05588235294118,1-2yr
0707-HOVVN,1,No,No,70,DSL,No,Yes,Two year,Yes,Bank transfer,75.5,5212.65,0,74.46642857142857,4-6yr
8580-QVLOC,1,Yes,Yes,72,DSL,Yes,Yes,Two year,No,Credit card,92.45,6440.25,1,89.44791666666667,4-6yr
3956-MGXOG,0,No,No,28,Fiber optic,No,No,Month-to-month,Yes,Electronic check,80.6,2244.95,0,80.17678571428571,2-4yr
9274-UARKJ,0,No,No,15,Fiber optic,No,No,Month-to-month,Yes,Bank transfer,83.2,1130.0,0,75.33333333333333,1-2yr
4077-HWUYD,0,Yes,Yes,72,DSL,Yes,Yes,Two year,Yes,Bank transfer,87.55,6463.15,0,89.76597222222222,4-6yr
2012-NWRPA,1,Yes,No,11,Fiber optic,No,No,Month-to-month,Yes,Electronic check,99.55,1131.2,1,102.83636363636364,0-1yr
8808-ELEHO,1,No,No,8,Fiber optic,No,No,Month-to-month,Yes,Electronic check,81.25,585.95,1,73.24375,0-1yr
0103-CSITQ,0,Yes,No,57,Fiber optic,No,Yes,One year,Yes,Bank transfer,109.4,6252.7,0,109.69649122807017,4-6yr
3506-LCJDC,0,Yes,Yes,1,No,No,No,Month-to-month,No,Bank transfer,19.95,19.95,1,19.95,0-1yr
8671-KKKOS,0,Yes,No,46,DSL,Yes,No,Month-to-month,No,Electronic check,45.55,2062.15,0,44.82934782608696,2-4yr
7305-ZWMAJ,0,Yes,No,30,No,No,No,One year,No,Credit card,20.7,587.1,0,19.57,2-4yr
9518-XXBXE,1,Yes,No,10,Fiber optic,Yes,No,Month-to-month,No,Electronic check,75.3,720.45,0,72.045,0-1yr
3934-HXCFZ,0,Yes,No,23,Fiber optic,Yes,No,Month-to-month,Yes,Electronic check,99.25,2186.4,1,95.0608695652174,1-2yr
6578-KRMAW,0,No,No,32,Fiber optic,Yes,No,Month-to-month,Yes,Credit card,93.4,2979.3,0,93.103125,2-4yr
4860-IJUDE,0,No,No,13,Fiber optic,Yes,No,Month-to-month,Yes,Credit card,73.75,956.65,0,73.58846153846153,1-2yr
7666-WKRON,0,No,No,39,Fiber optic,No,Yes,Two year,Yes,Electronic check,80.45,3201.55,1,82.09102564102565,2-4yr
9688-YGXVR,0,No,No,44,Fiber optic,No,No,Month-to-month,Yes,Credit card,88.15,3973.2,0,90.3,2-4yr
0423-UDIJQ,1,No,No,9,DSL,No,Yes,Month-to-month,No,Mailed check,49.2,447.9,0,49.766666666666666,0-1yr
1945-XISKS,0,Yes,No,67,No,No,No,Two year,No,Mailed check,19.65,1335.2,0,19.928358208955224,4-6yr
4910-AQFFX,0,Yes,Yes,9,Fiber optic,No,No,Month-to-month,Yes,Bank transfer,79.35,661.25,1,73.47222222222223,0-1yr
2154-KVJFF,0,No,No,15,Fiber optic,No,No,Month-to-month,Yes,Electronic check,79.75,1111.85,1,74.12333333333332,1-2yr
5360-LJCNJ,0,Yes,No,71,Fiber optic,No,No,Two year,Yes,Bank transfer,105.15,7555.0,0,106.40845070422536,4-6yr
2607-FBDFF,0,No,No,1,DSL,No,Yes,Month-to-month,No,Credit card,49.0,49.0,0,49.0,0-1yr
9647-ERGBE,0,Yes,Yes,30,Fiber optic,No,No,Month-to-month,Yes,Electronic check,100.05,3046.15,1,101.53833333333334,2-4yr
3428-XZMAZ,0,No,No,1,Fiber optic,No,No,Month-to-month,Yes,Electronic check,69.35,69.35,1,69.35,0-1yr
1100-DDVRV,0,Yes,No,17,DSL,No,No,Month-to-month,Yes,Mailed check,49.8,836.35,0,49.19705882352941,1-2yr
0378-TOVMS,0,No,No,3,Fiber optic,No,Yes,Month-to-month,No,Electronic check,85.8,272.2,1,90.73333333333333,0-1yr
4355-HBJHH,0,Yes,Yes,67,DSL,Yes,No,Two year,Yes,Electronic check,79.7,5293.4,1,79.00597014925373,4-6yr
6728-WYQBC,0,No,No,1,No,No,No,Month-to-month,No,Bank transfer,20.95,20.95,0,20.95,0-1yr
9058-CBREO,1,No,No,1,DSL,No,No,Month-to-month,No,Mailed check,50.55,50.55,1,50.55,0-1yr
9029-FEGVJ,1,Yes,No,32,Fiber optic,No,No,Month-to-month,No,Mailed check,79.3,2570.0,0,80.3125,2-4yr
7216-KAOID,0,Yes,Yes,41,No,No,No,One year,No,Bank transfer,19.5,798.2,0,19.46829268292683,2-4yr
0318-QUUOB,0,Yes,No,1,Fiber optic,No,No,Month-to-month,Yes,Electronic check,80.55,80.55,1,80.55,0-1yr
6145-NNPNO,0,No,No,1,DSL,No,No,Month-to-month,No,Bank transfer,44.15,44.15,0,44.15,0-1yr
5520-FVEWJ,0,Yes,Yes,12,Fiber optic,No,No,Month-to-month,Yes,Electronic check,84.5,916.9,1,76.40833333333333,0-1yr
5339-TJFEK,0,Yes,Yes,62,Fiber optic,Yes,No,Month-to-month,Yes,Electronic check,105.5,6487.2,0,104.63225806451612,4-6yr
5572-ZDXHY,0,No,No,22,Fiber optic,No,No,Month-to-month,Yes,Mailed check,84.3,1855.65,1,84.34772727272728,1-2yr
2074-GUHPQ,0,No,Yes,17,Fiber optic,No,Yes,Month-to-month,Yes,Credit card,92.7,1556.85,0,91.57941176470588,1-2yr
4625-XMOYM,0,Yes,Yes,72,No,No,No,Two year,Yes,Bank transfer,26.25,1988.05,0,27.611805555555556,4-6yr
5827-MWCZK,0,Yes,Yes,56,Fiber optic,No,Yes,Month-to-month,Yes,Credit card,96.95,5432.2,0,97.00357142857142,4-6yr
1385-TQOZW,0,No,No,9,No,No,No,Month-to-month,Yes,Credit card,20.45,147.55,0,16.394444444444446,0-1yr
5914-XRFQB,0,Yes,No,72,Fiber optic,Yes,Yes,Two year,Yes,Bank transfer,115.8,8424.9,0,117.01249999999999,4-6yr
4329-YPDDQ,0,No,No,20,Fiber optic,Yes,Yes,Month-to-month,Yes,Bank transfer,108.2,2203.7,0,110.18499999999999,1-2yr
4804-NCPET,0,Yes,Yes,19,No,No,No,Two year,No,Mailed check,20.2,387.4,0,20.389473684210525,1-2yr
3750-CKVKH,0,No,No,2,Fiber optic,No,No,Month-to-month,Yes,Electronic check,67.75,116.65,1,58.325,0-1yr
5944-UGLLK,0,No,No,53,DSL,No,Yes,One year,No,Credit card,54.9,3045.75,0,57.466981132075475,4-6yr
8063-GBATB,1,No,No,27,Fiber optic,No,No,Month-to-month,Yes,Electronic check,85.25,2287.25,1,84.71296296296296,2-4yr
7787-BNTZM,0,No,No,6,No,No,No,Month-to-month,No,Bank transfer,20.15,130.5,0,21.75,0-1yr
2252-ISRNH,0,Yes,Yes,9,Fiber optic,No,No,One year,Yes,Electronic check,90.35,767.9,0,85.32222222222222,0-1yr
9415-TPKRV,0,Yes,Yes,8,DSL,No,No,Month-to-month,No,Electronic check,55.75,446.8,0,55.85,0-1yr
5322-TEUJK,0,Yes,Yes,71,Fiber optic,Yes,Yes,Two year,No,Bank transfer,114.6,8100.25,0,114.08802816901408,4-6yr
4547-KQRTM,0,No,No,10,Fiber optic,No,No,Month-to-month,Yes,Bank transfer,80.05,830.7,1,83.07000000000001,0-1yr
4877-EVATK,0,No,No,1,No,No,No,Month-to-month,No,Mailed check,20.0,20.0,1,20.0,0-1yr
1866-DIOQZ,0,Yes,No,71,DSL,Yes,Yes,One year,No,Bank transfer,66.8,4689.15,0,66.0443661971831,4-6yr
8375-KVTHK,0,Yes,No,68,Fiber optic,No,Yes,One year,Yes,Electronic check,100.3,6754.35,0,99.32867647058823,4-6yr
2697-NQBPF,0,No,No,34,Fiber optic,No,Yes,Month-to-month,Yes,Electronic check,105.35,3540.65,0,104.13676470588236,2-4yr
3709-OIJEA,0,No,No,26,Fiber optic,No,Yes,One year,Yes,Electronic check,85.2,2184.6,0,84.02307692307691,2-4yr
7639-SUPCW,0,No,No,22,DSL,Yes,No,Month-to-month,Yes,Credit card,48.8,1054.6,1,47.93636363636363,1-2yr
1386-ZIKUV,0,No,No,7,No,No,No,Month-to-month,Yes,Mailed check,18.95,130.55,0,18.650000000000002,0-1yr
0599-XNYDO,0,Yes,No,20,Fiber optic,No,No,Month-to-month,Yes,Bank transfer,69.8,1540.35,0,77.0175,1-2yr
6377-WHAOX,0,Yes,No,60,Fiber optic,No,No,Month-to-month,Yes,Electronic check,106.15,6411.25,0,106.85416666666667,4-6yr
6855-VLGOS,0,Yes,Yes,72,No,No,No,Two year,No,Electronic check,20.55,1432.55,0,19.896527777777777,4-6yr
8999-XXGNS,1,Yes,No,72,Fiber optic,No,No,One year,Yes,Credit card,105.75,7629.85,0,105.9701388888889,4-6yr
8746-OQQRW,0,No,No,4,No,No,No,Month-to-month,No,Mailed check,25.25,101.9,0,25.475,0-1yr
3181-MIZBN,0,Yes,Yes,16,No,No,No,Month-to-month,No,Electronic check,19.75,313.4,0,19.5875,1-2yr
0471-ARVMX,1,Yes,No,62,Fiber optic,Yes,No,One year,Yes,Electronic check,104.85,6312.9,0,101.82096774193548,4-6yr
7766-CLTIC,0,No,No,10,DSL,No,Yes,Month-to-month,Yes,Mailed check,60.95,629.55,0,62.955,0-1yr
5650-YLIBA,0,No,No,31,Fiber optic,No,No,Month-to-month,Yes,Electronic check,81.15,2640.55,0,85.17903225806452,2-4yr
0825-CPPQH,0,Yes,No,71,No,No,No,Two year,No,Credit card,19.1,1372.45,0,19.330281690140847,4-6yr
9084-OAYKL,0,No,No,58,No,No,No,Two year,No,Mailed check,20.8,1212.25,0,20.900862068965516,4-6yr
6122-LJADA,0,Yes,Yes,70,DSL,Yes,Yes,Two year,Yes,Credit card,90.15,6237.05,0,89.10071428571429,4-6yr
2400-XIWIO,0,Yes,No,71,DSL,Yes,Yes,Two year,No,Electronic check,90.1,6310.9,0,88.88591549295774,4-6yr
7524-VRLPL,1,No,No,69,DSL,Yes,Yes,Two year,No,Credit card,74.1,5031.0,0,72.91304347826087,4-6yr
1069-XAIEM,1,No,No,1,Fiber optic,No,No,Month-to-month,Yes,Electronic check,85.05,85.05,1,85.05,0-1yr
7569-NMZYQ,0,Yes,Yes,72,Fiber optic,Yes,Yes,Two year,Yes,Bank transfer,118.75,8672.45,0,120.45069444444445,4-6yr
5201-USSQZ,0,Yes,No,26,Fiber optic,No,Yes,Month-to-month,No,Credit card,85.9,2196.45,0,84.47884615384615,2-4yr
2105-PHWON,0,Yes,No,33,Fiber optic,No,Yes,Month-to-month,Yes,Credit card,95.0,3008.15,0,91.1560606060606,2-4yr
1494-EJZDW,0,Yes,Yes,10,No,No,No,Two year,No,Mailed check,20.15,220.8,0,22.080000000000002,0-1yr
4884-TVUQF,1,No,No,57,Fiber optic,Yes,Yes,Two year,No,Credit card,101.3,5779.6,0,101.39649122807018,4-6yr
8003-EWNDZ,0,No,No,10,No,No,No,Month-to-month,Yes,Electronic check,21.2,222.65,0,22.265,0-1yr
1897-RCFUM,0,Yes,Yes,39,No,No,No,One year,Yes,Mailed check,24.2,914.6,0,23.451282051282053,2-4yr
9256-JTBNZ,0,No,No,11,No,No,No,Month-to-month,No,Bank transfer,20.3,246.3,0,22.39090909090909,0-1yr
4658-HCOHW,0,Yes,Yes,21,Fiber optic,No,Yes,Month-to-month,Yes,Electronic check,102.8,2110.15,1,100.48333333333333,1-2yr
2211-RMNHO,0,Yes,Yes,68,DSL,No,Yes,Two year,No,Bank transfer,85.3,5560.0,0,81.76470588235294,4-6yr
2432-TFSMK,0,No,No,18,Fiber optic,No,No,One year,Yes,Credit card,89.6,1633.0,0,90.72222222222223,1-2yr
3440-JPSCL,0,No,No,6,Fiber optic,No,Yes,Month-to-month,Yes,Mailed check,99.95,547.65,1,91.27499999999999,0-1yr
4929-ROART,0,No,No,18,DSL,Yes,No,Month-to-month,No,Mailed check,56.25,969.85,0,53.88055555555556,1-2yr
1834-ABKHQ,0,Yes,Yes,52,DSL,No,No,One year,Yes,Bank transfer,50.95,2610.65,0,50.204807692307696,4-6yr
1741-WTPON,0,Yes,Yes,56,Fiber optic,Yes,Yes,Two year,No,Mailed check,115.85,6567.9,0,117.28392857142856,4-6yr
3932-IJWDZ,0,No,No,45,Fiber optic,No,Yes,Month-to-month,Yes,Bank transfer,103.65,4747.85,0,105.50777777777779,2-4yr
1240-HCBOH,0,No,No,67,No,No,No,Two year,Yes,Mailed check,26.1,1759.55,0,26.26194029850746,4-6yr
3594-KADLU,0,Yes,No,3,DSL,Yes,Yes,Month-to-month,No,Mailed check,35.1,101.1,0,33.699999999999996,0-1yr
8065-BVEPF,1,No,No,65,Fiber optic,No,No,Month-to-month,Yes,Bank transfer,99.1,6496.15,0,99.94076923076922,4-6yr
3796-ENZGF,0,Yes,No,63,DSL,No,Yes,Two year,No,Mailed check,67.25,4234.15,0,67.20873015873015,4-6yr
1734-ZMNTZ,0,Yes,Yes,11,No,No,No,Two year,No,Mailed check,25.0,300.7,0,27.336363636363636,0-1yr
2853-CWQFQ,0,No,Yes,1,DSL,No,Yes,Month-to-month,Yes,Mailed check,59.55,59.55,0,59.55,0-1yr
0813-TAXXS,0,No,No,55,DSL,No,No,Two year,Yes,Bank transfer,77.8,4323.35,0,78.60636363636364,4-6yr
2519-TWKFS,0,Yes,Yes,25,DSL,No,Yes,One year,Yes,Mailed check,55.1,1466.1,0,58.644,2-4yr
2889-FPWRM,0,Yes,No,72,Fiber optic,Yes,Yes,One year,Yes,Bank transfer,117.8,8684.8,1,120.6222222222222,4-6yr
0626-QXNGV,0,Yes,No,72,No,No,No,Two year,Yes,Credit card,24.15,1776.45,0,24.672916666666666,4-6yr
6723-CEGQI,0,No,Yes,65,DSL,No,Yes,Two year,No,Mailed check,45.25,2933.95,0,45.137692307692305,4-6yr
6987-XQSJT,1,No,No,54,Fiber optic,No,No,Month-to-month,Yes,Electronic check,79.5,4370.25,1,80.93055555555556,4-6yr
4732-RRJZC,0,Yes,Yes,7,No,No,No,Month-to-month,No,Mailed check,20.25,144.35,0,20.62142857142857,0-1yr
9499-XPZXM,0,Yes,No,72,DSL,Yes,Yes,Two year,No,Bank transfer,64.75,4804.75,0,66.73263888888889,4-6yr
4338-EYCER,0,Yes,No,21,DSL,No,No,Month-to-month,No,Bank transfer,54.6,1125.2,0,53.58095238095238,1-2yr
3007-FDPEA,0,No,No,2,No,No,No,Month-to-month,Yes,Bank transfer,20.7,39.85,0,19.925,0-1yr
6350-XFYGW,1,No,No,4,Fiber optic,No,No,Month-to-month,Yes,Electronic check,94.75,422.4,0,105.6,0-1yr
4290-BSXUX,0,Yes,No,3,Fiber optic,No,Yes,Month-to-month,Yes,Bank transfer,79.65,251.75,1,83.91666666666667,0-1yr
8513-OLYGY,0,Yes,No,72,Fiber optic,Yes,Yes,Two year,No,Credit card,115.8,8332.15,0,115.72430555555555,4-6yr
0311-QYWSS,0,No,No,6,DSL,Yes,No,Month-to-month,Yes,Electronic check,49.45,314.6,0,52.43333333333334,0-1yr
8705-DWKTI,0,No,No,52,Fiber optic,No,No,Month-to-month,Yes,Credit card,83.8,4331.4,0,83.29615384615384,4-6yr
8755-IWJHN,1,Yes,No,69,Fiber optic,No,No,Month-to-month,Yes,Bank transfer,95.35,6382.0,0,92.4927536231884,4-6yr
0325-XBFAC,0,No,No,8,Fiber optic,No,No,Month-to-month,Yes,Electronic check,94.7,740.3,1,92.5375,0-1yr
4480-QQRHC,1,No,No,8,Fiber optic,No,No,Month-to-month,Yes,Bank transfer,74.05,600.15,0,75.01875,0-1yr
0929-PECLO,1,No,No,63,Fiber optic,No,No,Month-to-month,Yes,Bank transfer,89.6,5538.8,0,87.91746031746032,4-6yr
3680-CTHUH,0,No,No,60,Fiber optic,Yes,Yes,One year,Yes,Credit card,116.6,7049.5,0,117.49166666666666,4-6yr
1202-KKGFU,0,Yes,No,12,DSL,Yes,Yes,Month-to-month,No,Bank transfer,54.2,690.5,0,57.541666666666664,0-1yr
6112-KTHFQ,0,No,No,13,No,No,No,Month-to-month,Yes,Mailed check,19.3,279.3,0,21.484615384615385,1-2yr
1852-XEMDW,0,No,No,22,DSL,Yes,No,Month-to-month,No,Mailed check,65.05,1427.55,0,64.88863636363637,1-2yr
2462-XIIJB,0,No,No,5,Fiber optic,No,No,Month-to-month,Yes,Electronic check,92.5,452.7,1,90.53999999999999,0-1yr
4760-XOHVN,0,Yes,Yes,1,No,No,No,Month-to-month,No,Mailed check,19.45,19.45,1,19.45,0-1yr
1820-DJFPH,0,Yes,Yes,72,No,No,No,Two year,Yes,Bank transfer,24.05,1709.15,0,23.738194444444446,4-6yr
9426-SXNHE,0,No,No,2,No,No,No,Month-to-month,No,Bank transfer,18.75,53.15,0,26.575,0-1yr
9068-FHQHD,0,Yes,Yes,40,No,No,No,Two year,No,Bank transfer,20.15,777.35,0,19.43375,2-4yr
1269-FOYWN,0,Yes,Yes,44,No,No,No,One year,No,Bank transfer,20.0,860.85,0,19.56477272727273,2-4yr
9470-YFUYI,1,Yes,No,71,DSL,Yes,Yes,One year,Yes,Bank transfer,71.0,5012.1,0,70.59295774647887,4-6yr
7817-BOQPW,0,No,No,2,Fiber optic,No,No,Month-to-month,Yes,Electronic check,75.55,166.3,1,83.15,0-1yr
7402-EYFXX,1,No,No,26,Fiber optic,No,No,Month-to-month,Yes,Electronic check,93.6,2404.1,0,92.46538461538461,2-4yr
1853-UDXBW,0,Yes,Yes,1,Fiber optic,No,No,Month-to-month,Yes,Electronic check,70.0,70.0,1,70.0,0-1yr
9895-VFOXH,0,No,No,1,DSL,No,No,Month-to-month,No,Mailed check,24.4,24.4,0,24.4,0-1yr
5458-CQJTA,0,Yes,Yes,65,DSL,Yes,Yes,Two year,Yes,Bank transfer,74.8,4820.15,1,74.15615384615384,4-6yr
1230-QAJDW,0,No,No,3,DSL,No,Yes,Month-to-month,Yes,Mailed check,65.25,209.9,0,69.96666666666667,0-1yr
5701-ZIKJE,0,No,No,13,DSL,No,Yes,Month-to-month,Yes,Mailed check,50.55,610.75,0,46.98076923076923,1-2yr
5219-YIPTK,0,Yes,No,33,Fiber optic,No,No,Month-to-month,Yes,Electronic check,104.4,3409.6,1,103.32121212121211,2-4yr
5032-MIYKT,0,No,No,1,Fiber optic,No,No,Month-to-month,Yes,Mailed check,70.7,70.7,0,70.7,0-1yr
7396-VJUZB,0,Yes,Yes,4,DSL,No,No,Month-to-month,No,Mailed check,45.25,155.35,0,38.8375,0-1yr
9717-QEBGU,0,No,No,2,Fiber optic,No,No,Month-to-month,Yes,Electronic check,70.3,144.0,0,72.0,0-1yr
5172-RKOCB,0,Yes,No,72,Fiber optic,Yes,Yes,Two year,Yes,Credit card,108.95,7875.0,0,109.375,4-6yr
6509-TSGWN,0,Yes,Yes,37,No,No,No,Month-to-month,No,Mailed check,26.45,911.6,0,24.63783783783784,2-4yr
3540-RZJYU,0,No,No,15,Fiber optic,Yes,No,Month-to-month,No,Electronic check,86.2,1270.2,1,84.68,1-2yr
3178-CIFOT,0,No,No,23,No,No,No,One year,Yes,Credit card,19.65,478.1,0,20.786956521739132,1-2yr
2091-MJTFX,0,Yes,Yes,30,DSL,No,Yes,Month-to-month,No,Credit card,51.2,1561.5,1,52.05,2-4yr
4530-NDRKU,0,Yes,Yes,42,No,No,No,One year,Yes,Electronic check,19.05,761.85,0,18.139285714285716,2-4yr
5985-TBABQ,0,No,No,32,DSL,Yes,No,One year,No,Mailed check,74.75,2282.95,0,71.3421875,2-4yr
9800-ONTFE,0,Yes,Yes,22,Fiber optic,No,No,Month-to-month,Yes,Bank transfer,75.8,1615.1,0,73.41363636363636,1-2yr
6743-HHQPF,0,Yes,No,42,DSL,No,No,Month-to-month,Yes,Credit card,25.1,1097.15,0,26.12261904761905,2-4yr
8455-HIRAQ,0,No,No,8,DSL,No,No,Month-to-month,No,Mailed check,44.45,369.3,0,46.1625,0-1yr
6616-AALSR,0,Yes,Yes,65,Fiber optic,Yes,No,Two year,Yes,Credit card,104.3,6725.3,0,103.46615384615384,4-6yr
0883-EIBTI,0,No,No,2,No,No,No,Month-to-month,No,Mailed check,19.5,31.55,1,15.775,0-1yr
9415-ZNBSX,0,Yes,Yes,70,DSL,Yes,Yes,Two year,Yes,Bank transfer,89.0,6293.2,0,89.90285714285714,4-6yr
4018-KJYUY,0,No,Yes,22,No,No,No,Month-to-month,No,Credit card,20.15,432.5,0,19.65909090909091,1-2yr
0722-TROQR,1,No,No,4,Fiber optic,No,No,Month-to-month,Yes,Electronic check,74.9,321.75,1,80.4375,0-1yr
7571-YXDAD,0,No,No,2,Fiber optic,No,No,Month-to-month,No,Credit card,74.9,147.15,1,73.575,0-1yr
3884-UEBXB,0,Yes,Yes,67,DSL,Yes,No,Two year,No,Bank transfer,36.15,2434.45,0,36.33507462686567,4-6yr
8780-RSYYU,0,No,No,25,No,No,No,Month-to-month,Yes,Credit card,19.2,532.1,0,21.284000000000002,2-4yr
5537-UXXVS,0,Yes,No,20,No,No,No,Month-to-month,No,Bank transfer,19.25,375.25,0,18.7625,1-2yr
1791-PQHBB,0,No,Yes,2,DSL,Yes,No,Month-to-month,Yes,Credit card,61.2,125.95,0,62.975,0-1yr
8701-DGLVH,0,No,No,51,No,No,No,Two year,No,Mailed check,20.45,1042.65,0,20.444117647058825,4-6yr
8741-LQOBK,0,Yes,Yes,46,DSL,Yes,No,Month-to-month,No,Bank transfer,35.05,1620.25,0,35.22282608695652,2-4yr
3393-FMZPV,0,No,No,25,Fiber optic,No,No,Month-to-month,Yes,Electronic check,100.25,2387.75,1,95.51,2-4yr
8082-GHXOP,0,No,Yes,13,DSL,No,No,Month-to-month,No,Mailed check,44.0,659.35,0,50.71923076923077,1-2yr
6402-ZFPPI,1,No,No,25,Fiber optic,Yes,No,Month-to-month,Yes,Mailed check,102.8,2660.2,1,106.40799999999999,2-4yr
0980-FEXWF,0,Yes,Yes,26,DSL,No,No,One year,No,Mailed check,50.35,1285.8,0,49.45384615384615,2-4yr
7486-KSRVI,0,No,No,43,Fiber optic,No,Yes,One year,Yes,Electronic check,100.0,4211.55,1,97.94302325581396,2-4yr
3011-WQKSZ,0,No,Yes,19,No,No,No,Month-to-month,Yes,Electronic check,20.0,377.55,0,19.871052631578948,1-2yr
8443-WVPSS,0,Yes,No,10,Fiber optic,No,Yes,Month-to-month,Yes,Electronic check,99.85,990.9,1,99.09,0-1yr
3006-XIMLN,0,No,Yes,2,Fiber optic,No,No,Month-to-month,Yes,Bank transfer,94.2,193.8,1,96.9,0-1yr
8218-FFJDS,0,Yes,No,72,DSL,Yes,Yes,Two year,Yes,Bank transfer,86.4,6058.95,0,84.15208333333334,4-6yr
1986-PHGZF,1,No,No,18,DSL,Yes,No,Month-to-month,Yes,Credit card,58.4,964.9,0,53.605555555555554,1-2yr
9965-YOKZB,1,No,No,9,Fiber optic,No,No,Month-to-month,Yes,Electronic check,83.85,790.15,1,87.79444444444444,0-1yr
0504-HHAPI,1,No,No,27,Fiber optic,No,No,Month-to-month,No,Credit card,88.3,2467.75,1,91.39814814814815,2-4yr
9360-OMDZZ,0,No,No,24,Fiber optic,No,No,Month-to-month,Yes,Electronic check,94.1,2322.85,0,96.78541666666666,1-2yr
6305-YLBMM,0,No,No,69,Fiber optic,No,Yes,One year,Yes,Bank transfer,104.05,7262.0,1,105.2463768115942,4-6yr
0345-XMMUG,0,Yes,No,46,Fiber optic,No,Yes,Two year,Yes,Credit card,108.9,4854.3,0,105.52826086956522,2-4yr
8024-XNAFQ,1,No,No,72,Fiber optic,Yes,Yes,Two year,Yes,Bank transfer,107.4,7748.75,0,107.62152777777777,4-6yr
3647-GMGDH,0,Yes,No,22,Fiber optic,No,No,Month-to-month,Yes,Credit card,94.7,1914.9,1,87.0409090909091,1-2yr
2988-GBIVW,1,Yes,No,70,Fiber optic,Yes,No,Month-to-month,Yes,Electronic check,90.85,6470.1,0,92.43,4-6yr
2832-SCUCO,0,No,No,2,No,No,No,Month-to-month,No,Electronic check,19.9,57.4,0,28.7,0-1yr
7036-ZZKBD,0,Yes,No,31,DSL,No,Yes,Month-to-month,Yes,Credit card,66.4,2019.8,0,65.15483870967742,2-4yr
3791-LGQCY,1,Yes,No,56,Fiber optic,No,No,Month-to-month,Yes,Bank transfer,100.65,5688.05,1,101.57232142857143,4-6yr
0265-PSUAE,0,Yes,Yes,16,Fiber optic,Yes,No,Month-to-month,No,Bank transfer,100.7,1522.7,0,95.16875,1-2yr
0463-TXOAK,0,No,Yes,52,No,No,No,Two year,No,Credit card,25.6,1334.5,0,25.66346153846154,4-6yr
0594-UFTUL,0,Yes,Yes,13,No,No,No,Month-to-month,Yes,Mailed check,19.85,252.0,0,19.384615384615383,1-2yr
9509-MPYOD,0,No,No,35,No,No,No,One year,No,Mailed check,20.75,700.45,0,20.012857142857143,2-4yr
9128-CPXKI,0,No,No,59,Fiber optic,No,No,Two year,No,Electronic check,95.8,5655.45,0,95.85508474576271,4-6yr
0129-KPTWJ,0,Yes,No,72,Fiber optic,No,No,Month-to-month,Yes,Electronic check,94.65,6747.35,0,93.71319444444445,4-6yr
8166-ZZTFS,1,Yes,No,66,DSL,No,No,Two year,Yes,Bank transfer,80.55,5265.1,1,79.77424242424243,4-6yr
5855-EIBDE,0,Yes,No,49,Fiber optic,Yes,Yes,Two year,No,Credit card,106.65,5174.35,0,105.59897959183674,4-6yr
5365-LLFYV,0,No,No,2,DSL,No,No,Month-to-month,Yes,Mailed check,45.85,105.6,0,52.8,0-1yr
5956-YHHRX,1,No,No,21,Fiber optic,No,No,Month-to-month,Yes,Electronic check,104.35,2271.85,0,108.18333333333332,1-2yr
6008-NAIXK,1,No,No,54,DSL,No,No,One year,Yes,Electronic check,55.45,2966.95,0,54.943518518518516,4-6yr
2956-GGUCQ,1,Yes,No,24,Fiber optic,Yes,No,Month-to-month,Yes,Electronic check,78.85,1772.25,1,73.84375,1-2yr
1928-BXYIV,0,No,No,1,DSL,Yes,No,Month-to-month,No,Electronic check,61.15,61.15,0,61.15,0-1yr
5760-FXFVO,0,No,No,6,Fiber optic,Yes,No,Month-to-month,Yes,Electronic check,78.95,494.95,0,82.49166666666666,0-1yr
6595-COKXZ,0,No,No,1,DSL,No,No,Month-to-month,Yes,Mailed check,44.45,44.45,1,44.45,0-1yr
0961-ZWLVI,0,No,Yes,49,Fiber optic,Yes,No,One year,Yes,Credit card,109.2,5290.45,0,107.96836734693878,4-6yr
5181-OABFK,0,Yes,Yes,56,DSL,Yes,No,Two year,Yes,Credit card,61.3,3346.8,0,59.76428571428572,4-6yr
4007-NHVHI,1,No,No,56,Fiber optic,Yes,No,Month-to-month,Yes,Electronic check,96.85,5219.65,0,93.20803571428571,4-6yr
7816-VGHTO,0,Yes,Yes,6,DSL,No,Yes,Two year,No,Mailed check,40.55,217.5,0,36.25,0-1yr
5871-DGTXZ,0,No,No,32,No,No,No,One year,No,Mailed check,19.8,607.7,0,18.990625,2-4yr
7550-WIQVA,0,Yes,Yes,50,Fiber optic,Yes,No,One year,Yes,Electronic check,108.25,5431.4,0,108.62799999999999,4-6yr
7544-ZVIKX,0,Yes,Yes,58,Fiber optic,No,Yes,One year,Yes,Bank transfer,105.05,6004.85,0,103.53189655172415,4-6yr
0016-QLJIS,0,Yes,Yes,65,DSL,Yes,Yes,Two year,Yes,Mailed check,90.45,5957.9,0,91.66,4-6yr
7508-DQAKK,0,No,No,64,DSL,Yes,Yes,Two year,Yes,Credit card,86.4,5442.05,0,85.03203125,4-6yr
5176-OLSKT,0,Yes,No,66,DSL,Yes,No,Two year,No,Bank transfer,66.9,4370.25,0,66.2159090909091,4-6yr
9356-AXGMP,0,Yes,No,38,Fiber optic,Yes,Yes,One year,Yes,Electronic check,110.7,4428.6,0,116.54210526315791,2-4yr
3556-BVQGL,0,Yes,No,20,No,No,No,One year,Yes,Mailed check,20.0,416.45,0,20.822499999999998,1-2yr
0362-ZBZWJ,0,No,No,36,Fiber optic,No,No,Month-to-month,Yes,Electronic check,84.9,3067.2,1,85.19999999999999,2-4yr
8979-CAMGB,1,No,No,64,Fiber optic,No,Yes,One year,No,Electronic check,102.1,6688.1,0,104.5015625,4-6yr
4211-MMAZN,0,No,No,1,No,No,No,Month-to-month,No,Mailed check,20.25,20.25,1,20.25,0-1yr
7581-EBBOU,0,No,No,60,DSL,No,Yes,One year,Yes,Credit card,70.15,4224.7,0,70.41166666666666,4-6yr
4274-OWWYO,0,No,No,1,Fiber optic,No,No,Month-to-month,Yes,Electronic check,74.35,74.35,1,74.35,0-1yr
5073-RZGBK,0,Yes,Yes,50,DSL,Yes,Yes,One year,Yes,Bank transfer,80.05,4042.2,0,80.844,4-6yr
1541-ETJZO,0,No,No,1,DSL,No,Yes,Month-to-month,No,Mailed check,62.05,62.05,1,62.05,0-1yr
2192-CKRLV,0,Yes,No,72,DSL,Yes,No,Two year,Yes,Electronic check,49.2,3580.95,0,49.735416666666666,4-6yr
3154-HMWUU,0,Yes,No,60,No,No,No,Two year,Yes,Bank transfer,20.5,1198.8,0,19.98,4-6yr
6119-SPUDB,0,No,No,46,DSL,Yes,Yes,Two year,No,Mailed check,38.25,1755.35,0,38.15978260869565,2-4yr
6522-OIQSX,0,Yes,Yes,69,DSL,No,No,Two year,Yes,Credit card,54.95,3772.5,0,54.67391304347826,4-6yr
7813-ZGGAW,1,No,No,31,Fiber optic,No,Yes,Month-to-month,Yes,Bank transfer,96.6,2877.95,0,92.83709677419354,2-4yr
8748-HFWBO,0,Yes,Yes,19,No,No,No,One year,No,Mailed check,19.9,357.7,0,18.826315789473682,1-2yr
1052-QJIBV,0,Yes,Yes,71,No,No,No,Two year,No,Credit card,19.9,1397.3,0,19.680281690140845,4-6yr
1319-YLZJG,0,Yes,No,12,Fiber optic,Yes,No,Month-to-month,Yes,Electronic check,84.6,959.9,0,79.99166666666666,0-1yr
4106-HADHQ,0,Yes,Yes,39,DSL,Yes,Yes,One year,No,Credit card,80.0,3182.95,1,81.61410256410257,2-4yr
0723-FDLAY,0,No,No,44,DSL,No,Yes,One year,Yes,Bank transfer,85.25,3704.15,0,84.18522727272727,2-4yr
3050-RLLXC,0,Yes,Yes,56,DSL,Yes,Yes,Two year,No,Credit card,81.25,4620.4,0,82.50714285714285,4-6yr
9298-WGMRW,0,Yes,No,72,Fiber optic,Yes,Yes,Two year,Yes,Bank transfer,115.5,8312.75,0,115.45486111111111,4-6yr
2369-UAPKZ,0,No,No,5,Fiber optic,No,No,Month-to-month,No,Mailed check,104.1,541.9,1,108.38,0-1yr
3088-LHEFH,0,No,No,11,Fiber optic,Yes,No,Month-to-month,Yes,Bank transfer,79.0,929.3,0,84.48181818181818,0-1yr
2778-OCLGR,1,Yes,No,24,DSL,Yes,No,Month-to-month,No,Bank transfer,39.1,971.3,1,40.47083333333333,1-2yr
6583-KQJLK,1,Yes,No,15,Fiber optic,No,No,Month-to-month,Yes,Electronic check,94.65,1285.05,0,85.67,1-2yr
8544-JNBOX,0,No,No,72,No,No,No,Two year,Yes,Mailed check,20.8,1521.2,0,21.12777777777778,4-6yr
6681-ZSEXG,0,Yes,No,56,DSL,No,No,Two year,No,Credit card,59.5,3389.25,0,60.52232142857143,4-6yr
6139-ZZRBQ,1,No,No,64,No,No,No,Two year,Yes,Bank transfer,20.05,1198.05,0,18.71953125,4-6yr
6116-RFVHN,0,Yes,No,34,Fiber optic,No,No,Month-to-month,Yes,Electronic check,100.45,3414.65,0,100.43088235294118,2-4yr
0637-KVDLV,0,No,No,2,Fiber optic,No,No,Month-to-month,Yes,Electronic check,76.5,162.45,1,81.225,0-1yr
8884-FEEWR,0,No,No,35,No,No,No,One year,No,Bank transfer,20.6,754.0,0,21.542857142857144,2-4yr
3125-RAHBV,0,No,No,22,No,No,No,One year,No,Credit card,20.3,467.15,0,21.23409090909091,1-2yr
6633-MPWBS,0,No,No,5,DSL,No,Yes,Month-to-month,Yes,Electronic check,49.2,216.9,1,43.38,0-1yr
0373-AIVNJ,0,No,No,9,DSL,Yes,No,One year,No,Mailed check,39.55,373.0,0,41.44444444444444,0-1yr
8785-EPNCG,0,No,No,11,No,No,No,Month-to-month,No,Credit card,23.15,245.2,1,22.29090909090909,0-1yr
1682-VCOIO,0,No,No,23,No,No,No,One year,No,Mailed check,20.45,481.1,0,20.917391304347827,1-2yr
5729-KLZAR,0,Yes,Yes,4,Fiber optic,No,No,Month-to-month,No,Electronic check,80.85,302.75,1,75.6875,0-1yr
2072-ZVJJX,0,Yes,No,68,No,No,No,Two year,No,Bank transfer,25.25,1728.2,0,25.41470588235294,4-6yr
8849-AYPTR,0,Yes,No,33,Fiber optic,No,No,Month-to-month,No,Electronic check,91.25,2964.05,0,89.81969696969698,2-4yr
9518-IMLHK,0,No,No,31,DSL,Yes,Yes,Month-to-month,Yes,Bank transfer,72.45,2156.25,0,69.55645161290323,2-4yr
1582-RAFML,0,No,No,1,DSL,No,Yes,Month-to-month,No,Mailed check,60.1,60.1,1,60.1,0-1yr
3646-ITDGM,0,No,No,56,No,No,No,Two year,No,Bank transfer,19.7,1051.9,0,18.78392857142857,4-6yr
8740-CRYFY,0,No,No,1,Fiber optic,No,No,Month-to-month,Yes,Electronic check,78.95,78.95,1,78.95,0-1yr
3569-VLDHH,0,Yes,Yes,66,DSL,Yes,Yes,One year,Yes,Electronic check,75.1,5013.0,0,75.95454545454545,4-6yr
8224-KDLKN,0,Yes,Yes,72,No,No,No,Two year,No,Bank transfer,25.0,1738.9,0,24.15138888888889,4-6yr
7594-LZNWR,1,No,No,34,Fiber optic,No,No,Month-to-month,No,Credit card,69.15,2275.1,0,66.91470588235293,2-4yr
4001-TSBTV,0,Yes,Yes,58,Fiber optic,No,No,Month-to-month,Yes,Electronic check,91.55,5511.65,0,95.02844827586206,4-6yr
2962-XPMCQ,0,No,No,2,DSL,No,No,Month-to-month,Yes,Electronic check,45.15,98.5,1,49.25,0-1yr
8727-XDPUD,0,No,No,37,DSL,No,No,Two year,No,Credit card,35.8,1316.9,0,35.5918918918919,2-4yr
1043-UXOVO,0,No,No,71,Fiber optic,Yes,Yes,Two year,Yes,Credit card,113.15,7993.3,0,112.58169014084507,4-6yr
1064-FBXNK,0,Yes,Yes,1,No,No,No,One year,No,Credit card,19.85,19.85,0,19.85,0-1yr
3996-ZNWYK,1,Yes,Yes,71,No,No,No,Two year,No,Credit card,19.8,1388.45,0,19.555633802816903,4-6yr
2878-DHMIN,0,Yes,Yes,35,No,No,No,One year,No,Electronic check,19.9,666.0,0,19.02857142857143,2-4yr
7762-ONLJY,0,Yes,Yes,6,No,No,No,One year,No,Mailed check,19.7,94.45,0,15.741666666666667,0-1yr
1678-FYZOW,0,No,No,3,Fiber optic,No,No,Month-to-month,Yes,Electronic check,79.4,244.65,1,81.55,0-1yr
5795-BKOYE,0,Yes,Yes,69,DSL,No,Yes,One year,No,Bank transfer,59.1,4134.7,0,59.9231884057971,4-6yr
8627-EHGIP,0,No,No,44,DSL,No,No,One year,Yes,Mailed check,53.95,2375.4,1,53.98636363636364,2-4yr
7402-PWYJJ,0,Yes,No,53,Fiber optic,No,Yes,One year,Yes,Electronic check,91.15,4862.5,0,91.74528301886792,4-6yr
5480-TBGPH,0,Yes,No,24,Fiber optic,No,No,Month-to-month,Yes,Credit card,99.3,2431.35,1,101.30624999999999,1-2yr
0018-NYROU,0,Yes,No,5,Fiber optic,No,No,Month-to-month,Yes,Electronic check,68.95,351.5,0,70.3,0-1yr
7501-VTYLJ,0,No,Yes,2,DSL,No,No,Month-to-month,No,Mailed check,51.55,106.2,0,53.1,0-1yr
7608-RGIRO,0,No,Yes,62,No,No,No,Two year,Yes,Mailed check,24.4,1413.0,0,22.79032258064516,4-6yr
0480-BIXDE,0,Yes,No,19,Fiber optic,No,No,Month-to-month,Yes,Electronic check,96.8,1743.05,0,91.73947368421052,1-2yr
5895-QSXOD,0,No,No,9,Fiber optic,No,No,Month-to-month,No,Mailed check,70.05,657.5,0,73.05555555555556,0-1yr
9814-AOUDH,0,No,No,53,No,No,No,Two year,No,Credit card,19.5,1050.5,0,19.82075471698113,4-6yr
6175-IRFIT,0,No,No,5,Fiber optic,No,No,Month-to-month,No,Mailed check,78.75,426.35,0,85.27000000000001,0-1yr
8760-ZRHKE,1,Yes,Yes,71,DSL,Yes,No,One year,No,Electronic check,69.2,4982.5,0,70.17605633802818,4-6yr
1622-HSHSF,0,No,No,1,No,No,No,Month-to-month,Yes,Mailed check,19.55,19.55,0,19.55,0-1yr
8854-CCVSQ,0,No,No,18,Fiber optic,No,No,Month-to-month,Yes,Electronic check,80.65,1451.9,1,80.66111111111111,1-2yr
6749-UTDVX,0,No,No,72,Fiber optic,No,No,Two year,Yes,Electronic check,103.65,7634.8,0,106.03888888888889,4-6yr
5542-DHSXL,0,Yes,No,4,DSL,Yes,No,Month-to-month,No,Mailed check,54.7,235.05,0,58.7625,0-1yr
9102-OXKFY,0,No,No,59,DSL,No,No,Two year,No,Credit card,54.15,3116.15,0,52.816101694915254,4-6yr
0511-JTEOY,0,No,No,1,Fiber optic,No,No,Month-to-month,No,Mailed check,71.1,71.1,1,71.1,0-1yr
5216-WASFJ,1,Yes,No,31,Fiber optic,No,No,Month-to-month,Yes,Electronic check,84.85,2633.4,0,84.9483870967742,2-4yr
7808-DVWEP,0,Yes,No,3,No,No,No,Month-to-month,No,Bank transfer,20.0,49.65,0,16.55,0-1yr
7067-KSAZT,1,Yes,No,65,Fiber optic,No,No,One year,Yes,Electronic check,106.25,6979.8,1,107.38153846153847,4-6yr
2284-VFLKH,0,Yes,No,49,Fiber optic,No,Yes,One year,Yes,Credit card,99.25,4920.8,0,100.42448979591838,4-6yr
0366-NQSHS,0,No,No,2,No,No,No,Month-to-month,No,Mailed check,19.35,46.35,0,23.175,0-1yr
6532-YLWSI,0,Yes,No,53,No,No,No,One year,No,Bank transfer,20.8,1021.8,1,19.279245283018867,4-6yr
3807-BPOMJ,0,Yes,No,55,Fiber optic,Yes,No,One year,Yes,Electronic check,94.75,5276.1,0,95.92909090909092,4-6yr
3892-NXAZG,0,Yes,Yes,72,Fiber optic,Yes,Yes,Two year,Yes,Credit card,114.05,8289.2,0,115.1277777777778,4-6yr
4948-WBBKL,1,No,No,36,Fiber optic,No,No,Month-to-month,Yes,Bank transfer,74.9,2659.45,0,73.8736111111111,2-4yr
4182-BGSIQ,0,Yes,Yes,10,No,No,No,Month-to-month,Yes,Bank transfer,19.8,196.75,0,19.675,0-1yr
9300-AGZNL,1,No,No,1,Fiber optic,No,No,Month-to-month,Yes,Electronic check,94.0,94.0,1,94.0,0-1yr
0988-AADSA,0,Yes,Yes,72,DSL,Yes,Yes,Two year,No,Bank transfer,80.85,5824.75,0,80.89930555555556,4-6yr
9972-NKTFD,0,No,No,28,DSL,No,Yes,Month-to-month,No,Bank transfer,54.65,1517.5,0,54.19642857142857,2-4yr
3717-LNXKW,0,Yes,No,38,Fiber optic,Yes,No,Month-to-month,No,Bank transfer,91.7,3479.05,0,91.55394736842106,2-4yr
5734-EJKXG,0,No,No,61,Fiber optic,Yes,Yes,One year,Yes,Electronic check,118.6,7365.7,0,120.74918032786886,4-6yr
2207-RYYRL,0,Yes,Yes,52,No,No,No,Two year,No,Mailed check,24.55,1331.05,0,25.597115384615385,4-6yr
6729-FZWSY,0,No,No,67,No,No,No,One year,Yes,Mailed check,19.45,1195.95,0,17.85,4-6yr
9695-IDRZR,0,No,Yes,34,Fiber optic,Yes,Yes,Two year,Yes,Credit card,116.15,3946.9,0,116.08529411764707,2-4yr
8144-DGHXP,0,No,No,54,DSL,Yes,Yes,Two year,No,Electronic check,80.6,4299.95,0,79.6287037037037,4-6yr
7814-LEEVE,0,Yes,No,1,No,No,No,Month-to-month,Yes,Bank transfer,20.3,20.3,0,20.3,0-1yr
1112-CUNAO,1,No,No,15,Fiber optic,No,No,Month-to-month,No,Electronic check,89.85,1424.95,1,94.99666666666667,1-2yr
5175-AOBHI,0,No,No,4,DSL,No,No,Month-to-month,Yes,Mailed check,46.0,193.6,1,48.4,0-1yr
5174-RNGBH,0,No,No,9,DSL,No,Yes,Month-to-month,No,Mailed check,66.25,620.55,1,68.94999999999999,0-1yr
8631-WUXGY,0,No,Yes,46,Fiber optic,No,No,Month-to-month,Yes,Electronic check,99.8,4391.25,0,95.46195652173913,2-4yr
7270-BDIOA,0,No,No,22,Fiber optic,No,Yes,Month-to-month,Yes,Electronic check,90.0,1993.8,1,90.62727272727273,1-2yr
9565-JSNFM,0,No,No,38,Fiber optic,No,No,One year,Yes,Bank transfer,70.45,2597.6,1,68.3578947368421,2-4yr
5906-DVAPM,0,Yes,Yes,55,DSL,Yes,Yes,One year,Yes,Credit card,75.0,4213.9,0,76.61636363636363,4-6yr
6654-QGBZZ,0,No,No,1,No,No,No,Month-to-month,No,Mailed check,19.9,19.9,0,19.9,0-1yr
8348-JLBUG,1,Yes,No,64,Fiber optic,Yes,No,One year,No,Credit card,80.3,5017.7,0,78.4015625,4-6yr
0607-DAAHE,0,No,Yes,53,No,No,No,Two year,No,Bank transfer,19.75,1052.35,1,19.85566037735849,4-6yr
5641-DMBFJ,0,Yes,No,58,DSL,Yes,Yes,Two year,Yes,Electronic check,84.3,4916.4,0,84.7655172413793,4-6yr
9200-NLNPD,0,Yes,No,56,DSL,No,Yes,One year,Yes,Bank transfer,54.05,2959.8,0,52.853571428571435,4-6yr
2664-XJZNO,0,Yes,Yes,72,Fiber optic,Yes,Yes,Two year,Yes,Credit card,104.9,7559.55,0,104.99375,4-6yr
9732-KPKBW,0,No,No,1,DSL,Yes,Yes,Month-to-month,Yes,Electronic check,53.95,53.95,1,53.95,0-1yr
3339-EAQNV,1,Yes,No,72,Fiber optic,No,No,One year,Yes,Credit card,97.25,7133.1,0,99.07083333333334,4-6yr
0921-OHLVP,0,No,No,22,Fiber optic,No,No,Month-to-month,No,Electronic check,83.05,1799.3,0,81.78636363636363,1-2yr
3389-YGYAI,1,No,No,8,Fiber optic,No,No,Month-to-month,Yes,Electronic check,105.5,829.55,1,103.69375,0-1yr
9560-ARGQJ,0,No,Yes,16,Fiber optic,No,No,Month-to-month,Yes,Electronic check,81.0,1312.15,1,82.009375,1-2yr
8350-NYMVI,0,No,No,39,DSL,No,Yes,Month-to-month,No,Bank transfer,41.1,1597.05,0,40.949999999999996,2-4yr
1600-DILPE,0,No,No,12,DSL,No,No,Month-to-month,Yes,Bank transfer,45.0,524.35,0,43.69583333333333,0-1yr
0536-ESJEP,0,Yes,No,54,DSL,Yes,No,Two year,Yes,Bank transfer,74.55,4191.45,0,77.61944444444444,4-6yr
4654-GGUII,0,No,No,18,DSL,Yes,Yes,One year,Yes,Mailed check,40.2,711.95,0,39.55277777777778,1-2yr
6478-HRRCZ,0,Yes,No,32,DSL,Yes,Yes,One year,No,Mailed check,70.5,2201.75,0,68.8046875,2-4yr
8510-BBWMU,0,No,No,41,No,No,No,One year,Yes,Mailed check,19.75,806.95,0,19.681707317073172,2-4yr
6857-TKDJV,0,Yes,Yes,67,No,No,No,Two year,No,Bank transfer,24.65,1620.45,0,24.18582089552239,4-6yr
2360-RDGRO,0,Yes,No,65,Fiber optic,Yes,No,Month-to-month,Yes,Electronic check,104.25,6812.95,0,104.81461538461538,4-6yr
0584-BJQGZ,0,No,No,25,DSL,Yes,Yes,Month-to-month,Yes,Bank transfer,78.35,1837.9,0,73.516,2-4yr
5134-IKDAY,0,Yes,Yes,1,Fiber optic,No,No,Month-to-month,Yes,Electronic check,69.8,69.8,1,69.8,0-1yr
1360-XFJMR,0,Yes,No,67,Fiber optic,No,Yes,One year,Yes,Credit card,109.7,7344.45,0,109.6186567164179,4-6yr
3070-DVEYC,1,No,No,7,Fiber optic,No,No,Month-to-month,No,Mailed check,73.75,545.15,1,77.87857142857142,0-1yr
5730-RIITO,1,No,No,43,DSL,Yes,No,Month-to-month,Yes,Credit card,33.45,1500.25,0,34.88953488372093,2-4yr
9058-MJLZC,0,No,No,24,Fiber optic,Yes,No,Month-to-month,Yes,Electronic check,94.6,2283.15,0,95.13125000000001,1-2yr
5707-ORNDZ,1,No,No,9,DSL,Yes,No,Month-to-month,No,Electronic check,54.55,494.05,1,54.894444444444446,0-1yr
0902-XKXPN,0,Yes,Yes,69,No,No,No,Two year,No,Bank transfer,20.2,1376.5,0,19.94927536231884,4-6yr
5177-RVZNU,0,No,Yes,37,No,No,No,One year,No,Bank transfer,20.3,755.4,0,20.416216216216217,2-4yr
0056-EPFBG,0,Yes,Yes,20,DSL,Yes,Yes,Two year,Yes,Credit card,39.4,825.4,0,41.269999999999996,1-2yr
8993-IZEUX,0,No,No,7,Fiber optic,No,No,Month-to-month,No,Bank transfer,69.15,488.65,0,69.80714285714285,0-1yr
8696-JKZNU,1,No,No,37,Fiber optic,No,No,Month-to-month,Yes,Electronic check,76.25,2841.55,1,76.79864864864865,2-4yr
5380-AFSSK,0,No,No,5,Fiber optic,No,No,Month-to-month,Yes,Mailed check,93.9,486.85,1,97.37,0-1yr
8190-ZTQFB,0,No,No,41,DSL,No,No,One year,Yes,Electronic check,51.35,2075.1,0,50.61219512195122,2-4yr
0931-MHTEM,0,No,No,54,Fiber optic,Yes,No,One year,Yes,Credit card,100.05,5299.65,0,98.14166666666667,4-6yr
2055-PDADH,1,No,No,3,Fiber optic,No,No,Month-to-month,Yes,Electronic check,70.4,204.7,1,68.23333333333333,0-1yr
7515-LODFU,1,No,No,69,No,No,No,Two year,No,Credit card,20.3,1356.3,0,19.656521739130433,4-6yr
0440-UEDAI,0,No,No,53,Fiber optic,No,Yes,One year,Yes,Credit card,94.45,5042.75,0,95.14622641509433,4-6yr
1337-BOZWO,0,Yes,Yes,18,DSL,No,No,One year,No,Credit card,46.4,812.4,0,45.13333333333333,1-2yr
0868-VJRDR,0,Yes,No,64,Fiber optic,Yes,Yes,Two year,Yes,Credit card,104.05,6605.55,0,103.21171875,4-6yr
8714-EUHJO,0,Yes,Yes,31,Fiber optic,No,No,Month-to-month,Yes,Electronic check,91.15,2995.45,1,96.62741935483871,2-4yr
6344-SFJVH,0,No,No,20,DSL,No,No,Month-to-month,No,Credit card,24.9,505.95,0,25.2975,1-2yr
3950-VPYJB,0,Yes,Yes,57,DSL,Yes,Yes,One year,No,Mailed check,59.6,3509.4,0,61.56842105263158,4-6yr
8041-TMEID,1,Yes,No,63,Fiber optic,Yes,No,Two year,No,Credit card,108.5,6991.9,0,110.98253968253968,4-6yr
7321-ZNSLA,0,Yes,Yes,13,DSL,Yes,Yes,Two year,No,Mailed check,40.55,590.35,0,45.41153846153846,1-2yr
6941-KXRRV,1,Yes,No,48,DSL,No,No,One year,Yes,Bank transfer,58.95,2789.7,0,58.11875,2-4yr
3721-CNEYS,0,No,No,2,Fiber optic,No,No,Month-to-month,Yes,Electronic check,70.95,137.95,1,68.975,0-1yr
8727-JQFHV,0,Yes,Yes,57,No,No,No,Two year,No,Mailed check,20.75,1123.15,0,19.704385964912284,4-6yr
9475-NNDGC,0,Yes,No,71,Fiber optic,No,Yes,One year,Yes,Bank transfer,113.15,7953.25,0,112.01760563380282,4-6yr
1355-KUSBG,0,Yes,Yes,7,DSL,No,No,Month-to-month,No,Electronic check,48.8,349.8,0,49.971428571428575,0-1yr
3688-FTHLT,0,No,No,16,DSL,No,No,Month-to-month,Yes,Bank transfer,63.05,1067.05,0,66.690625,1-2yr
0899-LIIBW,0,Yes,No,34,Fiber optic,No,No,Month-to-month,No,Electronic check,100.85,3527.3,0,103.74411764705883,2-4yr
2568-OIADY,0,Yes,No,37,Fiber optic,No,No,Month-to-month,Yes,Electronic check,99.5,3762.0,1,101.67567567567568,2-4yr
1384-RCUXW,0,No,No,16,Fiber optic,No,No,Month-to-month,Yes,Mailed check,80.55,1248.9,0,78.05625,1-2yr
5825-XJOCM,0,No,Yes,48,DSL,Yes,No,One year,Yes,Bank transfer,64.4,3035.35,0,63.23645833333333,2-4yr
6848-YLDFR,0,Yes,Yes,58,DSL,No,Yes,One year,Yes,Credit card,75.2,4300.8,0,74.15172413793104,4-6yr
8125-QPFJD,0,Yes,No,72,DSL,Yes,Yes,Two year,Yes,Bank transfer,84.9,6065.3,0,84.24027777777778,4-6yr
2320-YKQBO,0,No,No,7,No,No,No,Month-to-month,No,Mailed check,19.3,144.95,0,20.707142857142856,0-1yr
1193-RTSLK,0,No,No,38,Fiber optic,Yes,No,Month-to-month,Yes,Credit card,83.9,3233.6,1,85.09473684210526,2-4yr
2302-ANTDP,1,Yes,No,48,Fiber optic,Yes,Yes,Month-to-month,No,Electronic check,117.45,5438.9,1,113.31041666666665,2-4yr
5923-GXUOC,0,No,No,10,Fiber optic,Yes,No,Month-to-month,Yes,Electronic check,104.4,1081.45,1,108.14500000000001,0-1yr
4973-RLZVI,0,No,No,30,DSL,Yes,Yes,One year,No,Credit card,74.65,2308.6,0,76.95333333333333,2-4yr
7869-ZYDST,0,Yes,No,31,DSL,No,No,Month-to-month,Yes,Credit card,59.05,1882.8,0,60.73548387096774,2-4yr
4501-UYKBC,1,No,No,46,DSL,No,Yes,One year,Yes,Credit card,69.1,3255.35,0,70.76847826086956,2-4yr
1215-EXRMO,0,Yes,No,50,No,No,No,Two year,No,Mailed check,20.55,1067.65,0,21.353,4-6yr
2305-MRGLV,0,Yes,No,28,Fiber optic,No,Yes,Month-to-month,No,Bank transfer,76.55,2065.4,0,73.76428571428572,2-4yr
8404-VIOMB,0,No,No,66,DSL,Yes,Yes,Two year,Yes,Bank transfer,62.5,4136.4,0,62.672727272727265,4-6yr
5233-GEEAX,1,No,No,8,DSL,No,No,Month-to-month,Yes,Electronic check,29.4,221.9,1,27.7375,0-1yr
2359-KLTEK,0,Yes,Yes,41,Fiber optic,No,No,Month-to-month,Yes,Bank transfer,94.9,3848.0,0,93.85365853658537,2-4yr
5304-EFJLP,1,Yes,No,72,Fiber optic,No,Yes,Two year,Yes,Bank transfer,111.65,8022.85,0,111.42847222222223,4-6yr
2673-ZALNP,0,No,No,7,No,No,No,One year,No,Mailed check,19.9,173.15,0,24.735714285714288,0-1yr
9184-GALIL,0,Yes,Yes,38,No,No,No,Month-to-month,No,Mailed check,20.45,781.25,0,20.55921052631579,2-4yr
4393-RYCRE,0,No,No,44,Fiber optic,Yes,No,One year,Yes,Electronic check,106.05,4510.8,0,102.51818181818182,2-4yr
9746-MDMBK,0,Yes,Yes,47,Fiber optic,Yes,Yes,One year,Yes,Bank transfer,113.45,5317.8,0,113.14468085106384,2-4yr
3162-ZJZFU,0,Yes,Yes,53,Fiber optic,No,Yes,Month-to-month,Yes,Electronic check,92.55,4779.45,0,90.17830188679245,4-6yr
8404-GFGCZ,0,Yes,No,4,DSL,No,No,Month-to-month,No,Electronic check,65.6,250.1,0,62.525,0-1yr
8875-AKBYH,1,No,No,20,Fiber optic,No,No,Month-to-month,Yes,Electronic check,84.35,1745.2,0,87.26,1-2yr
4432-ADRLB,0,No,No,2,DSL,No,No,Month-to-month,No,Mailed check,44.65,74.9,1,37.45,0-1yr
0533-UCAAU,1,Yes,No,57,DSL,No,No,One year,Yes,Credit card,71.1,4140.1,0,72.63333333333334,4-6yr
1394-SUIUH,1,Yes,No,44,Fiber optic,Yes,Yes,Month-to-month,Yes,Electronic check,85.15,3670.5,0,83.42045454545455,2-4yr
3521-MNKLV,0,No,No,24,DSL,No,No,Month-to-month,Yes,Mailed check,49.7,1167.8,0,48.65833333333333,1-2yr
2533-TIBIX,0,Yes,Yes,15,DSL,Yes,No,Month-to-month,Yes,Bank transfer,30.2,469.65,0,31.31,1-2yr
8993-PHFWD,0,No,No,3,DSL,No,No,Month-to-month,No,Electronic check,25.25,58.9,1,19.633333333333333,0-1yr
1565-RHDJD,0,No,Yes,4,Fiber optic,No,No,Month-to-month,No,Bank transfer,84.05,333.55,1,83.3875,0-1yr
7137-RYLPP,1,Yes,No,37,Fiber optic,No,No,Month-to-month,Yes,Electronic check,85.7,3171.15,1,85.70675675675676,2-4yr
3765-JXVKY,0,No,No,1,Fiber optic,No,No,Month-to-month,Yes,Electronic check,74.7,74.7,1,74.7,0-1yr
5092-STPKP,0,No,No,24,DSL,Yes,Yes,Month-to-month,No,Credit card,56.35,1381.2,0,57.550000000000004,1-2yr
7330-WZLNC,0,No,No,5,Fiber optic,No,No,Month-to-month,Yes,Electronic check,90.8,455.5,1,91.1,0-1yr
0114-PEGZZ,0,No,No,33,Fiber optic,No,No,Month-to-month,No,Electronic check,107.55,3645.5,0,110.46969696969697,2-4yr
3359-DSRKA,0,Yes,Yes,58,No,No,No,Two year,Yes,Mailed check,19.85,1158.85,0,19.980172413793102,4-6yr
8639-NHQEI,0,Yes,Yes,72,Fiber optic,Yes,No,Two year,Yes,Bank transfer,95.9,6954.15,0,96.58541666666666,4-6yr
7161-DFHUF,0,Yes,No,71,No,No,No,Two year,No,Mailed check,23.85,1672.1,0,23.55070422535211,4-6yr
3957-LXOLK,1,No,No,28,Fiber optic,No,No,Month-to-month,Yes,Electronic check,106.15,3152.5,1,112.58928571428571,2-4yr
3720-DBRWL,0,Yes,No,51,DSL,Yes,Yes,Two year,Yes,Credit card,83.85,4307.1,0,84.45294117647059,4-6yr
6635-MYYYZ,0,No,No,30,DSL,Yes,Yes,One year,No,Bank transfer,85.35,2530.4,1,84.34666666666666,2-4yr
8565-WUXZU,1,Yes,No,72,Fiber optic,Yes,Yes,Two year,Yes,Credit card,84.8,6141.65,0,85.30069444444445,4-6yr
5281-BUZGT,1,No,No,36,Fiber optic,Yes,No,Month-to-month,Yes,Electronic check,90.85,3186.7,1,88.51944444444445,2-4yr
4994-OBRSZ,0,No,Yes,14,DSL,Yes,Yes,Two year,No,Bank transfer,76.1,1054.8,0,75.34285714285714,1-2yr
0562-FGDCR,0,Yes,Yes,72,DSL,Yes,Yes,Two year,No,Mailed check,74.55,5430.65,0,75.42569444444445,4-6yr
2436-QBZFP,0,Yes,Yes,22,DSL,No,No,Month-to-month,No,Electronic check,39.2,849.9,0,38.63181818181818,1-2yr
3420-YJLQT,0,No,No,2,Fiber optic,No,No,Month-to-month,No,Electronic check,79.55,151.75,0,75.875,0-1yr
6040-CGACY,0,No,No,15,No,No,No,Month-to-month,No,Mailed check,19.6,299.4,0,19.959999999999997,1-2yr
6582-PLFUU,0,Yes,Yes,51,No,No,No,Two year,No,Credit card,19.55,1086.75,0,21.308823529411764,4-6yr
8242-PDSGJ,0,Yes,No,70,DSL,Yes,Yes,Two year,Yes,Credit card,39.15,2692.75,0,38.46785714285714,4-6yr
0264-CNITK,0,Yes,Yes,71,No,No,No,Two year,No,Bank transfer,20.1,1389.6,0,19.57183098591549,4-6yr
0089-IIQKO,0,Yes,Yes,39,Fiber optic,No,Yes,Month-to-month,Yes,Credit card,99.95,3767.4,0,96.60000000000001,2-4yr
7839-NUIAA,0,Yes,Yes,61,DSL,Yes,No,Month-to-month,No,Electronic check,59.8,3641.5,0,59.69672131147541,4-6yr
6075-QMNRR,0,No,No,52,DSL,Yes,No,Month-to-month,Yes,Bank transfer,49.75,2535.55,0,48.760576923076925,4-6yr
5378-IKEEG,0,No,No,1,DSL,No,No,Month-to-month,Yes,Electronic check,35.75,35.75,1,35.75,0-1yr
5966-EMAZU,0,Yes,No,64,Fiber optic,Yes,Yes,One year,Yes,Mailed check,108.5,6880.85,0,107.51328125,4-6yr
0440-EKDCF,0,Yes,No,62,DSL,No,Yes,Two year,Yes,Credit card,60.15,3753.2,0,60.53548387096774,4-6yr
4774-HHGGS,0,Yes,No,30,No,No,No,Two year,No,Mailed check,19.05,637.55,0,21.251666666666665,2-4yr
2718-GAXQD,1,Yes,Yes,4,DSL,No,No,Month-to-month,No,Electronic check,46.0,181.6,1,45.4,0-1yr
2055-BFOCC,1,Yes,No,63,DSL,Yes,Yes,One year,Yes,Bank transfer,84.0,5329.55,0,84.59603174603176,4-6yr
8180-AKMJV,0,No,No,1,DSL,No,No,Month-to-month,Yes,Credit card,44.55,44.55,0,44.55,0-1yr
4298-OYIFC,0,Yes,No,15,Fiber optic,No,Yes,Month-to-month,Yes,Electronic check,103.45,1539.8,0,102.65333333333334,1-2yr
5566-SOEZD,0,Yes,Yes,27,Fiber optic,Yes,No,One year,Yes,Credit card,80.65,2209.75,0,81.8425925925926,2-4yr
9842-EFSYY,0,No,Yes,4,DSL,Yes,No,Month-to-month,Yes,Mailed check,57.2,223.75,0,55.9375,0-1yr
2272-WUSPA,0,Yes,No,72,Fiber optic,Yes,No,Two year,Yes,Electronic check,110.75,7751.7,0,107.6625,4-6yr
4584-LBNMK,1,Yes,No,45,No,No,No,One year,No,Credit card,24.7,1174.35,0,26.096666666666664,2-4yr
3898-GUYTS,1,No,No,45,Fiber optic,Yes,Yes,Month-to-month,Yes,Electronic check,97.05,4385.05,0,97.44555555555556,2-4yr
0930-EHUZA,0,No,No,36,DSL,Yes,Yes,One year,Yes,Mailed check,76.35,2606.35,0,72.39861111111111,2-4yr
6413-XKKPU,0,Yes,Yes,17,Fiber optic,Yes,No,Month-to-month,Yes,Electronic check,89.4,1539.45,1,90.55588235294118,1-2yr
9975-SKRNR,0,No,No,1,No,No,No,Month-to-month,No,Mailed check,18.9,18.9,0,18.9,0-1yr
3703-KBKZP,1,No,No,16,Fiber optic,No,No,Month-to-month,Yes,Bank transfer,74.45,1261.35,0,78.834375,1-2yr
1449-XQEMT,0,No,No,3,No,No,No,Month-to-month,Yes,Mailed check,19.8,58.15,1,19.383333333333333,0-1yr
2626-URJFX,0,Yes,Yes,4,DSL,No,No,Month-to-month,Yes,Electronic check,50.9,225.6,1,56.4,0-1yr
4973-MGTON,0,Yes,No,71,DSL,Yes,Yes,Two year,Yes,Credit card,84.4,5969.3,0,84.07464788732395,4-6yr
3682-YEUWS,0,Yes,Yes,10,No,No,No,Month-to-month,Yes,Mailed check,24.4,253.9,0,25.39,0-1yr
1223-UNPKS,0,Yes,Yes,20,No,No,No,Two year,No,Mailed check,20.05,400.0,0,20.0,1-2yr
2612-RRIDN,0,No,No,4,Fiber optic,No,No,Month-to-month,Yes,Electronic check,81.0,340.85,1,85.2125,0-1yr
4735-ASGMA,0,No,No,26,Fiber optic,No,No,Month-to-month,Yes,Electronic check,98.35,2515.3,1,96.7423076923077,2-4yr
3446-QDSZF,0,No,No,4,DSL,No,No,Month-to-month,No,Credit card,55.5,227.35,0,56.8375,0-1yr
3669-LVWZB,0,No,No,5,DSL,No,No,Month-to-month,Yes,Mailed check,51.0,305.95,1,61.19,0-1yr
6892-EZDTG,0,Yes,No,4,Fiber optic,No,No,Month-to-month,Yes,Electronic check,91.65,365.4,1,91.35,0-1yr
5117-IFGPS,1,Yes,No,29,Fiber optic,No,No,Month-to-month,Yes,Electronic check,84.3,2357.75,0,81.30172413793103,2-4yr
7379-FNIUJ,0,No,No,2,Fiber optic,Yes,No,Month-to-month,No,Electronic check,100.2,198.5,0,99.25,0-1yr
1627-AFWVJ,0,No,No,29,No,No,No,Two year,No,Mailed check,19.4,554.25,0,19.112068965517242,2-4yr
9725-SCPZG,0,No,Yes,1,Fiber optic,No,No,Month-to-month,Yes,Electronic check,90.85,90.85,1,90.85,0-1yr
5884-GCYMI,0,No,No,1,Fiber optic,No,No,Month-to-month,No,Mailed check,69.4,69.4,1,69.4,0-1yr
3217-FZDMN,1,No,No,8,Fiber optic,No,No,Month-to-month,Yes,Credit card,94.45,742.95,1,92.86875,0-1yr
4486-EFAEB,0,No,No,13,No,No,No,Month-to-month,Yes,Electronic check,20.4,251.65,0,19.357692307692307,1-2yr
0060-FUALY,0,Yes,No,59,Fiber optic,Yes,No,Month-to-month,Yes,Electronic check,94.75,5597.65,0,94.87542372881356,4-6yr
7853-GVUDZ,0,Yes,Yes,1,No,No,No,Month-to-month,Yes,Credit card,20.15,20.15,1,20.15,0-1yr
7480-QNVZJ,1,No,No,50,Fiber optic,No,No,Month-to-month,Yes,Electronic check,95.7,4816.7,1,96.334,4-6yr
6954-OOYZZ,0,Yes,No,18,DSL,No,No,Month-to-month,Yes,Bank transfer,44.35,768.05,0,42.669444444444444,1-2yr
7088-FBAWU,0,Yes,Yes,17,DSL,Yes,No,Month-to-month,No,Mailed check,74.55,1215.8,0,71.51764705882353,1-2yr
8313-AFGBW,0,Yes,No,47,DSL,No,No,Two year,No,Electronic check,73.6,3522.65,0,74.95,2-4yr
3943-KDREE,0,No,No,26,Fiber optic,No,No,Month-to-month,Yes,Bank transfer,74.95,1834.95,1,70.575,2-4yr
9239-ZBZZV,0,No,No,6,DSL,No,No,Month-to-month,Yes,Electronic check,47.95,305.1,1,50.85,0-1yr
3097-IDVPU,0,Yes,Yes,19,DSL,No,No,Month-to-month,No,Credit card,50.1,910.45,0,47.91842105263158,1-2yr
4398-HSCJH,0,No,No,3,DSL,No,Yes,Month-to-month,Yes,Electronic check,63.6,155.65,1,51.88333333333333,0-1yr
2197-OMWGI,1,Yes,Yes,68,DSL,No,No,Two year,Yes,Electronic check,53.0,3656.25,0,53.768382352941174,4-6yr
2303-PJYHN,0,Yes,No,2,No,No,No,Month-to-month,No,Bank transfer,19.85,52.0,0,26.0,0-1yr
9795-VOWON,0,No,No,7,DSL,No,No,One year,Yes,Credit card,24.35,150.85,0,21.55,0-1yr
1237-WIYYZ,0,No,No,18,No,No,No,Month-to-month,Yes,Mailed check,19.55,389.25,0,21.625,1-2yr
1987-AUELQ,0,Yes,No,71,No,No,No,Two year,No,Credit card,25.05,1873.7,0,26.390140845070423,4-6yr
7852-LECYP,1,Yes,No,13,Fiber optic,Yes,No,Month-to-month,No,Credit card,93.8,1261.0,0,97.0,1-2yr
4430-UZIPO,0,No,No,3,DSL,No,Yes,Month-to-month,Yes,Mailed check,36.85,108.7,1,36.233333333333334,0-1yr
4822-LPTYJ,0,Yes,No,72,Fiber optic,No,No,Two year,Yes,Bank transfer,103.75,7346.2,0,102.03055555555555,4-6yr
8165-CBKXO,0,Yes,Yes,66,DSL,No,No,Two year,Yes,Credit card,56.75,3708.4,0,56.18787878787879,4-6yr
6527-PZFPV,0,Yes,Yes,24,No,No,No,One year,Yes,Credit card,20.8,469.65,0,19.568749999999998,1-2yr
4855-SNKMY,0,No,No,1,DSL,No,No,Month-to-month,Yes,Electronic check,44.1,44.1,1,44.1,0-1yr
9593-CVZKR,0,Yes,Yes,56,No,No,No,Two year,Yes,Mailed check,24.45,1385.85,0,24.74732142857143,4-6yr
8595-SIZNC,1,Yes,No,22,No,No,No,One year,No,Bank transfer,25.6,548.8,0,24.94545454545454,1-2yr
8008-HAWED,0,No,No,14,DSL,No,No,Month-to-month,Yes,Electronic check,50.75,712.75,1,50.910714285714285,1-2yr
7124-UGSUR,1,Yes,No,61,Fiber optic,No,No,One year,Yes,Credit card,104.4,6405.0,1,105.0,4-6yr
1862-SKORY,1,Yes,No,40,DSL,No,No,Month-to-month,Yes,Electronic check,39.3,1637.4,1,40.935,2-4yr
5236-XMZJY,0,No,No,42,DSL,Yes,No,Month-to-month,No,Bank transfer,59.65,2536.55,0,60.394047619047626,2-4yr
4827-DPADN,0,Yes,Yes,72,DSL,Yes,Yes,Two year,Yes,Bank transfer,83.3,6042.7,0,83.92638888888888,4-6yr
2694-CIUMO,0,No,No,12,Fiber optic,No,Yes,Month-to-month,Yes,Credit card,79.55,958.25,0,79.85416666666667,0-1yr
5846-ABOBJ,0,Yes,No,71,No,No,No,Two year,No,Bank transfer,24.45,1730.65,0,24.375352112676058,4-6yr
1439-LCGVL,0,Yes,No,26,No,No,No,One year,No,Mailed check,19.2,459.6,0,17.676923076923078,2-4yr
0909-SDHNU,0,No,Yes,7,DSL,Yes,No,Month-to-month,No,Mailed check,29.8,201.95,0,28.849999999999998,0-1yr
4647-XXZAM,0,Yes,Yes,6,DSL,No,No,Month-to-month,No,Mailed check,45.5,285.2,0,47.53333333333333,0-1yr
1502-XFCVR,0,No,No,58,Fiber optic,Yes,No,One year,Yes,Electronic check,106.45,6145.85,1,105.96293103448276,4-6yr
7740-KKCXF,0,Yes,No,51,DSL,No,No,Month-to-month,Yes,Credit card,30.05,1529.45,0,29.98921568627451,4-6yr
5360-XGYAZ,0,Yes,Yes,72,DSL,Yes,Yes,Two year,Yes,Bank transfer,65.65,4664.5,0,64.78472222222223,4-6yr
9692-TUSXH,0,No,No,18,Fiber optic,Yes,No,Month-to-month,Yes,Electronic check,96.05,1740.7,1,96.70555555555556,1-2yr
7912-SYRQT,0,No,No,7,Fiber optic,No,No,Month-to-month,Yes,Bank transfer,75.1,552.95,1,78.99285714285715,0-1yr
3557-HTYWR,0,No,No,47,DSL,Yes,Yes,Two year,No,Mailed check,74.05,3496.3,0,74.38936170212766,2-4yr
4816-JBHOV,1,No,No,2,DSL,No,No,Month-to-month,Yes,Electronic check,44.7,93.7,1,46.85,0-1yr
8920-NAVAY,1,No,No,62,Fiber optic,No,Yes,One year,Yes,Bank transfer,110.75,7053.35,0,113.76370967741936,4-6yr
1699-TLDLZ,0,Yes,Yes,16,No,No,No,Two year,No,Mailed check,19.7,301.55,0,18.846875,1-2yr
5600-PDUJF,0,No,No,6,DSL,No,Yes,Month-to-month,Yes,Credit card,49.5,312.7,0,52.11666666666667,0-1yr
8292-TYSPY,0,No,No,19,DSL,No,Yes,Month-to-month,Yes,Credit card,55.0,1046.5,1,55.078947368421055,1-2yr
0567-XRHCU,0,Yes,Yes,69,DSL,Yes,No,Two year,Yes,Credit card,43.95,2960.1,0,42.9,4-6yr
1867-BDVFH,0,Yes,Yes,11,Fiber optic,No,No,Month-to-month,Yes,Electronic check,74.35,834.2,1,75.83636363636364,0-1yr
2067-QYTCF,0,Yes,No,64,Fiber optic,No,Yes,Month-to-month,Yes,Electronic check,111.15,6953.4,0,108.646875,4-6yr
2359-QWQUL,0,Yes,No,39,Fiber optic,Yes,Yes,One year,Yes,Credit card,104.7,4134.85,1,106.02179487179488,2-4yr
9103-TCIHJ,0,No,No,15,DSL,Yes,No,Month-to-month,Yes,Mailed check,55.7,899.8,1,59.986666666666665,1-2yr
7407-SUJIZ,0,No,No,25,No,No,No,Month-to-month,No,Mailed check,20.6,541.5,0,21.66,2-4yr
9150-KPBJQ,0,No,No,6,No,No,No,Two year,No,Credit card,19.65,116.85,0,19.474999999999998,0-1yr
0052-DCKON,0,Yes,No,66,Fiber optic,Yes,Yes,One year,No,Bank transfer,115.8,7942.15,0,120.33560606060605,4-6yr
3654-ARMGP,0,No,No,61,DSL,No,Yes,Two year,No,Credit card,88.65,5321.25,0,87.23360655737704,4-6yr
9699-UBQFS,1,Yes,No,43,Fiber optic,Yes,No,Month-to-month,Yes,Electronic check,94.5,4156.8,0,96.66976744186047,2-4yr
9367-TCUYN,0,No,No,12,No,No,No,Month-to-month,No,Mailed check,20.1,223.6,0,18.633333333333333,0-1yr
1261-FWTTE,1,No,No,23,DSL,No,No,Month-to-month,Yes,Bank transfer,34.65,768.45,0,33.410869565217396,1-2yr
3528-HFRIQ,1,Yes,No,71,DSL,No,No,Month-to-month,Yes,Bank transfer,52.3,3765.05,0,53.02887323943662,4-6yr
0708-SJDIS,0,No,No,34,DSL,No,Yes,Month-to-month,No,Mailed check,65.0,2157.5,0,63.455882352941174,2-4yr
4140-WJAWW,0,No,No,5,No,No,No,Month-to-month,No,Credit card,19.85,108.05,1,21.61,0-1yr
2073-QBVBI,0,Yes,No,41,DSL,No,Yes,One year,No,Mailed check,35.45,1391.65,0,33.94268292682927,2-4yr
6928-ONTRW,0,Yes,Yes,72,No,No,No,Two year,No,Credit card,19.7,1379.8,0,19.163888888888888,4-6yr
3320-VEOYC,1,No,No,14,Fiber optic,No,No,Month-to-month,Yes,Electronic check,95.6,1273.3,0,90.95,1-2yr
5231-FIQPA,0,No,No,41,No,No,No,Two year,Yes,Mailed check,19.85,810.45,0,19.76707317073171,2-4yr
6617-WLBQC,0,Yes,Yes,23,Fiber optic,Yes,No,One year,No,Credit card,81.85,1810.85,0,78.73260869565217,1-2yr
2599-CIPQE,0,Yes,Yes,71,Fiber optic,Yes,Yes,Two year,No,Credit card,109.3,7782.85,0,109.61760563380282,4-6yr
6653-CBBOM,0,No,No,1,Fiber optic,No,No,Month-to-month,Yes,Electronic check,70.3,70.3,1,70.3,0-1yr
8774-GSBUN,0,Yes,No,72,No,No,No,Two year,No,Mailed check,25.4,1797.1,0,24.959722222222222,4-6yr
7326-RIGQZ,0,Yes,Yes,6,Fiber optic,No,No,Month-to-month,Yes,Electronic check,69.8,377.85,0,62.975,0-1yr
1401-FTHFQ,0,Yes,Yes,23,No,No,No,One year,Yes,Credit card,20.0,445.3,0,19.360869565217392,1-2yr
3247-ZVOUO,1,Yes,No,10,Fiber optic,No,No,Month-to-month,No,Electronic check,85.55,851.75,1,85.175,0-1yr
0254-FNMCI,0,No,No,72,Fiber optic,Yes,Yes,Two year,Yes,Electronic check,109.9,7624.2,0,105.89166666666667,4-6yr
1848-LBZHY,0,Yes,No,7,DSL,Yes,No,Month-to-month,Yes,Bank transfer,50.3,355.1,0,50.728571428571435,0-1yr
6101-IMRMM,0,No,Yes,6,Fiber optic,No,No,Month-to-month,No,Mailed check,94.5,575.45,1,95.90833333333335,0-1yr
8118-TJAFG,0,Yes,Yes,9,Fiber optic,No,Yes,Month-to-month,Yes,Electronic check,101.5,906.85,0,100.76111111111112,0-1yr
5429-LWCMV,0,No,No,12,Fiber optic,No,No,Month-to-month,Yes,Electronic check,89.15,1057.55,0,88.12916666666666,0-1yr
7298-IZWLY,0,No,No,1,No,No,No,Month-to-month,Yes,Mailed check,19.4,19.4,0,19.4,0-1yr
9758-MFWGD,1,Yes,Yes,48,DSL,No,No,One year,No,Bank transfer,29.9,1388.75,0,28.932291666666668,2-4yr
3955-JBZZM,0,No,No,20,Fiber optic,No,No,Month-to-month,No,Electronic check,78.8,1641.3,0,82.065,1-2yr
1268-ASBGA,1,Yes,No,16,Fiber optic,No,No,Month-to-month,Yes,Credit card,85.35,1375.15,1,85.946875,1-2yr
8943-URTMR,0,No,No,2,Fiber optic,No,No,Month-to-month,Yes,Mailed check,79.65,152.7,1,76.35,0-1yr
4815-TUMEQ,0,No,No,10,No,No,No,One year,Yes,Mailed check,19.3,185.2,0,18.52,0-1yr
4713-LZDRV,1,No,No,2,Fiber optic,No,No,Month-to-month,Yes,Electronic check,79.6,195.05,1,97.525,0-1yr
9909-IDLEK,0,Yes,Yes,20,Fiber optic,No,Yes,Month-to-month,No,Mailed check,96.8,1826.7,0,91.33500000000001,1-2yr
4092-OFQZS,0,Yes,No,20,No,No,No,One year,No,Mailed check,20.65,417.5,0,20.875,1-2yr
1561-BWHIN,0,Yes,Yes,19,No,No,No,One year,No,Mailed check,19.8,344.5,0,18.13157894736842,1-2yr
4325-NFSKC,1,No,No,19,Fiber optic,Yes,No,Month-to-month,Yes,Electronic check,90.6,1660.0,1,87.36842105263158,1-2yr
9927-DSWDF,0,Yes,No,22,Fiber optic,Yes,Yes,Month-to-month,Yes,Electronic check,104.6,2180.55,0,99.1159090909091,1-2yr
9500-LTVBP,0,No,No,35,Fiber optic,No,Yes,Month-to-month,No,Credit card,80.05,2835.9,0,81.02571428571429,2-4yr
7252-NTGSS,0,No,No,1,DSL,No,No,Month-to-month,No,Mailed check,45.15,45.15,0,45.15,0-1yr
8149-AIQCG,0,No,No,39,Fiber optic,No,No,Month-to-month,Yes,Credit card,73.15,2730.85,0,70.02179487179487,2-4yr
1360-JYXKQ,1,Yes,No,54,Fiber optic,No,Yes,One year,Yes,Electronic check,99.1,5437.1,0,100.68703703703704,4-6yr
2955-PSXOE,0,No,No,1,No,No,No,Month-to-month,Yes,Bank transfer,20.2,20.2,1,20.2,0-1yr
7762-URZQH,0,Yes,No,66,Fiber optic,Yes,No,Two year,Yes,Credit card,106.05,6981.35,1,105.7780303030303,4-6yr
0899-WZRSD,0,No,No,56,Fiber optic,Yes,Yes,Month-to-month,Yes,Mailed check,105.35,5794.45,0,103.47232142857142,4-6yr
3255-GRXMG,0,No,Yes,18,DSL,No,No,Month-to-month,Yes,Credit card,45.65,747.2,0,41.51111111111111,1-2yr
4828-FAZPK,0,Yes,Yes,16,Fiber optic,No,No,Month-to-month,Yes,Credit card,79.95,1267.95,0,79.246875,1-2yr
6094-ZIVKX,0,No,No,68,DSL,Yes,No,One year,Yes,Credit card,54.45,3674.95,0,54.04338235294117,4-6yr
6925-BAYGL,1,Yes,No,53,No,No,No,Two year,No,Credit card,25.1,1275.6,0,24.067924528301884,4-6yr
3262-EIDHV,0,Yes,Yes,72,DSL,Yes,Yes,Two year,No,Credit card,84.7,5893.9,0,81.85972222222222,4-6yr
7354-OIJLX,0,No,No,9,Fiber optic,No,No,Month-to-month,Yes,Electronic check,75.85,724.65,0,80.51666666666667,0-1yr
1376-HHBDV,0,No,No,30,DSL,Yes,No,Month-to-month,Yes,Mailed check,48.8,1536.75,0,51.225,2-4yr
6907-NZZIJ,0,No,No,36,Fiber optic,No,No,Month-to-month,Yes,Electronic check,99.15,3615.6,1,100.43333333333334,2-4yr
6133-OZILE,0,No,No,18,DSL,No,Yes,Month-to-month,Yes,Electronic check,35.2,607.3,0,33.73888888888889,1-2yr
4135-FRWKJ,1,Yes,Yes,55,DSL,Yes,Yes,One year,No,Electronic check,76.25,4154.55,0,75.53727272727274,4-6yr
2911-UREFD,0,Yes,No,39,DSL,Yes,No,Month-to-month,No,Electronic check,55.9,2184.35,1,56.008974358974356,2-4yr
3744-ZRRDZ,0,No,No,21,Fiber optic,No,No,Month-to-month,Yes,Electronic check,82.35,1852.85,1,88.23095238095237,1-2yr
5673-TIYIB,0,No,No,2,DSL,No,Yes,Month-to-month,Yes,Credit card,40.4,77.15,1,38.575,0-1yr
6551-ZCOTS,1,No,No,33,No,No,No,One year,Yes,Bank transfer,24.9,847.8,0,25.690909090909088,2-4yr
7191-ADRGF,0,Yes,No,44,DSL,No,No,Two year,No,Bank transfer,54.3,2390.45,0,54.32840909090908,2-4yr
5018-LXQQG,0,Yes,Yes,30,DSL,Yes,Yes,Month-to-month,No,Bank transfer,66.3,1923.5,0,64.11666666666666,2-4yr
6892-BOGQE,0,Yes,No,71,No,No,No,Two year,Yes,Bank transfer,20.9,1493.2,0,21.03098591549296,4-6yr
1602-IJQQE,0,No,No,4,Fiber optic,No,No,Month-to-month,No,Electronic check,75.35,338.1,1,84.525,0-1yr
4628-WQCQQ,0,No,Yes,35,Fiber optic,No,No,One year,Yes,Electronic check,85.15,3030.6,1,86.58857142857143,2-4yr
1746-TGTWV,0,Yes,No,1,Fiber optic,No,No,Month-to-month,No,Credit card,75.35,75.35,0,75.35,0-1yr
5995-SNNEW,1,Yes,No,23,Fiber optic,No,No,Month-to-month,Yes,Electronic check,104.45,2184.85,0,94.99347826086957,1-2yr
8050-WYBND,0,No,Yes,22,DSL,No,No,One year,Yes,Credit card,49.45,1031.4,0,46.88181818181818,1-2yr
2821-WARNZ,0,No,Yes,49,No,No,No,One year,No,Credit card,19.45,921.3,0,18.802040816326528,4-6yr
4879-GZLFH,0,Yes,Yes,42,Fiber optic,No,No,Month-to-month,Yes,Electronic check,92.15,3875.4,0,92.27142857142857,2-4yr
1644-IRKSF,0,Yes,Yes,33,Fiber optic,No,No,One year,Yes,Electronic check,93.8,3124.5,1,94.68181818181819,2-4yr
8314-HTWVE,0,Yes,Yes,7,No,No,No,Two year,No,Mailed check,19.85,144.15,0,20.592857142857145,0-1yr
9402-ROUMJ,0,Yes,Yes,67,Fiber optic,Yes,Yes,One year,Yes,Bank transfer,100.25,6689.0,0,99.83582089552239,4-6yr
2507-QZPQS,0,No,No,15,Fiber optic,No,Yes,Month-to-month,No,Electronic check,95.7,1451.1,0,96.74,1-2yr
7159-NOKYQ,0,Yes,No,67,Fiber optic,No,No,Two year,Yes,Electronic check,93.15,6368.2,0,95.04776119402985,4-6yr
5707-ZMDJP,0,Yes,Yes,53,DSL,Yes,Yes,Two year,Yes,Mailed check,69.7,3729.6,0,70.36981132075472,4-6yr
8779-YIQQA,0,Yes,Yes,21,No,No,No,One year,No,Mailed check,19.8,350.1,0,16.67142857142857,1-2yr
7136-IHZJA,0,Yes,Yes,40,DSL,Yes,Yes,Month-to-month,Yes,Mailed check,71.35,2847.2,0,71.17999999999999,2-4yr
8966-OIQHG,0,Yes,Yes,22,No,No,No,One year,No,Bank transfer,20.75,452.35,0,20.561363636363637,1-2yr
7074-STDCN,0,No,No,39,DSL,No,Yes,Month-to-month,Yes,Electronic check,40.6,1494.5,0,38.32051282051282,2-4yr
3705-PSNGL,0,No,No,45,No,No,No,One year,Yes,Electronic check,20.4,930.45,1,20.67666666666667,2-4yr
8739-QOTTN,0,Yes,No,2,No,No,No,Month-to-month,No,Mailed check,20.35,41.85,0,20.925,0-1yr
1399-OUPJN,0,Yes,Yes,57,No,No,No,Two year,No,Bank transfer,19.75,1272.05,0,22.316666666666666,4-6yr
0277-BKSQP,0,Yes,Yes,8,DSL,No,No,Month-to-month,Yes,Electronic check,54.4,475.1,0,59.3875,0-1yr
6502-HCJTI,1,Yes,No,7,Fiber optic,Yes,No,Month-to-month,Yes,Credit card,94.7,673.1,1,96.15714285714286,0-1yr
2606-RMDHZ,0,No,No,6,DSL,No,No,Month-to-month,Yes,Credit card,30.5,208.7,1,34.78333333333333,0-1yr
5774-XZTQC,0,Yes,Yes,7,No,No,No,Month-to-month,No,Mailed check,20.45,150.75,0,21.535714285714285,0-1yr
2676-SSLTO,0,No,No,49,DSL,No,Yes,Two year,Yes,Bank transfer,66.15,3199.0,0,65.28571428571429,4-6yr
6266-QHOJZ,0,No,No,65,Fiber optic,Yes,Yes,One year,Yes,Electronic check,89.85,5844.65,0,89.9176923076923,4-6yr
7269-JISCY,0,No,No,55,DSL,No,No,One year,No,Bank transfer,45.05,2462.6,0,44.77454545454545,4-6yr
0363-SVHYR,0,Yes,Yes,71,DSL,Yes,Yes,Two year,No,Bank transfer,86.85,6263.8,0,88.22253521126761,4-6yr
8547-NSBBO,0,No,No,35,Fiber optic,Yes,Yes,Month-to-month,Yes,Mailed check,96.75,3403.4,0,97.24000000000001,2-4yr
8258-GSTJK,1,No,No,3,Fiber optic,No,No,Month-to-month,Yes,Electronic check,77.0,237.75,1,79.25,0-1yr
6861-OKBCE,0,No,Yes,11,No,No,No,Month-to-month,No,Credit card,20.1,221.35,1,20.12272727272727,0-1yr
9940-RHLFB,0,No,No,1,Fiber optic,No,No,Month-to-month,No,Electronic check,75.3,75.3,1,75.3,0-1yr
6591-QGOYB,0,No,No,17,Fiber optic,Yes,Yes,Month-to-month,Yes,Bank transfer,106.65,1672.1,0,98.35882352941177,1-2yr
9070-BCKQP,0,Yes,No,72,Fiber optic,Yes,Yes,Two year,Yes,Credit card,110.15,7881.2,0,109.46111111111111,4-6yr
6421-SZVEM,0,Yes,Yes,28,Fiber optic,Yes,No,One year,Yes,Bank transfer,82.85,2320.8,0,82.88571428571429,2-4yr
1328-EUZHC,0,Yes,No,18,No,No,No,Two year,No,Mailed check,20.1,370.5,0,20.583333333333332,1-2yr
2995-UPRYS,1,Yes,No,40,Fiber optic,No,Yes,One year,Yes,Credit card,99.2,4062.2,1,101.55499999999999,2-4yr
8878-RYUKI,0,No,No,52,DSL,No,No,Month-to-month,Yes,Electronic check,59.45,3043.7,0,58.5326923076923,4-6yr
9633-DENPU,0,Yes,No,47,DSL,No,No,Month-to-month,Yes,Bank transfer,58.6,2723.4,0,57.94468085106383,2-4yr
7811-JIVPF,0,No,No,23,DSL,No,No,Month-to-month,No,Credit card,49.7,1081.25,0,47.01086956521739,1-2yr
7113-HIPFI,0,Yes,Yes,66,DSL,Yes,Yes,Two year,No,Mailed check,65.85,4097.05,0,62.07651515151515,4-6yr
8541-QVFKM,0,No,No,8,Fiber optic,No,No,Month-to-month,Yes,Electronic check,73.5,632.2,0,79.025,0-1yr
6686-YPGHK,1,No,No,47,Fiber optic,Yes,No,Month-to-month,No,Mailed check,85.5,4042.3,1,86.00638297872341,2-4yr
1383-EZRWL,0,No,No,7,No,No,No,Month-to-month,No,Mailed check,20.05,164.85,1,23.55,0-1yr
9258-CNWAC,0,Yes,Yes,71,Fiber optic,Yes,Yes,Two year,No,Credit card,113.65,8166.8,0,115.02535211267606,4-6yr
5371-VYLSX,1,No,No,50,Fiber optic,Yes,No,Month-to-month,Yes,Electronic check,83.4,4113.7,0,82.274,4-6yr
6374-AFWOX,0,Yes,No,46,DSL,Yes,Yes,Two year,No,Mailed check,65.65,3047.15,0,66.24239130434783,2-4yr
4759-TRPLW,0,No,No,1,Fiber optic,No,No,Month-to-month,No,Electronic check,70.4,70.4,1,70.4,0-1yr
5317-FLPJF,0,No,No,66,DSL,Yes,Yes,Two year,Yes,Bank transfer,61.35,4193.4,0,63.53636363636363,4-6yr
7621-VPNET,0,Yes,No,42,Fiber optic,No,Yes,Month-to-month,Yes,Credit card,85.9,3729.75,0,88.80357142857143,2-4yr
6034-YMTOB,0,No,No,5,Fiber optic,No,Yes,Month-to-month,Yes,Mailed check,75.65,399.45,0,79.89,0-1yr
8563-IIOXK,0,Yes,Yes,7,DSL,Yes,No,One year,Yes,Electronic check,49.75,331.3,1,47.32857142857143,0-1yr
4903-CNOZC,0,No,No,29,DSL,No,No,One year,No,Credit card,70.9,1964.6,0,67.7448275862069,2-4yr
4353-HYOJD,0,Yes,Yes,27,DSL,No,No,Month-to-month,No,Mailed check,49.85,1336.15,0,49.48703703703704,2-4yr
8020-BWHYL,1,No,No,15,Fiber optic,No,No,Month-to-month,Yes,Credit card,75.3,1147.45,1,76.49666666666667,1-2yr
7267-FRMJW,0,Yes,Yes,25,No,No,No,Two year,No,Mailed check,20.1,486.05,0,19.442,2-4yr
2982-VPSGI,0,Yes,No,11,Fiber optic,No,No,Month-to-month,Yes,Electronic check,94.0,1078.9,1,98.08181818181819,0-1yr
4188-FRABG,0,Yes,No,57,Fiber optic,Yes,Yes,Month-to-month,Yes,Electronic check,103.05,5925.75,0,103.96052631578948,4-6yr
8199-ZLLSA,0,No,No,67,Fiber optic,Yes,Yes,One year,Yes,Bank transfer,118.35,7804.15,1,116.47985074626865,4-6yr
4128-ETESU,1,Yes,No,47,Fiber optic,No,No,Month-to-month,No,Electronic check,99.7,4747.2,0,101.00425531914894,2-4yr
0620-DLSLK,0,No,No,13,Fiber optic,No,No,Month-to-month,Yes,Mailed check,81.9,1028.9,0,79.14615384615385,1-2yr
4625-EWPTF,0,No,No,8,DSL,Yes,No,Month-to-month,Yes,Electronic check,30.45,226.45,1,28.30625,0-1yr
5980-NOPLP,0,Yes,No,44,Fiber optic,No,No,Month-to-month,Yes,Electronic check,96.1,4364.1,1,99.18409090909091,2-4yr
3850-OKINF,0,Yes,Yes,71,DSL,Yes,No,One year,Yes,Electronic check,66.2,4692.55,0,66.09225352112676,4-6yr
6892-XPFPU,1,Yes,No,24,Fiber optic,No,No,Month-to-month,Yes,Electronic check,104.25,2433.9,1,101.41250000000001,1-2yr
8010-EZLOU,1,No,No,15,Fiber optic,No,No,Month-to-month,Yes,Electronic check,80.2,1217.25,1,81.15,1-2yr
1156-ZFYDO,0,No,No,1,No,No,No,Month-to-month,No,Electronic check,19.75,19.75,0,19.75,0-1yr
3295-YVUSR,1,No,No,2,Fiber optic,No,No,Month-to-month,Yes,Mailed check,72.6,154.3,0,77.15,0-1yr
8016-NCFVO,1,No,No,55,Fiber optic,Yes,Yes,Month-to-month,Yes,Electronic check,116.5,6382.55,0,116.04636363636364,4-6yr
4119-ZYPZY,1,No,No,71,Fiber optic,No,Yes,Two year,Yes,Electronic check,106.8,7623.2,0,107.36901408450704,4-6yr
5549-ZGHFB,0,Yes,Yes,50,No,No,No,Two year,No,Mailed check,24.95,1261.45,0,25.229,4-6yr
7577-SWIFR,0,No,No,1,Fiber optic,No,No,Month-to-month,Yes,Electronic check,89.25,89.25,0,89.25,0-1yr
0303-WMMRN,0,No,No,5,No,No,No,Month-to-month,Yes,Mailed check,19.25,86.05,0,17.21,0-1yr
6408-OTUBZ,0,No,No,66,Fiber optic,Yes,Yes,One year,Yes,Bank transfer,104.55,6779.05,0,102.7128787878788,4-6yr
5204-HMGYF,0,Yes,Yes,49,DSL,Yes,Yes,One year,Yes,Mailed check,87.2,4345.0,0,88.6734693877551,4-6yr
1078-TDCRN,1,Yes,No,3,DSL,No,No,Month-to-month,Yes,Electronic check,30.75,82.85,0,27.616666666666664,0-1yr
3727-OVPRY,0,Yes,Yes,66,No,No,No,One year,Yes,Credit card,25.7,1714.55,0,25.9780303030303,4-6yr
3797-FKOGQ,0,No,Yes,11,Fiber optic,No,No,Month-to-month,No,Electronic check,86.2,893.2,0,81.2,0-1yr
7622-NXQZR,0,No,No,28,DSL,No,Yes,Month-to-month,Yes,Credit card,30.1,810.85,0,28.958928571428572,2-4yr
6196-HBOBZ,0,Yes,No,65,Fiber optic,Yes,No,Two year,Yes,Electronic check,99.35,6347.55,0,97.65461538461538,4-6yr
3970-XGJDU,0,No,No,62,No,No,No,Two year,Yes,Credit card,19.2,1123.65,0,18.123387096774195,4-6yr
7017-VFULY,0,Yes,No,2,No,No,No,Month-to-month,No,Bank transfer,20.1,43.15,0,21.575,0-1yr
5562-YJQGT,0,No,No,2,No,No,No,Month-to-month,No,Credit card,20.35,35.1,0,17.55,0-1yr
8807-OPMBM,0,Yes,Yes,55,No,No,No,Two year,Yes,Credit card,25.65,1388.0,0,25.236363636363638,4-6yr
5439-WIKXB,1,Yes,No,41,Fiber optic,No,No,Month-to-month,Yes,Electronic check,94.55,3851.45,0,93.93780487804878,2-4yr
9874-QLCLH,0,Yes,Yes,17,Fiber optic,Yes,No,Month-to-month,Yes,Electronic check,104.2,1743.5,1,102.55882352941177,1-2yr
8294-UIMBA,0,No,No,30,Fiber optic,No,Yes,One year,Yes,Bank transfer,94.4,2638.1,0,87.93666666666667,2-4yr
8109-YUOHE,0,No,No,17,DSL,Yes,No,One year,No,Mailed check,56.1,946.95,0,55.70294117647059,1-2yr
5840-NVDCG,0,Yes,Yes,16,DSL,Yes,Yes,Two year,No,Bank transfer,68.25,1114.85,0,69.678125,1-2yr
8092-NLTGF,0,No,No,72,No,No,No,Two year,No,Bank transfer,24.75,1777.6,0,24.688888888888886,4-6yr
5928-QLDHB,0,No,No,9,Fiber optic,No,No,Month-to-month,Yes,Electronic check,76.25,684.85,0,76.09444444444445,0-1yr
9840-EFJQB,0,No,No,1,Fiber optic,No,No,Month-to-month,No,Electronic check,74.35,74.35,0,74.35,0-1yr
0696-UKTOX,0,No,Yes,23,DSL,No,Yes,Month-to-month,No,Electronic check,54.15,1312.45,0,57.06304347826087,1-2yr
4801-KFYKL,0,No,Yes,8,No,No,No,Month-to-month,No,Bank transfer,19.45,159.2,0,19.9,0-1yr
3472-OAOOR,0,Yes,Yes,19,DSL,Yes,No,Month-to-month,Yes,Mailed check,34.95,610.2,0,32.11578947368421,1-2yr
6135-OZQVA,0,No,No,7,DSL,Yes,No,Month-to-month,Yes,Electronic check,53.65,404.35,0,57.76428571428572,0-1yr
8062-YBDOE,1,No,No,1,Fiber optic,No,No,Month-to-month,Yes,Electronic check,69.65,69.65,1,69.65,0-1yr
2252-JHJGE,0,No,No,61,Fiber optic,Yes,No,One year,No,Electronic check,104.0,6363.45,0,104.31885245901638,4-6yr
4188-PCPIG,0,Yes,No,57,DSL,Yes,Yes,Two year,Yes,Credit card,70.35,4124.65,0,72.36228070175439,4-6yr
6000-APYLU,0,No,No,9,Fiber optic,No,No,Month-to-month,Yes,Electronic check,80.8,713.1,1,79.23333333333333,0-1yr
7105-BENQF,0,No,Yes,15,DSL,Yes,No,One year,No,Mailed check,64.85,950.75,0,63.38333333333333,1-2yr
7721-DVEKZ,0,No,No,1,No,No,No,Month-to-month,No,Mailed check,19.65,19.65,0,19.65,0-1yr
3566-VVORZ,0,Yes,No,12,DSL,No,No,Month-to-month,No,Bank transfer,45.9,505.95,0,42.1625,0-1yr
9507-HSMMZ,0,No,No,54,No,No,No,Two year,No,Mailed check,20.0,1149.65,0,21.289814814814818,4-6yr
2480-SQIOB,0,Yes,Yes,4,DSL,No,No,Month-to-month,No,Electronic check,44.8,169.65,0,42.4125,0-1yr
0947-IDHRQ,0,No,No,7,Fiber optic,No,No,Month-to-month,Yes,Mailed check,80.3,526.7,1,75.24285714285715,0-1yr
7813-TKCVO,0,Yes,No,20,No,No,No,One year,No,Mailed check,20.35,393.15,0,19.6575,1-2yr
0128-MKWSG,0,No,Yes,26,DSL,Yes,Yes,Month-to-month,No,Mailed check,45.8,1147.0,0,44.11538461538461,2-4yr
3672-YITQD,1,Yes,No,36,Fiber optic,No,No,Month-to-month,Yes,Electronic check,84.1,3021.6,1,83.93333333333334,2-4yr
4350-ZTLPI,0,Yes,No,53,Fiber optic,No,Yes,One year,Yes,Bank transfer,108.95,5718.2,0,107.89056603773585,4-6yr
9048-JVYVF,0,No,No,3,DSL,No,Yes,Month-to-month,Yes,Electronic check,69.35,191.35,1,63.78333333333333,0-1yr
0361-HJRDX,0,No,No,68,DSL,Yes,Yes,Two year,No,Credit card,64.35,4539.6,0,66.75882352941177,4-6yr
5727-MYATE,0,Yes,Yes,72,DSL,Yes,Yes,Two year,Yes,Credit card,90.8,6397.6,0,88.85555555555555,4-6yr
3823-KYNQY,0,No,No,12,No,No,No,One year,No,Credit card,24.95,280.4,0,23.366666666666664,0-1yr
8988-ECPJR,1,Yes,Yes,34,Fiber optic,No,No,Month-to-month,Yes,Mailed check,79.6,2718.3,1,79.95,2-4yr
7570-WELNY,0,Yes,No,68,Fiber optic,Yes,No,Two year,Yes,Bank transfer,84.7,5711.05,0,83.9860294117647,4-6yr
3021-VLNRJ,0,No,Yes,50,DSL,Yes,Yes,One year,Yes,Credit card,70.8,3478.15,0,69.563,4-6yr
3776-EKTKM,1,No,No,1,DSL,No,No,Month-to-month,Yes,Electronic check,36.45,36.45,1,36.45,0-1yr
2080-CAZNM,1,No,No,41,Fiber optic,No,No,Month-to-month,Yes,Electronic check,104.4,4133.95,0,100.8280487804878,2-4yr
1028-FFNJK,1,Yes,No,30,Fiber optic,No,Yes,Month-to-month,Yes,Electronic check,101.5,2917.65,0,97.25500000000001,2-4yr
6907-FLBER,0,No,No,1,DSL,No,No,Month-to-month,No,Electronic check,54.3,54.3,0,54.3,0-1yr
3001-UNBTL,1,Yes,Yes,29,Fiber optic,No,No,Month-to-month,Yes,Electronic check,103.95,2964.8,0,102.2344827586207,2-4yr
5982-PSMKW,0,Yes,Yes,23,DSL,Yes,Yes,Two year,Yes,Credit card,91.1,2198.3,0,95.57826086956523,1-2yr
3507-GASNP,0,No,Yes,60,No,No,No,Two year,No,Mailed check,19.95,1189.9,0,19.831666666666667,4-6yr
7096-ZNBZI,0,Yes,No,72,No,No,No,Two year,No,Credit card,26.45,1914.5,0,26.59027777777778,4-6yr
1902-XBTFB,0,No,Yes,22,Fiber optic,No,No,Month-to-month,Yes,Electronic check,89.4,2001.5,1,90.97727272727273,1-2yr
1676-MQAOA,0,No,No,72,DSL,Yes,Yes,Two year,Yes,Bank transfer,75.1,5336.35,0,74.11597222222223,4-6yr
0786-IVLAW,1,No,No,66,Fiber optic,No,No,One year,No,Bank transfer,108.1,7238.6,0,109.67575757575759,4-6yr
7566-DSRLQ,0,Yes,No,72,Fiber optic,No,Yes,Two year,Yes,Electronic check,110.15,7998.8,0,111.09444444444445,4-6yr
0643-OKLRP,1,Yes,No,47,Fiber optic,Yes,No,Month-to-month,No,Electronic check,80.35,3825.85,1,81.40106382978723,2-4yr
7245-JMTTQ,0,No,No,51,Fiber optic,No,Yes,One year,Yes,Electronic check,111.5,5703.25,0,111.82843137254902,4-6yr
6050-IJRHS,0,Yes,Yes,70,Fiber optic,No,No,One year,Yes,Electronic check,106.5,7397.0,0,105.67142857142858,4-6yr
6202-JVYEU,0,No,No,9,No,No,No,One year,Yes,Electronic check,19.9,164.6,0,18.288888888888888,0-1yr
8591-TKMZH,0,Yes,Yes,59,Fiber optic,Yes,Yes,Two year,Yes,Mailed check,111.1,6555.2,0,111.10508474576271,4-6yr
0734-OXWBT,0,No,Yes,3,DSL,No,Yes,Month-to-month,No,Mailed check,70.7,225.65,0,75.21666666666667,0-1yr
4282-ACRXS,1,Yes,No,38,DSL,No,No,Month-to-month,Yes,Electronic check,24.85,955.75,0,25.151315789473685,2-4yr
0365-TRTPY,0,No,No,37,Fiber optic,Yes,No,Month-to-month,No,Bank transfer,91.2,3382.3,0,91.41351351351352,2-4yr
7349-ALMUX,0,No,No,37,DSL,Yes,Yes,Two year,No,Bank transfer,65.6,2313.8,0,62.53513513513514,2-4yr
9381-NDKME,1,Yes,No,24,DSL,No,No,Month-to-month,Yes,Credit card,40.65,933.3,1,38.887499999999996,1-2yr
6502-KUGLL,0,Yes,Yes,14,DSL,Yes,Yes,Month-to-month,No,Bank transfer,59.45,780.85,0,55.775,1-2yr
1841-YSJGV,0,Yes,No,72,Fiber optic,Yes,Yes,Two year,Yes,Credit card,109.95,7852.4,0,109.0611111111111,4-6yr
2794-XIMMO,0,Yes,No,53,DSL,No,Yes,One year,Yes,Electronic check,60.45,3184.25,1,60.08018867924528,4-6yr
8382-SHQEH,0,Yes,No,8,Fiber optic,No,No,Month-to-month,Yes,Electronic check,84.9,764.95,1,95.61875,0-1yr
3511-BFTJW,0,Yes,Yes,72,DSL,Yes,No,Two year,No,Credit card,38.5,2763.0,0,38.375,4-6yr
7668-XCFYV,1,Yes,No,17,Fiber optic,No,No,Month-to-month,Yes,Electronic check,92.55,1614.7,0,94.98235294117647,1-2yr
2983-ZANRP,0,Yes,Yes,2,Fiber optic,No,No,Month-to-month,Yes,Bank transfer,73.55,145.4,1,72.7,0-1yr
7845-URHJN,0,Yes,No,8,No,No,No,Month-to-month,No,Bank transfer,20.15,156.25,1,19.53125,0-1yr
3034-ZBEQN,0,Yes,No,48,DSL,No,No,One year,No,Mailed check,34.7,1604.5,1,33.427083333333336,2-4yr
5018-HEKFO,0,No,No,10,No,No,No,Month-to-month,Yes,Mailed check,24.5,270.15,0,27.014999999999997,0-1yr
2923-ARZLG,0,Yes,Yes,0,No,No,No,One year,Yes,Mailed check,19.7,0.0,0,0.0,
3976-NLDEZ,0,No,No,1,No,No,No,Month-to-month,No,Mailed check,20.6,20.6,0,20.6,0-1yr
2282-YGNOR,0,No,No,29,DSL,Yes,Yes,One year,No,Credit card,58.0,1734.5,0,59.810344827586206,2-4yr
5336-UFNZP,1,Yes,Yes,65,Fiber optic,No,No,One year,Yes,Electronic check,107.45,7047.5,0,108.42307692307692,4-6yr
6854-EXGSF,0,No,No,8,DSL,Yes,No,Month-to-month,Yes,Bank transfer,65.5,573.15,0,71.64375,0-1yr
1241-EZFMJ,0,Yes,No,61,No,No,No,Two year,No,Bank transfer,25.45,1538.6,0,25.22295081967213,4-6yr
9233-PSYHO,1,No,No,45,Fiber optic,No,No,One year,Yes,Bank transfer,100.15,4459.8,0,99.10666666666667,2-4yr
5376-PCKNB,0,Yes,Yes,72,Fiber optic,No,No,One year,Yes,Credit card,104.45,7459.0,0,103.59722222222223,4-6yr
8044-BGWPI,0,Yes,Yes,12,No,No,No,Month-to-month,Yes,Electronic check,21.15,306.05,0,25.504166666666666,0-1yr
4060-LDNLU,0,No,No,7,Fiber optic,No,No,Month-to-month,No,Electronic check,96.2,639.7,0,91.38571428571429,0-1yr
3589-PPVKW,0,No,No,9,DSL,No,No,Month-to-month,Yes,Mailed check,44.4,348.15,0,38.68333333333333,0-1yr
8327-LZKAS,1,Yes,No,43,Fiber optic,No,Yes,One year,Yes,Electronic check,107.55,4533.9,1,105.43953488372092,2-4yr
5887-IKKYO,0,Yes,Yes,58,Fiber optic,No,Yes,Two year,No,Bank transfer,94.35,5563.65,0,95.925,4-6yr
1075-BGWOH,1,Yes,No,16,Fiber optic,No,No,Month-to-month,Yes,Electronic check,98.75,1587.55,1,99.221875,1-2yr
1755-RMCXH,0,Yes,Yes,2,No,No,No,Month-to-month,No,Mailed check,20.3,40.25,0,20.125,0-1yr
0302-JOIVN,0,Yes,No,8,Fiber optic,No,No,Month-to-month,No,Electronic check,101.15,842.9,1,105.3625,0-1yr
3858-XHYJO,0,Yes,No,40,Fiber optic,Yes,No,One year,No,Bank transfer,105.75,4228.55,0,105.71375,2-4yr
4299-SIMNS,0,No,No,9,Fiber optic,Yes,No,Month-to-month,Yes,Electronic check,81.15,784.45,0,87.16111111111111,0-1yr
7025-IWFHT,0,No,No,41,Fiber optic,No,Yes,One year,Yes,Electronic check,89.55,3729.75,0,90.96951219512195,2-4yr
6261-LHRTG,0,No,No,26,DSL,No,No,Month-to-month,Yes,Credit card,54.75,1406.9,0,54.111538461538466,2-4yr
7841-FCRQD,0,Yes,No,33,DSL,No,Yes,One year,Yes,Credit card,53.75,1857.3,0,56.28181818181818,2-4yr
2056-EVGZL,0,Yes,Yes,68,Fiber optic,No,Yes,One year,No,Credit card,105.75,7322.5,0,107.68382352941177,4-6yr
8777-MBMTS,1,Yes,No,65,Fiber optic,No,Yes,Two year,Yes,Credit card,105.85,6725.5,0,103.46923076923076,4-6yr
7753-USQYQ,0,No,No,55,DSL,No,Yes,One year,Yes,Electronic check,64.2,3627.3,0,65.9509090909091,4-6yr
5366-IJEQJ,0,No,No,20,Fiber optic,No,No,Month-to-month,Yes,Electronic check,88.7,1761.45,1,88.0725,1-2yr
7661-CPURM,0,No,No,19,Fiber optic,No,Yes,One year,Yes,Credit card,87.7,1725.95,0,90.83947368421053,1-2yr
6233-HXJMX,0,No,No,45,Fiber optic,No,No,Month-to-month,Yes,Credit card,89.3,4192.15,0,93.15888888888888,2-4yr
5902-WBLSE,0,Yes,Yes,70,No,No,No,Two year,Yes,Credit card,20.15,1411.2,0,20.16,4-6yr
1981-INRFU,0,No,No,2,Fiber optic,No,No,Month-to-month,Yes,Electronic check,79.75,164.5,1,82.25,0-1yr
4971-PUYQO,0,No,No,27,Fiber optic,No,No,Month-to-month,Yes,Mailed check,94.55,2724.6,1,100.91111111111111,2-4yr
3239-TPHPZ,0,Yes,No,12,No,No,No,Two year,Yes,Electronic check,20.05,264.55,0,22.045833333333334,0-1yr
5115-GZDEL,0,No,Yes,72,DSL,Yes,Yes,Two year,No,Credit card,67.2,4671.7,0,64.88472222222222,4-6yr
3338-CVVEH,0,No,No,12,Fiber optic,No,No,Month-to-month,No,Electronic check,94.55,1173.55,0,97.79583333333333,0-1yr
8485-GJCDN,1,No,No,5,Fiber optic,No,No,Month-to-month,Yes,Mailed check,69.05,318.5,1,63.7,0-1yr
2615-YVMYX,1,Yes,No,71,Fiber optic,Yes,No,Month-to-month,Yes,Electronic check,107.5,7713.55,0,108.64154929577465,4-6yr
2851-STERV,1,No,No,35,DSL,No,Yes,One year,Yes,Electronic check,73.0,2471.25,0,70.60714285714286,2-4yr
4393-GEADV,0,Yes,Yes,70,Fiber optic,Yes,Yes,Two year,No,Credit card,114.75,7842.3,0,112.03285714285714,4-6yr
8486-AYEQH,0,No,No,31,Fiber optic,No,No,Month-to-month,Yes,Electronic check,76.05,2227.8,0,71.86451612903227,2-4yr
1527-SXDPN,0,Yes,Yes,52,Fiber optic,No,Yes,Two year,Yes,Bank transfer,96.25,4990.25,1,95.96634615384616,4-6yr
6029-WTIPC,1,No,No,37,Fiber optic,No,No,Month-to-month,Yes,Electronic check,101.1,3744.05,1,101.19054054054054,2-4yr
8634-CILSZ,0,No,No,69,Fiber optic,No,Yes,One year,Yes,Bank transfer,104.7,7220.35,1,104.64275362318841,4-6yr
5419-JKZNQ,1,Yes,No,30,Fiber optic,No,No,Month-to-month,No,Mailed check,77.9,2351.45,0,78.38166666666666,2-4yr
2495-KZNFB,0,No,No,33,Fiber optic,Yes,No,Month-to-month,Yes,Electronic check,90.65,2989.6,0,90.5939393939394,2-4yr
1409-PHXTF,1,Yes,No,54,Fiber optic,No,Yes,Two year,Yes,Electronic check,110.45,6077.75,0,112.55092592592592,4-6yr
4560-WQAQW,0,No,No,59,DSL,Yes,Yes,One year,No,Bank transfer,68.7,4070.95,0,68.99915254237288,4-6yr
9591-YVTEB,1,No,No,55,DSL,Yes,No,Month-to-month,Yes,Electronic check,44.85,2479.05,0,45.07363636363637,4-6yr
9309-BZGNT,1,Yes,No,69,DSL,No,No,One year,Yes,Credit card,29.8,2134.3,0,30.93188405797102,4-6yr
4274-DRSQT,0,No,No,66,Fiber optic,No,No,One year,Yes,Bank transfer,88.9,6000.1,0,90.91060606060607,4-6yr
2027-DNKIV,0,Yes,Yes,37,DSL,Yes,Yes,One year,Yes,Mailed check,58.75,2203.1,0,59.54324324324324,2-4yr
8075-GXIUB,1,Yes,No,9,No,No,No,One year,No,Credit card,19.85,183.15,0,20.35,0-1yr
2885-HIJDH,0,Yes,Yes,69,DSL,Yes,Yes,Two year,No,Bank transfer,86.9,6194.1,0,89.7695652173913,4-6yr
5424-RLQLC,0,No,No,10,DSL,No,No,Month-to-month,Yes,Mailed check,59.65,638.95,0,63.895,0-1yr
6682-QJDGB,0,No,Yes,40,DSL,Yes,No,Month-to-month,Yes,Mailed check,55.25,2139.2,1,53.48,2-4yr
6507-DTJZV,0,No,Yes,13,DSL,No,No,Month-to-month,No,Credit card,66.4,831.75,0,63.98076923076923,1-2yr
8780-IXSTS,0,No,No,6,Fiber optic,No,No,Month-to-month,Yes,Electronic check,90.1,521.3,1,86.88333333333333,0-1yr
7673-BQGKU,0,Yes,Yes,69,No,No,No,Two year,No,Bank transfer,20.15,1337.5,0,19.384057971014492,4-6yr
6723-WSNTY,1,Yes,No,66,Fiber optic,No,Yes,One year,Yes,Credit card,108.1,7181.95,0,108.81742424242424,4-6yr
9530-EHPOH,0,No,No,11,DSL,No,No,Month-to-month,No,Electronic check,53.75,608.0,1,55.27272727272727,0-1yr
2725-IWWBA,0,Yes,Yes,46,DSL,Yes,Yes,One year,No,Mailed check,56.9,2560.1,0,55.654347826086955,2-4yr
0345-HKJVM,0,No,No,6,Fiber optic,No,No,Month-to-month,No,Electronic check,89.3,577.6,1,96.26666666666667,0-1yr
1061-PNTHC,0,Yes,Yes,56,Fiber optic,Yes,Yes,Month-to-month,Yes,Mailed check,109.6,5953.0,0,106.30357142857143,4-6yr
0394-YONDK,0,Yes,Yes,70,No,No,No,Two year,No,Credit card,25.15,1790.15,0,25.57357142857143,4-6yr
6574-MCOEH,0,Yes,Yes,33,DSL,No,Yes,One year,Yes,Electronic check,79.15,2531.4,0,76.70909090909092,2-4yr
7399-QHBJS,0,Yes,Yes,72,DSL,Yes,Yes,Two year,No,Credit card,66.75,4760.3,0,66.11527777777778,4-6yr
3049-SOLAY,0,Yes,No,3,Fiber optic,No,No,Month-to-month,Yes,Electronic check,95.2,292.85,1,97.61666666666667,0-1yr
0997-YTLNY,0,No,Yes,19,DSL,No,Yes,Month-to-month,No,Mailed check,48.8,953.65,0,50.19210526315789,1-2yr
3317-HRTNN,1,No,No,5,DSL,No,No,Month-to-month,No,Electronic check,45.7,198.0,1,39.6,0-1yr
9479-HYNYL,0,Yes,No,71,DSL,No,Yes,Two year,Yes,Credit card,80.7,5705.05,0,80.35281690140846,4-6yr
3235-ETOOB,0,Yes,No,8,Fiber optic,Yes,No,Month-to-month,Yes,Electronic check,74.5,609.9,1,76.2375,0-1yr
9708-KFDBY,0,No,No,1,No,No,No,Month-to-month,No,Credit card,20.55,20.55,0,20.55,0-1yr
8058-INTPH,0,No,No,1,Fiber optic,No,No,Month-to-month,Yes,Electronic check,79.65,79.65,1,79.65,0-1yr
3642-GKTCT,0,No,No,61,Fiber optic,Yes,Yes,One year,Yes,Mailed check,115.1,6993.65,0,114.64999999999999,4-6yr
0774-RMNUW,0,Yes,Yes,71,DSL,Yes,Yes,Two year,No,Bank transfer,59.7,4122.65,0,58.06549295774647,4-6yr
1334-PDUKM,0,Yes,No,68,Fiber optic,No,No,One year,No,Credit card,86.45,5762.95,0,84.74926470588235,4-6yr
0756-MPZRL,0,No,No,46,DSL,No,Yes,One year,No,Credit card,33.7,1537.85,0,33.43152173913043,2-4yr
2242-MFOTG,0,No,No,33,Fiber optic,Yes,No,One year,No,Bank transfer,80.1,2603.3,0,78.88787878787879,2-4yr
2927-CVULT,0,Yes,Yes,53,Fiber optic,Yes,Yes,Two year,Yes,Bank transfer,104.05,5566.4,0,105.02641509433961,4-6yr
2144-BFDSO,1,Yes,No,50,Fiber optic,Yes,No,Month-to-month,No,Bank transfer,108.75,5431.9,0,108.63799999999999,4-6yr
8745-PVESG,0,No,No,57,DSL,Yes,Yes,One year,Yes,Credit card,41.1,2258.25,0,39.61842105263158,4-6yr
7647-GYYKX,0,Yes,Yes,54,No,No,No,Two year,Yes,Bank transfer,20.35,1092.35,0,20.2287037037037,4-6yr
5647-FXOTP,1,Yes,No,60,Fiber optic,No,No,Month-to-month,Yes,Electronic check,105.9,6401.25,0,106.6875,4-6yr
5569-OUICF,1,Yes,No,28,Fiber optic,No,Yes,Month-to-month,Yes,Credit card,101.3,2812.2,1,100.43571428571428,2-4yr
8821-XNHVZ,0,Yes,Yes,1,Fiber optic,No,No,Month-to-month,Yes,Mailed check,80.05,80.05,1,80.05,0-1yr
2082-OJVTK,0,Yes,Yes,29,Fiber optic,No,No,Month-to-month,Yes,Electronic check,89.2,2698.35,1,93.04655172413793,2-4yr
9700-ISPUP,0,Yes,Yes,10,DSL,No,Yes,Month-to-month,Yes,Electronic check,65.5,616.9,0,61.69,0-1yr
9839-ETQOE,0,No,Yes,43,DSL,Yes,No,Month-to-month,Yes,Electronic check,40.45,1912.85,0,44.48488372093023,2-4yr
6078-VESFR,1,Yes,No,13,Fiber optic,No,No,Month-to-month,No,Bank transfer,70.45,849.1,0,65.31538461538462,1-2yr
9027-TMATR,0,Yes,No,43,DSL,Yes,Yes,Two year,Yes,Electronic check,78.8,3460.3,0,80.47209302325582,2-4yr
5940-NFXKV,0,Yes,Yes,19,Fiber optic,No,No,Month-to-month,Yes,Electronic check,83.65,1465.75,1,77.14473684210526,1-2yr
1941-HOSAM,0,Yes,Yes,1,Fiber optic,No,No,Month-to-month,Yes,Electronic check,90.1,90.1,0,90.1,0-1yr
9110-HSGTV,0,No,No,69,DSL,Yes,Yes,Two year,Yes,Credit card,82.45,5555.3,0,80.51159420289855,4-6yr
0704-VCUMB,0,Yes,No,61,No,No,No,Two year,No,Credit card,20.25,1278.8,0,20.963934426229507,4-6yr
6171-ZTVYB,0,Yes,No,43,DSL,Yes,Yes,Month-to-month,No,Bank transfer,66.25,2907.35,0,67.61279069767441,2-4yr
8053-WWDRO,0,Yes,No,6,No,No,No,Month-to-month,No,Bank transfer,19.5,146.3,1,24.383333333333336,0-1yr
9564-KCLHR,0,No,No,1,DSL,No,Yes,Month-to-month,No,Mailed check,51.25,51.25,1,51.25,0-1yr
1935-IMVBB,0,Yes,No,56,Fiber optic,No,No,Month-to-month,No,Mailed check,89.7,4952.95,0,88.44553571428571,4-6yr
2535-PBCGC,0,Yes,No,70,DSL,Yes,Yes,Two year,No,Bank transfer,64.55,4504.9,0,64.35571428571428,4-6yr
2082-CEFLT,0,No,No,1,DSL,No,No,Month-to-month,Yes,Electronic check,45.6,45.6,1,45.6,0-1yr
1470-PSXNM,0,Yes,Yes,49,Fiber optic,No,No,One year,Yes,Electronic check,93.65,4520.15,0,92.24795918367346,4-6yr
1213-NGCUN,0,No,No,6,DSL,No,Yes,Month-to-month,Yes,Bank transfer,49.65,267.35,1,44.55833333333334,0-1yr
2498-XLDZR,0,Yes,Yes,32,DSL,Yes,Yes,Two year,No,Mailed check,73.6,2316.85,0,72.4015625,2-4yr
9866-OCCKE,1,Yes,No,72,Fiber optic,Yes,Yes,Two year,Yes,Mailed check,109.75,8075.35,0,112.1576388888889,4-6yr
5338-YHWYT,0,No,Yes,37,DSL,Yes,Yes,Two year,No,Credit card,61.45,2302.35,0,62.225675675675674,2-4yr
7718-UPSKJ,0,Yes,No,69,Fiber optic,Yes,Yes,One year,Yes,Credit card,106.4,7251.9,0,105.1,4-6yr
8731-WBBMB,0,Yes,No,26,DSL,No,Yes,Month-to-month,No,Bank transfer,81.9,2078.55,0,79.94423076923077,2-4yr
1448-CYWKC,0,Yes,Yes,58,Fiber optic,No,No,One year,Yes,Credit card,105.2,6225.4,0,107.33448275862068,4-6yr
7901-IIDQV,0,No,No,24,DSL,No,Yes,One year,No,Bank transfer,54.6,1242.25,0,51.760416666666664,1-2yr
2690-DVRVK,0,Yes,Yes,5,No,No,No,One year,No,Electronic check,20.55,99.45,0,19.89,0-1yr
5688-KZTSN,0,Yes,Yes,15,No,No,No,Month-to-month,Yes,Electronic check,20.0,288.05,1,19.203333333333333,1-2yr
1270-XKUCC,0,Yes,Yes,30,No,No,No,Two year,No,Mailed check,19.7,599.25,0,19.975,2-4yr
0334-ZFJSR,0,Yes,No,55,DSL,Yes,Yes,One year,Yes,Credit card,66.05,3462.1,0,62.947272727272725,4-6yr
2894-QOJRX,0,Yes,No,25,DSL,No,No,Month-to-month,Yes,Bank transfer,34.0,853.0,1,34.12,2-4yr
5747-PMBSQ,1,Yes,No,10,Fiber optic,No,Yes,Month-to-month,Yes,Mailed check,92.5,934.1,1,93.41,0-1yr
5583-EJXRD,0,Yes,Yes,44,DSL,Yes,Yes,Two year,Yes,Credit card,54.05,2375.2,0,53.98181818181818,2-4yr
4565-EVZMJ,0,No,No,47,DSL,Yes,Yes,One year,Yes,Mailed check,58.9,2813.05,0,59.85212765957447,2-4yr
3143-JQEGI,0,Yes,Yes,13,Fiber optic,No,No,Month-to-month,No,Electronic check,88.35,1222.8,1,94.06153846153846,1-2yr
6386-SZZKH,0,Yes,Yes,49,Fiber optic,No,Yes,Two year,Yes,Bank transfer,107.95,5293.2,1,108.02448979591837,4-6yr
3327-YBAKM,0,Yes,No,64,Fiber optic,Yes,Yes,One year,Yes,Mailed check,96.9,6314.35,0,98.66171875,4-6yr
9441-QHEVC,0,No,No,1,No,No,No,Month-to-month,No,Mailed check,19.1,19.1,0,19.1,0-1yr
6705-LNMDD,0,No,No,20,DSL,No,Yes,Month-to-month,No,Mailed check,50.0,1003.05,0,50.152499999999996,1-2yr
2580-ASVVY,0,Yes,No,37,DSL,Yes,Yes,Two year,No,Electronic check,45.4,1593.1,0,43.056756756756755,2-4yr
3370-GQEAL,0,Yes,Yes,30,Fiber optic,No,No,Month-to-month,No,Electronic check,85.45,2509.95,0,83.66499999999999,2-4yr
5032-USPKF,0,No,No,38,DSL,Yes,No,One year,No,Bank transfer,84.1,3187.65,0,83.88552631578948,2-4yr
2982-IHMFT,1,No,No,1,Fiber optic,No,No,Month-to-month,Yes,Mailed check,74.45,74.45,1,74.45,0-1yr
3521-SYVOR,0,No,No,37,DSL,No,No,Month-to-month,Yes,Electronic check,64.75,2345.2,1,63.38378378378378,2-4yr
4254-QPEDE,0,Yes,No,52,DSL,Yes,Yes,Two year,No,Credit card,66.25,3330.1,0,64.04038461538461,4-6yr
6283-GITPX,0,No,Yes,71,DSL,Yes,Yes,Two year,Yes,Credit card,76.9,5522.7,0,77.78450704225352,4-6yr
9526-JAWYF,0,No,No,26,Fiber optic,No,No,Month-to-month,No,Electronic check,89.8,2335.3,1,89.81923076923077,2-4yr
0771-CHWSK,0,No,No,66,DSL,Yes,No,Two year,Yes,Credit card,74.6,4798.4,0,72.7030303030303,4-6yr
9788-HNGUT,0,Yes,No,72,Fiber optic,Yes,Yes,Two year,Yes,Credit card,116.95,8594.4,0,119.36666666666666,4-6yr
9495-REDIY,0,No,Yes,25,DSL,Yes,No,One year,Yes,Credit card,40.65,970.55,0,38.821999999999996,2-4yr
5375-XLDOF,0,Yes,Yes,69,Fiber optic,Yes,Yes,Two year,Yes,Bank transfer,114.35,7665.8,0,111.09855072463769,4-6yr
1172-VIYBP,0,Yes,Yes,53,DSL,Yes,No,Two year,No,Bank transfer,69.7,3686.05,0,69.54811320754717,4-6yr
5649-VUKMC,0,No,No,12,Fiber optic,No,No,One year,No,Mailed check,95.5,1115.15,1,92.92916666666667,0-1yr
6559-PDZLR,0,No,No,26,Fiber optic,No,Yes,Month-to-month,Yes,Electronic check,98.65,2537.0,0,97.57692307692308,2-4yr
8992-OBVDG,0,No,No,21,DSL,No,No,Month-to-month,No,Mailed check,61.65,1393.6,0,66.36190476190475,1-2yr
4273-MBHYA,0,No,Yes,1,Fiber optic,No,No,Month-to-month,Yes,Electronic check,89.35,89.35,0,89.35,0-1yr
4724-WXVWF,0,No,No,48,Fiber optic,Yes,Yes,Month-to-month,Yes,Electronic check,95.4,4445.3,0,92.61041666666667,2-4yr
5701-GUXDC,0,Yes,No,26,DSL,Yes,No,One year,No,Credit card,35.4,978.6,0,37.63846153846154,2-4yr
1460-UZPRJ,0,Yes,No,60,No,No,No,Two year,No,Mailed check,19.95,1258.15,0,20.96916666666667,4-6yr
6082-GLJIX,0,No,No,18,No,No,No,Month-to-month,No,Mailed check,19.25,331.35,0,18.408333333333335,1-2yr
5143-EGQFK,1,No,No,10,DSL,No,Yes,Month-to-month,Yes,Electronic check,29.65,291.4,1,29.139999999999997,0-1yr
4919-IKATY,0,Yes,Yes,5,Fiber optic,Yes,No,Month-to-month,Yes,Electronic check,84.5,453.75,1,90.75,0-1yr
2495-TTHBQ,0,No,Yes,4,No,No,No,One year,Yes,Mailed check,20.4,84.75,0,21.1875,0-1yr
0485-ZBSLN,0,Yes,Yes,65,No,No,No,Two year,No,Credit card,24.75,1715.1,0,26.386153846153846,4-6yr
3810-PJUHR,0,Yes,Yes,70,No,No,No,Two year,No,Mailed check,25.35,1715.15,0,24.502142857142857,4-6yr
9050-QLROH,0,No,No,18,Fiber optic,No,No,Month-to-month,Yes,Credit card,90.7,1597.25,1,88.73611111111111,1-2yr
0847-HGRML,0,No,Yes,62,No,No,No,Two year,No,Bank transfer,20.0,1250.1,0,20.16290322580645,4-6yr
8232-CTLKO,0,Yes,Yes,66,DSL,Yes,No,Two year,Yes,Electronic check,59.75,3996.8,0,60.55757575757576,4-6yr
9227-YBAXE,0,Yes,Yes,65,DSL,Yes,Yes,Two year,Yes,Bank transfer,82.5,5215.1,0,80.2323076923077,4-6yr
6168-WFVVF,1,No,No,3,Fiber optic,No,No,Month-to-month,Yes,Electronic check,70.3,235.5,1,78.5,0-1yr
9860-LISIZ,0,No,No,34,No,No,No,Month-to-month,No,Mailed check,20.35,673.2,0,19.8,2-4yr
0112-QAWRZ,0,Yes,Yes,16,Fiber optic,No,No,Month-to-month,Yes,Bank transfer,90.8,1442.2,0,90.1375,1-2yr
0877-SDMBN,0,No,No,54,Fiber optic,Yes,No,One year,Yes,Bank transfer,103.95,5639.05,1,104.42685185185185,4-6yr
2786-GCDPI,1,No,No,50,Fiber optic,No,Yes,Month-to-month,Yes,Electronic check,104.95,5222.35,0,104.447,4-6yr
4043-MKDTV,0,Yes,No,71,Fiber optic,No,Yes,Two year,Yes,Electronic check,105.25,7291.75,0,102.70070422535211,4-6yr
8065-YKXKD,0,No,No,10,Fiber optic,No,No,Month-to-month,Yes,Electronic check,74.75,799.65,1,79.965,0-1yr
9637-EIHEQ,0,No,No,1,DSL,No,Yes,Month-to-month,Yes,Electronic check,50.8,50.8,1,50.8,0-1yr
9229-RQABD,0,No,No,18,No,No,No,One year,No,Mailed check,23.75,424.5,0,23.583333333333332,1-2yr
8313-KTIHG,0,No,No,4,DSL,No,Yes,Month-to-month,Yes,Electronic check,61.3,249.4,0,62.35,0-1yr
5320-BRKGK,0,Yes,Yes,58,DSL,Yes,Yes,Two year,No,Mailed check,75.8,4415.75,0,76.13362068965517,4-6yr
6284-KMNUF,0,Yes,No,56,Fiber optic,Yes,No,One year,Yes,Electronic check,98.0,5270.6,0,94.11785714285715,4-6yr
9689-PTNPG,0,No,No,2,Fiber optic,No,No,Month-to-month,Yes,Electronic check,80.25,144.55,1,72.275,0-1yr
9465-RWMXL,0,Yes,No,32,Fiber optic,No,No,Month-to-month,Yes,Electronic check,78.9,2447.95,1,76.4984375,2-4yr
6229-UOLQL,0,Yes,Yes,56,DSL,Yes,Yes,One year,Yes,Mailed check,52.0,2884.9,0,51.51607142857143,4-6yr
2362-IBOOY,0,No,No,36,Fiber optic,No,No,Month-to-month,Yes,Electronic check,84.75,3050.15,1,84.72638888888889,2-4yr
3137-LUPIX,0,No,No,4,DSL,No,Yes,Month-to-month,Yes,Mailed check,64.4,253.0,0,63.25,0-1yr
0843-WTBXE,0,No,No,53,Fiber optic,No,No,Month-to-month,No,Bank transfer,85.45,4517.25,1,85.23113207547169,4-6yr
6143-JQKEA,0,No,No,10,DSL,No,No,Month-to-month,Yes,Credit card,45.8,436.2,0,43.62,0-1yr
8676-OOQEJ,0,No,No,4,DSL,No,Yes,Month-to-month,No,Electronic check,30.5,118.4,0,29.6,0-1yr
5515-IDEJJ,0,Yes,Yes,1,No,No,No,Month-to-month,No,Mailed check,19.9,19.9,1,19.9,0-1yr
9701-CDXHR,0,Yes,No,51,Fiber optic,No,No,Month-to-month,No,Mailed check,69.15,3649.6,0,71.56078431372549,4-6yr
7450-NWRTR,1,No,No,12,Fiber optic,No,No,Month-to-month,Yes,Electronic check,99.45,1200.15,1,100.0125,0-1yr
8124-NZVGJ,0,No,No,6,DSL,No,Yes,One year,Yes,Mailed check,49.25,255.6,0,42.6,0-1yr
2162-FRZAA,0,Yes,Yes,63,DSL,No,Yes,Two year,No,Bank transfer,39.35,2395.05,0,38.01666666666667,4-6yr
5376-DEQCP,0,No,No,1,Fiber optic,No,No,Month-to-month,Yes,Electronic check,70.6,70.6,1,70.6,0-1yr
5118-MUEYH,0,Yes,No,48,Fiber optic,No,Yes,Month-to-month,Yes,Credit card,105.1,5083.55,0,105.90729166666667,2-4yr
9095-HFAFX,0,No,No,5,Fiber optic,No,No,Month-to-month,Yes,Credit card,81.0,389.6,1,77.92,0-1yr
5627-TVBPP,0,No,Yes,35,No,No,No,One year,Yes,Credit card,20.1,644.5,0,18.414285714285715,2-4yr
2379-ENZGV,0,No,No,6,Fiber optic,No,No,Month-to-month,Yes,Electronic check,84.85,523.5,1,87.25,0-1yr
3936-QQFLL,0,No,No,2,No,No,No,Month-to-month,No,Mailed check,19.75,39.3,0,19.65,0-1yr
2589-AYCRP,0,No,No,50,No,No,No,One year,No,Bank transfer,19.75,989.05,0,19.781,4-6yr
4067-HLYQI,0,No,No,33,Fiber optic,No,No,Month-to-month,Yes,Bank transfer,70.4,2406.1,0,72.9121212121212,2-4yr
5124-EOGYE,0,No,No,31,No,No,No,Two year,No,Mailed check,20.45,638.55,0,20.598387096774193,2-4yr
5057-RKGLH,0,Yes,Yes,9,No,No,No,Two year,No,Mailed check,20.35,191.1,0,21.233333333333334,0-1yr
0292-WEGCH,0,Yes,Yes,54,DSL,No,Yes,Month-to-month,Yes,Electronic check,86.2,4524.05,0,83.77870370370371,4-6yr
8910-ICHIU,0,No,No,46,Fiber optic,Yes,No,One year,Yes,Credit card,95.65,4664.2,0,101.39565217391304,2-4yr
4097-YODCF,0,No,Yes,34,Fiber optic,Yes,No,One year,Yes,Electronic check,103.8,3470.8,0,102.08235294117648,2-4yr
9715-WZCLW,0,Yes,Yes,71,Fiber optic,Yes,No,Two year,Yes,Electronic check,97.2,6910.3,0,97.32816901408451,4-6yr
9786-YWNHU,0,Yes,Yes,63,DSL,Yes,Yes,Two year,No,Mailed check,63.55,4014.2,0,63.717460317460315,4-6yr
6407-GSJNL,0,No,No,51,No,No,No,Two year,No,Bank transfer,24.95,1288.0,0,25.254901960784313,4-6yr
6005-OBZPH,1,No,No,26,Fiber optic,No,No,Month-to-month,Yes,Electronic check,89.15,2277.65,1,87.60192307692309,2-4yr
4049-ZPALD,0,Yes,No,64,Fiber optic,Yes,No,Two year,Yes,Bank transfer,99.0,6375.8,0,99.621875,4-6yr
7932-WPTDS,1,Yes,No,1,DSL,No,No,Month-to-month,Yes,Electronic check,24.8,24.8,1,24.8,0-1yr
3733-UOCWF,1,Yes,No,61,Fiber optic,No,Yes,One year,Yes,Bank transfer,85.55,5251.75,0,86.09426229508196,4-6yr
6833-JMZYP,0,No,No,15,Fiber optic,No,No,Month-to-month,Yes,Credit card,94.0,1505.45,0,100.36333333333333,1-2yr
2722-VOJQL,0,No,No,64,Fiber optic,No,Yes,One year,Yes,Credit card,105.65,6903.1,1,107.8609375,4-6yr
1310-QRITU,0,No,No,18,DSL,No,No,Month-to-month,Yes,Electronic check,50.3,913.3,0,50.73888888888889,1-2yr
8961-QDZZJ,0,Yes,Yes,57,Fiber optic,No,No,One year,Yes,Electronic check,95.0,5535.8,0,97.11929824561403,4-6yr
9715-SBVSU,0,Yes,Yes,14,DSL,Yes,No,Two year,Yes,Bank transfer,61.4,815.55,0,58.253571428571426,1-2yr
8490-BXHEO,1,No,No,18,Fiber optic,No,No,Month-to-month,Yes,Credit card,80.55,1411.65,0,78.42500000000001,1-2yr
7173-TETGO,1,Yes,No,72,Fiber optic,Yes,No,Two year,No,Bank transfer,78.5,5602.25,0,77.80902777777777,4-6yr
7929-SKFGK,0,Yes,No,70,Fiber optic,Yes,Yes,Two year,No,Credit card,114.3,8244.3,0,117.77571428571427,4-6yr
2300-RQGOI,0,No,No,38,No,No,No,Two year,No,Mailed check,20.05,741.5,0,19.513157894736842,2-4yr
3563-SVYLG,0,Yes,Yes,68,DSL,Yes,Yes,Two year,No,Credit card,62.65,4375.8,0,64.35000000000001,4-6yr
5228-EXCET,0,No,No,13,Fiber optic,No,No,Month-to-month,Yes,Electronic check,80.85,1008.7,1,77.5923076923077,1-2yr
6435-VWCCY,1,Yes,No,65,Fiber optic,Yes,No,Two year,Yes,Credit card,92.7,5968.4,0,91.82153846153845,4-6yr
4998-IKFSE,0,No,No,30,Fiber optic,No,No,Month-to-month,No,Electronic check,100.45,3096.9,0,103.23,2-4yr
8630-QSGXK,0,Yes,No,51,DSL,No,Yes,Two year,Yes,Bank transfer,75.2,3901.25,0,76.49509803921569,4-6yr
2455-USLMV,0,No,No,31,Fiber optic,Yes,No,Month-to-month,Yes,Credit card,84.75,2613.4,0,84.30322580645162,2-4yr
7394-FKDNK,0,Yes,No,9,Fiber optic,No,No,Month-to-month,No,Electronic check,89.45,853.1,1,94.78888888888889,0-1yr
9488-FVZCC,0,Yes,Yes,72,DSL,Yes,Yes,Two year,Yes,Bank transfer,79.5,5661.7,0,78.63472222222222,4-6yr
6331-LWDTQ,0,No,No,10,DSL,No,No,Month-to-month,Yes,Credit card,72.15,794.25,1,79.425,0-1yr
5995-WWKKG,0,No,No,37,No,No,No,One year,Yes,Electronic check,19.8,695.05,0,18.785135135135135,2-4yr
1597-FZREH,0,No,No,2,DSL,No,Yes,Month-to-month,No,Electronic check,76.4,160.8,1,80.4,0-1yr
7879-CGSFV,0,No,No,55,Fiber optic,Yes,No,One year,Yes,Mailed check,100.9,5552.05,0,100.94636363636364,4-6yr
9921-EZKBY,0,No,Yes,33,Fiber optic,Yes,No,Month-to-month,Yes,Bank transfer,95.3,3275.15,0,99.2469696969697,2-4yr
7432-FFVAR,0,Yes,Yes,46,Fiber optic,No,Yes,One year,No,Bank transfer,90.95,4236.6,0,92.10000000000001,2-4yr
7246-ZGQDF,0,No,Yes,1,DSL,Yes,Yes,Month-to-month,No,Electronic check,54.5,54.5,0,54.5,0-1yr
7000-WCEVQ,1,No,No,20,DSL,No,No,Month-to-month,Yes,Mailed check,61.6,1174.35,1,58.717499999999994,1-2yr
0727-IWKVK,0,Yes,No,9,Fiber optic,No,No,Month-to-month,Yes,Electronic check,79.9,741.7,1,82.41111111111111,0-1yr
5959-BELXA,1,No,No,32,Fiber optic,No,No,Month-to-month,Yes,Credit card,96.15,3019.25,1,94.3515625,2-4yr
4456-RHSNB,0,Yes,Yes,19,DSL,No,No,Month-to-month,Yes,Bank transfer,49.6,962.9,0,50.67894736842105,1-2yr
3512-IZIKN,0,Yes,No,70,DSL,Yes,Yes,Two year,No,Credit card,65.3,4759.75,1,67.99642857142857,4-6yr
2481-SBOYW,0,No,Yes,61,No,No,No,Two year,Yes,Credit card,25.0,1498.35,0,24.563114754098358,4-6yr
7109-MFBYV,0,No,No,26,DSL,No,No,Month-to-month,No,Electronic check,45.45,1233.15,0,47.42884615384616,2-4yr
1833-TCXKK,0,Yes,No,45,Fiber optic,No,No,Month-to-month,Yes,Bank transfer,107.75,4882.8,0,108.50666666666667,2-4yr
1832-PEUTS,0,Yes,Yes,62,Fiber optic,No,No,Two year,Yes,Credit card,89.1,5411.65,0,87.28467741935484,4-6yr
6141-OOXUQ,0,No,No,1,No,No,No,Month-to-month,No,Mailed check,19.65,19.65,1,19.65,0-1yr
8660-BUETV,0,No,No,3,DSL,No,No,Month-to-month,No,Mailed check,44.75,148.05,0,49.35,0-1yr
0580-PIQHM,0,Yes,Yes,41,Fiber optic,Yes,No,One year,Yes,Bank transfer,101.6,3930.55,0,95.86707317073171,2-4yr
5696-CEIQJ,0,Yes,Yes,67,Fiber optic,No,Yes,Two year,No,Bank transfer,103.15,6895.5,0,102.91791044776119,4-6yr
7503-ZGUZJ,0,No,No,1,Fiber optic,No,No,Month-to-month,Yes,Mailed check,84.65,84.65,1,84.65,0-1yr
1696-HXOWK,0,Yes,No,71,Fiber optic,Yes,No,One year,No,Mailed check,95.65,6856.95,0,96.57676056338028,4-6yr
3026-ATZYV,0,Yes,Yes,37,DSL,Yes,No,One year,No,Bank transfer,75.1,2658.8,0,71.85945945945946,2-4yr
4012-YCFAI,0,Yes,No,60,DSL,Yes,Yes,Two year,Yes,Mailed check,61.35,3766.2,0,62.769999999999996,4-6yr
2506-TNFCO,1,Yes,No,1,Fiber optic,No,No,Month-to-month,Yes,Electronic check,69.55,69.55,1,69.55,0-1yr
9970-QBCDA,0,No,No,6,No,No,No,Month-to-month,No,Credit card,19.7,129.55,0,21.59166666666667,0-1yr
8718-PTMEZ,0,No,No,13,DSL,No,No,Month-to-month,Yes,Electronic check,31.05,347.25,1,26.71153846153846,1-2yr
9496-IVVRP,0,Yes,Yes,11,DSL,Yes,No,Month-to-month,No,Bank transfer,51.0,581.7,0,52.88181818181818,0-1yr
2207-OBZNX,0,No,No,7,DSL,Yes,No,Month-to-month,Yes,Mailed check,51.0,354.05,1,50.57857142857143,0-1yr
2657-VPXTA,0,Yes,Yes,10,Fiber optic,No,No,Month-to-month,Yes,Electronic check,88.85,929.45,0,92.94500000000001,0-1yr
6551-VLJMV,0,Yes,No,34,No,No,No,Two year,No,Credit card,20.05,679.0,0,19.970588235294116,2-4yr
1221-GHZEP,0,No,No,62,DSL,Yes,Yes,Two year,Yes,Mailed check,65.1,3846.75,0,62.04435483870968,4-6yr
9289-LBQVU,0,Yes,No,64,DSL,No,Yes,One year,Yes,Mailed check,70.15,4480.7,0,70.0109375,4-6yr
6142-VSJQO,0,Yes,Yes,1,DSL,No,No,Month-to-month,Yes,Bank transfer,44.35,44.35,1,44.35,0-1yr
3458-IDMFK,0,No,No,25,No,No,No,Two year,Yes,Mailed check,20.75,499.4,0,19.976,2-4yr
6933-FHBZC,0,No,No,26,DSL,No,No,One year,Yes,Mailed check,56.05,1553.2,0,59.73846153846154,2-4yr
0221-NAUXK,0,No,Yes,10,No,No,No,One year,Yes,Bank transfer,19.95,219.5,0,21.95,0-1yr
9770-KXGQU,0,No,No,53,Fiber optic,Yes,No,One year,No,Mailed check,98.6,5311.85,0,100.22358490566039,4-6yr
6437-UKHMV,0,No,No,7,Fiber optic,No,No,Month-to-month,Yes,Electronic check,79.7,586.05,1,83.72142857142856,0-1yr
6538-POCHL,0,No,No,33,Fiber optic,No,No,Month-to-month,Yes,Credit card,79.0,2576.8,0,78.0848484848485,2-4yr
6726-NNFWD,1,Yes,No,71,Fiber optic,No,No,Two year,No,Credit card,89.45,6435.25,0,90.63732394366197,4-6yr
3002-WQZWT,0,No,No,29,Fiber optic,No,No,Month-to-month,Yes,Electronic check,74.2,1993.25,0,68.73275862068965,2-4yr
4277-UDIEF,0,Yes,Yes,24,DSL,Yes,Yes,Month-to-month,No,Bank transfer,81.0,1923.85,0,80.16041666666666,1-2yr
1208-NBVFH,0,Yes,Yes,20,DSL,No,No,Month-to-month,Yes,Electronic check,49.6,939.8,0,46.989999999999995,1-2yr
4912-PIGUY,0,No,No,1,Fiber optic,No,No,Month-to-month,Yes,Electronic check,84.6,84.6,0,84.6,0-1yr
1114-CENIM,0,No,Yes,54,DSL,No,No,Month-to-month,Yes,Credit card,55.0,3092.65,1,57.2712962962963,4-6yr
6060-DRTNL,1,No,No,5,Fiber optic,No,No,Month-to-month,Yes,Mailed check,84.85,415.55,1,83.11,0-1yr
2725-TTRIQ,0,Yes,Yes,72,DSL,Yes,Yes,Two year,Yes,Bank transfer,84.2,5986.55,0,83.14652777777778,4-6yr
3374-TTZTK,0,Yes,No,52,Fiber optic,Yes,Yes,Two year,Yes,Electronic check,106.3,5487.0,0,105.51923076923077,4-6yr
8990-ZXLSU,0,No,No,9,Fiber optic,No,No,Month-to-month,No,Electronic check,69.05,651.5,0,72.38888888888889,0-1yr
2275-RBYQS,0,No,No,1,DSL,No,No,Month-to-month,Yes,Mailed check,45.4,45.4,0,45.4,0-1yr
8473-VUVJN,1,No,No,1,Fiber optic,No,No,Month-to-month,Yes,Electronic check,73.65,73.65,1,73.65,0-1yr
6289-CPNLD,0,Yes,Yes,33,DSL,No,Yes,One year,Yes,Mailed check,73.9,2405.05,1,72.88030303030304,2-4yr
5536-SLHPM,0,Yes,No,55,Fiber optic,No,No,Month-to-month,Yes,Electronic check,77.75,4458.15,1,81.05727272727272,4-6yr
4419-UJMUS,0,Yes,Yes,69,Fiber optic,No,Yes,Two year,Yes,Electronic check,99.35,6856.45,0,99.36884057971014,4-6yr
7794-JASDG,0,No,No,1,DSL,Yes,No,Month-to-month,Yes,Mailed check,50.75,50.75,0,50.75,0-1yr
7609-YBPXG,0,No,No,54,DSL,Yes,Yes,Two year,No,Bank transfer,87.1,4735.2,0,87.68888888888888,4-6yr
5519-TEEUH,0,No,Yes,33,No,No,No,One year,Yes,Mailed check,20.15,682.15,0,20.671212121212122,2-4yr
7856-GANIL,1,Yes,No,45,Fiber optic,No,Yes,One year,Yes,Bank transfer,98.7,4525.8,0,100.57333333333334,2-4yr
0804-XBFBV,0,No,Yes,11,DSL,No,No,Month-to-month,No,Electronic check,25.2,321.05,0,29.186363636363637,0-1yr
2676-OXPPQ,0,No,No,6,DSL,Yes,No,Month-to-month,Yes,Bank transfer,55.7,335.65,0,55.94166666666666,0-1yr
3703-TTEPD,0,No,No,21,DSL,Yes,No,Month-to-month,No,Bank transfer,65.35,1424.4,0,67.82857142857144,1-2yr
2799-TSLAG,0,Yes,Yes,65,No,No,No,Two year,Yes,Bank transfer,25.3,1748.55,0,26.90076923076923,4-6yr
0196-VULGZ,1,Yes,No,6,Fiber optic,No,No,Month-to-month,Yes,Electronic check,84.35,474.9,1,79.14999999999999,0-1yr
8837-VVWLQ,0,No,No,8,Fiber optic,Yes,No,Month-to-month,No,Electronic check,84.95,668.4,1,83.55,0-1yr
2696-NARTR,0,No,No,11,Fiber optic,No,Yes,Month-to-month,Yes,Electronic check,73.85,926.25,1,84.20454545454545,0-1yr
2208-NKVVH,0,Yes,Yes,43,No,No,No,Two year,No,Mailed check,24.25,1077.95,0,25.06860465116279,2-4yr
7614-QVWQL,0,Yes,Yes,49,DSL,No,No,One year,Yes,Bank transfer,51.8,2541.25,1,51.86224489795919,4-6yr
1976-CFOCS,1,Yes,No,1,DSL,No,No,Month-to-month,No,Electronic check,46.0,46.0,1,46.0,0-1yr
4631-OACRM,1,No,No,15,Fiber optic,No,No,Month-to-month,Yes,Electronic check,79.4,1156.1,1,77.07333333333332,1-2yr
7139-JZFVG,0,Yes,Yes,60,DSL,Yes,No,Two year,No,Bank transfer,60.5,3694.45,0,61.57416666666666,4-6yr
4987-GQWPO,0,No,No,17,DSL,No,No,Month-to-month,No,Credit card,25.1,382.8,0,22.51764705882353,1-2yr
3755-JBMNH,1,Yes,No,16,Fiber optic,No,No,Month-to-month,Yes,Bank transfer,71.8,1167.8,1,72.9875,1-2yr
1757-TCATG,0,Yes,Yes,35,No,No,No,One year,No,Bank transfer,20.05,746.75,0,21.335714285714285,2-4yr
6345-ULYRW,1,Yes,No,44,Fiber optic,No,No,One year,No,Mailed check,88.4,3912.9,1,88.92954545454546,2-4yr
4776-XSKYQ,0,Yes,Yes,12,DSL,No,Yes,One year,No,Credit card,30.25,368.85,0,30.7375,0-1yr
8048-DSDFQ,0,No,No,1,No,No,No,Month-to-month,No,Mailed check,20.2,20.2,0,20.2,0-1yr
5753-QQWPW,0,No,No,28,DSL,Yes,Yes,One year,Yes,Electronic check,59.9,1654.7,0,59.096428571428575,2-4yr
6010-DDPPW,0,Yes,No,70,No,No,No,Two year,No,Bank transfer,25.15,1940.85,0,27.72642857142857,4-6yr
1809-DMJHQ,0,No,Yes,5,DSL,No,No,Month-to-month,No,Mailed check,46.0,221.7,1,44.339999999999996,0-1yr
6693-FRIRW,0,No,No,18,Fiber optic,No,No,Month-to-month,No,Credit card,101.3,1794.65,0,99.70277777777778,1-2yr
6586-MYGKD,0,Yes,No,70,DSL,Yes,Yes,Two year,Yes,Credit card,76.95,5289.8,0,75.56857142857143,4-6yr
3173-NVMPX,0,Yes,Yes,9,DSL,No,No,Month-to-month,Yes,Mailed check,55.3,501.2,0,55.68888888888889,0-1yr
0248-PGHBZ,1,No,No,67,Fiber optic,Yes,Yes,Two year,Yes,Bank transfer,92.45,6140.85,0,91.65447761194031,4-6yr
0623-GDISB,0,No,No,1,DSL,Yes,No,Month-to-month,Yes,Bank transfer,48.45,48.45,0,48.45,0-1yr
2892-GESUL,0,Yes,Yes,18,No,No,No,Two year,No,Mailed check,19.35,309.25,0,17.180555555555557,1-2yr
6923-EFPNL,0,No,No,4,DSL,No,No,Month-to-month,No,Credit card,51.75,201.1,1,50.275,0-1yr
7472-EQOAV,1,Yes,Yes,71,Fiber optic,Yes,No,One year,Yes,Bank transfer,86.7,6179.35,0,87.0330985915493,4-6yr
9574-RKJIF,0,Yes,Yes,30,Fiber optic,Yes,No,Month-to-month,Yes,Electronic check,94.4,2838.7,1,94.62333333333332,2-4yr
2043-WVTQJ,0,Yes,No,1,DSL,Yes,No,Month-to-month,No,Mailed check,55.7,55.7,0,55.7,0-1yr
8034-RYTVV,0,No,No,55,Fiber optic,Yes,No,One year,Yes,Credit card,84.25,4589.85,0,83.45181818181818,4-6yr
3863-QSTYI,0,No,No,59,DSL,No,Yes,Month-to-month,Yes,Electronic check,64.65,3735.45,0,63.31271186440678,4-6yr
2619-WFQWU,0,No,No,1,Fiber optic,No,No,Month-to-month,Yes,Mailed check,70.15,70.15,1,70.15,0-1yr
5044-LRQAQ,0,Yes,No,7,Fiber optic,No,No,Month-to-month,Yes,Bank transfer,69.2,477.55,0,68.22142857142858,0-1yr
1716-LSAMB,0,Yes,Yes,45,DSL,Yes,Yes,Two year,No,Bank transfer,54.65,2553.7,0,56.748888888888885,2-4yr
1333-PBMXB,0,Yes,Yes,54,No,No,No,One year,Yes,Bank transfer,24.75,1342.15,0,24.85462962962963,4-6yr
6546-OPBBH,0,Yes,Yes,51,No,No,No,One year,Yes,Mailed check,23.95,1216.35,0,23.849999999999998,4-6yr
5985-BEHZK,1,Yes,No,72,Fiber optic,No,No,One year,No,Credit card,105.0,7578.05,0,105.25069444444445,4-6yr
9127-QRZMH,0,Yes,No,44,DSL,Yes,Yes,One year,Yes,Bank transfer,59.85,2603.95,0,59.18068181818182,2-4yr
5919-VCZYM,0,No,No,2,No,No,No,Month-to-month,No,Mailed check,20.05,42.7,0,21.35,0-1yr
9644-KVCNC,0,No,No,66,Fiber optic,No,No,One year,Yes,Bank transfer,92.15,6056.9,0,91.77121212121212,4-6yr
2137-DQMEV,0,Yes,Yes,68,DSL,Yes,No,One year,No,Mailed check,44.8,2983.65,0,43.87720588235294,4-6yr
8174-LNWMW,0,No,No,31,No,No,No,Two year,No,Credit card,20.9,689.35,0,22.23709677419355,2-4yr
9279-CJEOJ,1,No,No,21,Fiber optic,No,No,Month-to-month,Yes,Bank transfer,95.4,2025.1,0,96.43333333333332,1-2yr
7964-VEXDG,0,No,Yes,21,Fiber optic,Yes,No,Month-to-month,No,Electronic check,80.35,1747.2,0,83.2,1-2yr
2404-JIBFC,0,Yes,Yes,55,DSL,Yes,Yes,Two year,Yes,Bank transfer,85.1,4657.95,0,84.69,4-6yr
0778-NELLA,0,No,No,9,DSL,No,No,Month-to-month,Yes,Credit card,34.7,296.1,1,32.900000000000006,0-1yr
8029-XYPWT,1,Yes,No,71,Fiber optic,Yes,Yes,Two year,Yes,Bank transfer,115.05,8016.6,0,112.90985915492958,4-6yr
4614-NUVZD,0,No,No,1,Fiber optic,No,No,Month-to-month,Yes,Electronic check,81.1,81.1,1,81.1,0-1yr
4632-PAOYU,0,Yes,Yes,22,No,No,No,One year,No,Mailed check,19.95,433.5,0,19.704545454545453,1-2yr
3803-KMQFW,0,Yes,Yes,1,No,No,No,Month-to-month,No,Mailed check,20.55,20.55,1,20.55,0-1yr
6804-GDMOI,0,No,No,61,Fiber optic,No,Yes,Two year,Yes,Electronic check,106.6,6428.4,1,105.38360655737705,4-6yr
2990-OGYTD,0,Yes,No,67,DSL,No,Yes,Two year,No,Bank transfer,86.15,5883.85,0,87.81865671641792,4-6yr
6646-JPPHA,1,No,No,14,Fiber optic,Yes,No,Month-to-month,No,Electronic check,78.85,1043.8,0,74.55714285714285,1-2yr
9572-MTILT,0,Yes,No,59,Fiber optic,Yes,Yes,Month-to-month,Yes,Electronic check,106.75,6252.9,1,105.98135593220339,4-6yr
7658-UYUQS,1,Yes,No,21,Fiber optic,No,No,Month-to-month,No,Bank transfer,86.55,1857.25,0,88.44047619047619,1-2yr
7880-XSOJX,0,No,No,4,DSL,Yes,Yes,Month-to-month,No,Mailed check,42.4,146.4,0,36.6,0-1yr
9611-CTWIH,0,No,No,3,Fiber optic,No,No,Month-to-month,Yes,Electronic check,89.45,240.45,1,80.14999999999999,0-1yr
4589-IUAJB,0,Yes,No,70,No,No,No,Two year,No,Bank transfer,24.25,1724.15,0,24.630714285714287,4-6yr
0329-GTIAJ,0,No,No,3,Fiber optic,No,Yes,Month-to-month,Yes,Electronic check,97.9,315.3,1,105.10000000000001,0-1yr
8746-BFOAJ,1,No,No,21,No,No,No,One year,No,Bank transfer,20.5,429.55,0,20.454761904761906,1-2yr
8457-XIGKN,0,No,No,20,No,No,No,Month-to-month,Yes,Credit card,19.6,356.15,0,17.807499999999997,1-2yr
6072-NUQCB,0,Yes,Yes,22,No,No,No,One year,No,Bank transfer,20.25,488.25,0,22.193181818181817,1-2yr
6629-CZTTH,0,No,No,1,DSL,No,No,Month-to-month,Yes,Mailed check,55.7,55.7,1,55.7,0-1yr
8838-GPHZP,0,No,No,63,No,No,No,Two year,Yes,Mailed check,20.6,1298.7,0,20.614285714285714,4-6yr
8750-QWZAJ,0,Yes,Yes,70,No,No,No,Two year,No,Bank transfer,19.8,1378.75,0,19.696428571428573,4-6yr
5364-EVNIB,0,No,No,13,Fiber optic,No,No,Month-to-month,Yes,Electronic check,79.8,973.45,1,74.88076923076923,1-2yr
6918-UMQCG,0,No,No,5,Fiber optic,No,No,Month-to-month,No,Electronic check,80.2,384.25,0,76.85,0-1yr
0675-NCDYU,0,Yes,Yes,72,Fiber optic,Yes,Yes,Two year,Yes,Credit card,116.4,8543.25,0,118.65625,4-6yr
6339-DKLMK,0,No,No,13,DSL,No,No,Month-to-month,Yes,Electronic check,31.65,389.95,0,29.996153846153845,1-2yr
1346-PJWTK,0,Yes,No,61,Fiber optic,No,Yes,Month-to-month,No,Credit card,94.15,5731.85,0,93.96475409836066,4-6yr
5088-QZLRL,0,No,No,1,No,No,No,Month-to-month,No,Electronic check,20.65,20.65,0,20.65,0-1yr
8023-QHAIO,1,Yes,No,56,Fiber optic,No,Yes,Month-to-month,Yes,Bank transfer,76.85,4275.75,0,76.35267857142857,4-6yr
4397-FRLTA,0,No,No,4,No,No,No,Month-to-month,No,Mailed check,20.15,84.5,0,21.125,0-1yr
3057-VJJQE,0,No,No,35,DSL,Yes,No,Two year,No,Mailed check,55.25,1924.1,0,54.97428571428571,2-4yr
5087-SUURX,0,Yes,No,18,DSL,No,No,Month-to-month,Yes,Electronic check,39.05,669.85,1,37.21388888888889,1-2yr
2302-OUZXB,0,Yes,No,72,DSL,No,No,Two year,No,Bank transfer,82.15,5784.3,0,80.3375,4-6yr
8133-ANHHJ,1,No,No,49,Fiber optic,Yes,Yes,One year,No,Bank transfer,103.0,5166.2,0,105.43265306122449,4-6yr
2270-CHBFN,0,Yes,No,44,Fiber optic,Yes,Yes,Month-to-month,Yes,Credit card,95.1,4060.55,0,92.28522727272728,2-4yr
0013-EXCHZ,1,Yes,No,3,Fiber optic,No,Yes,Month-to-month,Yes,Mailed check,83.9,267.4,1,89.13333333333333,0-1yr
5982-FPVQN,0,Yes,Yes,37,Fiber optic,No,No,Month-to-month,Yes,Electronic check,95.15,3532.85,0,95.48243243243243,2-4yr
9107-UKCKY,0,Yes,No,61,DSL,No,No,One year,Yes,Electronic check,79.8,4914.8,0,80.57049180327868,4-6yr
4654-ULTTN,0,Yes,No,70,DSL,Yes,Yes,Two year,Yes,Credit card,74.8,5315.8,0,75.94,4-6yr
5550-VFRLC,1,No,No,1,Fiber optic,No,No,Month-to-month,Yes,Electronic check,69.85,69.85,1,69.85,0-1yr
5546-BYZSM,0,No,No,41,No,No,No,Month-to-month,No,Electronic check,20.45,775.6,0,18.917073170731708,2-4yr
1492-KGETH,0,Yes,Yes,70,DSL,Yes,Yes,One year,No,Bank transfer,78.35,5445.95,0,77.79928571428572,4-6yr
4929-BSTRX,0,No,No,1,DSL,No,No,Month-to-month,Yes,Mailed check,53.55,53.55,1,53.55,0-1yr
4163-HFTUK,0,No,No,51,No,No,No,One year,No,Electronic check,19.1,1007.8,0,19.76078431372549,4-6yr
8215-NGSPE,0,Yes,Yes,42,No,No,No,Two year,No,Mailed check,20.0,833.55,0,19.84642857142857,2-4yr
2225-ZRGSG,0,Yes,Yes,70,Fiber optic,Yes,Yes,Two year,No,Bank transfer,93.9,6579.05,1,93.98642857142858,4-6yr
8859-YSTWS,0,No,No,48,No,No,No,One year,No,Bank transfer,19.95,1004.5,0,20.927083333333332,2-4yr
5271-YNWVR,0,Yes,Yes,68,Fiber optic,Yes,Yes,Two year,Yes,Electronic check,113.15,7856.0,1,115.52941176470588,4-6yr
7601-DHFWZ,0,No,No,48,No,No,No,Two year,No,Credit card,24.0,1183.05,0,24.646874999999998,2-4yr
2657-ALMWY,1,Yes,No,26,Fiber optic,No,No,Month-to-month,No,Electronic check,84.95,2169.75,1,83.45192307692308,2-4yr
6330-JKLPC,0,Yes,No,11,Fiber optic,No,No,Month-to-month,Yes,Bank transfer,80.5,896.9,1,81.53636363636363,0-1yr
4667-OHGKG,0,No,No,1,No,No,No,Month-to-month,Yes,Mailed check,19.3,19.3,1,19.3,0-1yr
1998-VHJHK,0,No,No,27,No,No,No,One year,No,Mailed check,19.15,501.35,0,18.56851851851852,2-4yr
1707-HABPF,1,No,No,46,Fiber optic,No,No,One year,Yes,Bank transfer,91.3,4126.35,0,89.70326086956523,2-4yr
1660-HSOOQ,0,No,No,1,DSL,No,No,Month-to-month,Yes,Mailed check,49.65,49.65,1,49.65,0-1yr
7253-UVNDW,0,No,No,46,DSL,No,Yes,Two year,No,Credit card,54.35,2460.15,1,53.481521739130436,2-4yr
0487-VVUVK,0,Yes,Yes,25,No,No,No,Month-to-month,Yes,Mailed check,19.15,477.6,0,19.104,2-4yr
7228-OMTPN,0,No,No,4,Fiber optic,No,No,Month-to-month,Yes,Electronic check,88.45,370.65,1,92.6625,0-1yr
5063-IUOKK,0,No,No,13,No,No,No,Two year,No,Mailed check,19.75,265.75,0,20.442307692307693,1-2yr
4508-OEBEY,0,Yes,No,31,DSL,Yes,Yes,One year,Yes,Credit card,75.5,2424.45,0,78.20806451612903,2-4yr
0027-KWYKW,0,Yes,Yes,23,Fiber optic,No,No,Month-to-month,Yes,Electronic check,83.75,1849.95,0,80.43260869565218,1-2yr
2308-STERM,0,No,No,2,No,No,No,Month-to-month,No,Mailed check,19.4,61.05,0,30.525,0-1yr
5982-XMDEX,0,No,No,65,No,No,No,Two year,No,Bank transfer,26.5,1698.55,0,26.13153846153846,4-6yr
6284-AHOOQ,1,No,No,22,Fiber optic,No,Yes,Month-to-month,Yes,Bank transfer,90.5,1910.6,1,86.84545454545454,1-2yr
6051-PTVNS,0,Yes,Yes,55,No,No,No,One year,No,Credit card,19.15,998.1,0,18.14727272727273,4-6yr
2344-JMOGN,0,Yes,No,9,Fiber optic,No,Yes,Month-to-month,Yes,Mailed check,94.85,890.6,1,98.95555555555556,0-1yr
3799-ISUZQ,0,Yes,Yes,7,Fiber optic,No,No,Month-to-month,Yes,Bank transfer,69.95,529.5,1,75.64285714285714,0-1yr
2877-VDUER,0,Yes,Yes,35,DSL,No,Yes,One year,No,Mailed check,40.9,1383.6,0,39.53142857142857,2-4yr
9152-AMKAK,0,No,No,6,DSL,Yes,Yes,Two year,Yes,Mailed check,80.25,493.4,0,82.23333333333333,0-1yr
1794-HBQTJ,0,No,No,1,DSL,Yes,No,Month-to-month,Yes,Credit card,48.6,48.6,1,48.6,0-1yr
9432-VOFYX,0,No,No,17,Fiber optic,No,No,Month-to-month,Yes,Electronic check,70.8,1207.0,0,71.0,1-2yr
8049-WJCLQ,0,Yes,Yes,10,DSL,No,No,Month-to-month,No,Mailed check,60.2,563.5,0,56.35,0-1yr
6586-PSJOX,0,No,Yes,15,DSL,No,Yes,One year,No,Credit card,55.2,864.55,0,57.63666666666666,1-2yr
2460-FPSYH,1,No,No,40,DSL,Yes,No,Month-to-month,Yes,Electronic check,55.8,2109.35,1,52.73375,2-4yr
9705-ZJBCG,0,Yes,Yes,13,DSL,Yes,Yes,One year,No,Bank transfer,54.15,701.05,0,53.926923076923075,1-2yr
4818-DRBQT,0,Yes,No,29,Fiber optic,No,No,Month-to-month,Yes,Bank transfer,80.15,2265.25,1,78.11206896551724,2-4yr
1320-HTRDR,0,No,No,3,Fiber optic,No,No,Month-to-month,Yes,Electronic check,75.5,220.6,1,73.53333333333333,0-1yr
6847-KJLTS,1,Yes,No,58,Fiber optic,No,Yes,Month-to-month,Yes,Bank transfer,100.4,5749.8,0,99.13448275862069,4-6yr
9670-BPNXF,0,No,No,45,DSL,Yes,Yes,One year,Yes,Credit card,62.55,2796.45,0,62.14333333333333,2-4yr
3913-FCUUW,0,Yes,Yes,72,DSL,Yes,Yes,Two year,Yes,Bank transfer,70.45,5165.7,0,71.74583333333334,4-6yr
3301-VKTGC,0,Yes,Yes,68,Fiber optic,Yes,No,One year,Yes,Bank transfer,85.5,5696.6,0,83.77352941176471,4-6yr
1493-AMTIE,0,No,No,1,No,No,No,Month-to-month,Yes,Bank transfer,20.2,20.2,1,20.2,0-1yr
9555-SAHUZ,0,Yes,Yes,38,DSL,Yes,No,Month-to-month,No,Electronic check,54.5,2076.05,0,54.63289473684211,2-4yr
0816-TSPHQ,0,No,No,2,No,No,No,Month-to-month,No,Mailed check,20.75,44.2,0,22.1,0-1yr
9932-WBWIK,0,No,No,11,No,No,No,Month-to-month,No,Mailed check,20.35,215.25,0,19.568181818181817,0-1yr
4619-EVPHY,1,Yes,No,20,Fiber optic,No,No,One year,Yes,Bank transfer,91.0,1859.5,0,92.975,1-2yr
5286-YHCVC,0,Yes,No,72,Fiber optic,No,No,Two year,Yes,Bank transfer,104.8,7470.1,0,103.7513888888889,4-6yr
6424-ELEYH,0,Yes,No,3,Fiber optic,No,No,Month-to-month,Yes,Credit card,74.75,229.5,1,76.5,0-1yr
4391-RESHN,0,No,No,23,Fiber optic,No,Yes,Month-to-month,Yes,Mailed check,104.05,2470.1,1,107.39565217391304,1-2yr
9115-YQHGA,0,No,No,40,DSL,No,Yes,Month-to-month,Yes,Electronic check,51.1,2092.9,0,52.322500000000005,2-4yr
4462-CYWMH,1,Yes,No,62,Fiber optic,No,No,Month-to-month,Yes,Bank transfer,89.8,5629.55,0,90.7991935483871,4-6yr
8963-MQVYN,0,No,Yes,22,No,No,No,Month-to-month,Yes,Electronic check,20.55,469.85,0,21.356818181818184,1-2yr
2458-EOMRE,0,No,No,11,DSL,Yes,No,Month-to-month,No,Bank transfer,64.05,733.95,0,66.72272727272728,0-1yr
9334-GWGOW,1,Yes,No,7,Fiber optic,No,No,Month-to-month,Yes,Electronic check,74.85,485.25,0,69.32142857142857,0-1yr
6821-BUXUX,0,No,No,13,Fiber optic,Yes,No,Month-to-month,Yes,Electronic check,96.65,1244.5,1,95.73076923076923,1-2yr
5028-HTLJB,1,No,No,1,No,No,No,Month-to-month,No,Mailed check,20.05,20.05,1,20.05,0-1yr
9801-GDWGV,0,No,No,39,Fiber optic,No,No,Month-to-month,Yes,Electronic check,103.45,3994.45,1,102.42179487179487,2-4yr
6542-LWGXJ,0,Yes,No,3,DSL,No,No,Month-to-month,No,Mailed check,25.0,78.25,0,26.083333333333332,0-1yr
5567-GZKQY,0,No,No,58,No,No,No,Two year,No,Credit card,20.3,1131.5,0,19.50862068965517,4-6yr
1222-LRYKO,0,No,Yes,6,No,No,No,Month-to-month,No,Mailed check,26.35,184.05,0,30.675,0-1yr
2320-JRSDE,0,Yes,Yes,1,No,No,No,Month-to-month,Yes,Electronic check,19.9,19.9,1,19.9,0-1yr
2087-QAREY,0,Yes,No,22,DSL,No,No,Month-to-month,Yes,Mailed check,54.7,1178.75,0,53.57954545454545,1-2yr
0601-WZHJF,0,Yes,No,14,DSL,No,No,Month-to-month,No,Electronic check,46.35,667.7,1,47.69285714285714,1-2yr
4423-JWZJN,0,Yes,Yes,64,Fiber optic,No,No,One year,No,Credit card,90.25,5629.15,0,87.95546875,4-6yr
5143-WMWOG,0,No,No,1,No,No,No,Month-to-month,No,Electronic check,19.95,19.95,1,19.95,0-1yr
6490-FGZAT,0,No,No,6,No,No,No,Month-to-month,No,Mailed check,20.65,109.3,0,18.216666666666665,0-1yr
5393-RXQSZ,0,No,No,1,Fiber optic,No,No,Month-to-month,No,Electronic check,79.6,79.6,1,79.6,0-1yr
7452-FOLON,0,No,Yes,39,No,No,No,One year,No,Bank transfer,25.45,958.45,0,24.575641025641026,2-4yr
2320-TZRRH,0,No,No,20,No,No,No,One year,No,Mailed check,19.5,403.15,0,20.1575,1-2yr
0231-LXVAP,0,No,No,1,Fiber optic,No,Yes,Month-to-month,Yes,Electronic check,75.9,75.9,1,75.9,0-1yr
9444-JTXHZ,0,Yes,No,1,Fiber optic,No,No,Month-to-month,No,Electronic check,76.2,76.2,1,76.2,0-1yr
4942-VZZOM,0,Yes,No,64,DSL,Yes,No,One year,Yes,Credit card,66.15,4392.5,0,68.6328125,4-6yr
5510-BOIUJ,0,No,Yes,1,No,No,No,Month-to-month,No,Mailed check,19.25,19.25,1,19.25,0-1yr
7502-BNYGS,0,Yes,No,46,DSL,No,No,Month-to-month,Yes,Credit card,69.1,3168.0,0,68.8695652173913,2-4yr
4291-HYEBC,1,Yes,Yes,28,DSL,No,No,One year,Yes,Electronic check,39.1,1096.6,0,39.16428571428571,2-4yr
6147-CBCRA,0,Yes,No,33,No,No,No,Month-to-month,No,Mailed check,20.05,669.45,0,20.28636363636364,2-4yr
6047-SUHPR,0,Yes,Yes,39,DSL,Yes,No,One year,No,Electronic check,59.8,2343.85,0,60.09871794871795,2-4yr
4471-KXAUH,0,Yes,No,42,Fiber optic,No,Yes,Month-to-month,Yes,Electronic check,84.3,3588.4,1,85.43809523809524,2-4yr
9752-ZNQUT,0,No,No,1,DSL,No,No,Month-to-month,Yes,Electronic check,48.6,48.6,0,48.6,0-1yr
7638-QVMVY,0,No,No,7,Fiber optic,No,No,Month-to-month,Yes,Electronic check,79.0,522.95,1,74.70714285714287,0-1yr
1576-PFZIW,1,Yes,No,70,Fiber optic,Yes,No,Two year,No,Credit card,105.35,7511.9,0,107.31285714285714,4-6yr
5666-MBJPT,0,No,No,65,No,No,No,Two year,Yes,Bank transfer,25.1,1725.0,0,26.53846153846154,4-6yr
7312-XSBAT,0,No,No,1,DSL,Yes,No,Month-to-month,No,Electronic check,49.75,49.75,0,49.75,0-1yr
3096-GKWEB,0,Yes,No,18,Fiber optic,No,No,Month-to-month,Yes,Electronic check,94.75,1691.9,0,93.99444444444445,1-2yr
2371-JQHZZ,0,Yes,No,24,Fiber optic,No,No,Month-to-month,Yes,Electronic check,93.0,2248.05,0,93.66875,1-2yr
0674-GCDXG,0,No,No,63,DSL,Yes,Yes,Two year,Yes,Bank transfer,71.9,4479.2,0,71.0984126984127,4-6yr
1121-QSIVB,0,No,Yes,44,DSL,No,No,One year,Yes,Mailed check,77.55,3471.1,0,78.88863636363637,2-4yr
4396-KLSEH,0,No,No,4,No,No,No,Month-to-month,Yes,Electronic check,19.85,63.0,0,15.75,0-1yr
3244-DCJWY,0,No,No,1,Fiber optic,No,No,Month-to-month,Yes,Electronic check,70.25,70.25,1,70.25,0-1yr
2824-MYYBN,0,Yes,Yes,37,Fiber optic,No,No,Month-to-month,Yes,Electronic check,95.25,3314.15,0,89.57162162162163,2-4yr
0875-CABNR,1,No,No,10,Fiber optic,No,No,Month-to-month,Yes,Credit card,84.6,865.55,1,86.55499999999999,0-1yr
6345-HOVES,0,No,No,34,DSL,No,No,Month-to-month,Yes,Bank transfer,25.05,852.7,0,25.079411764705885,2-4yr
8318-LCNBW,0,Yes,No,35,DSL,Yes,No,One year,No,Credit card,53.15,1930.9,0,55.16857142857143,2-4yr
6469-QJKZW,0,Yes,No,4,No,No,No,Month-to-month,No,Electronic check,20.15,91.4,0,22.85,0-1yr
0147-ESWWR,1,Yes,No,39,Fiber optic,No,Yes,Month-to-month,Yes,Electronic check,101.25,3949.15,0,101.26025641025642,2-4yr
1217-VASWC,1,Yes,No,43,Fiber optic,No,No,One year,Yes,Bank transfer,100.55,4304.0,0,100.09302325581395,2-4yr
7812-FZHPE,0,Yes,Yes,17,No,No,No,Month-to-month,No,Mailed check,24.1,409.9,1,24.11176470588235,1-2yr
6370-ZVHDV,0,Yes,No,61,No,No,No,Two year,No,Bank transfer,25.3,1554.9,0,25.49016393442623,4-6yr
5915-DGNVC,0,Yes,No,49,DSL,Yes,No,One year,No,Electronic check,71.8,3472.05,0,70.85816326530613,4-6yr
6260-XLACS,0,No,No,4,No,No,No,One year,No,Mailed check,19.7,117.8,0,29.45,0-1yr
3566-CAAYU,0,Yes,Yes,64,DSL,No,Yes,Two year,No,Electronic check,49.85,3210.35,0,50.16171875,4-6yr
4983-CCWMC,0,No,No,3,Fiber optic,No,No,Month-to-month,Yes,Mailed check,69.6,207.4,0,69.13333333333334,0-1yr
9103-CXVOK,0,Yes,Yes,1,No,No,No,Month-to-month,No,Electronic check,19.75,19.75,0,19.75,0-1yr
2896-TBNBE,0,Yes,No,40,Fiber optic,No,No,One year,No,Electronic check,80.8,3132.75,0,78.31875,2-4yr
4797-AXPXK,0,No,Yes,1,DSL,Yes,Yes,Month-to-month,Yes,Electronic check,60.0,60.0,1,60.0,0-1yr
5229-PRWKT,0,No,No,8,Fiber optic,No,No,Month-to-month,Yes,Electronic check,86.55,649.65,1,81.20625,0-1yr
6982-UQZLY,1,Yes,No,1,No,No,No,Month-to-month,Yes,Mailed check,20.85,20.85,1,20.85,0-1yr
2522-WLNSF,1,Yes,No,34,DSL,No,Yes,One year,No,Bank transfer,64.2,2106.3,0,61.95,2-4yr
3841-CONLJ,0,Yes,No,1,DSL,No,No,Month-to-month,No,Electronic check,35.0,35.0,0,35.0,0-1yr
5057-LCOUI,0,No,No,39,DSL,No,No,Month-to-month,Yes,Electronic check,50.75,2011.4,1,51.57435897435898,2-4yr
0193-ESZXP,1,Yes,No,58,Fiber optic,Yes,Yes,One year,Yes,Credit card,105.5,6205.5,1,106.99137931034483,4-6yr
4475-NVTLU,0,Yes,Yes,45,No,No,No,Two year,No,Electronic check,19.2,903.7,0,20.082222222222224,2-4yr
4369-HTUIF,1,No,No,6,Fiber optic,Yes,No,Month-to-month,Yes,Bank transfer,85.15,503.6,1,83.93333333333334,0-1yr
9386-LDCZR,0,No,No,43,Fiber optic,Yes,Yes,One year,Yes,Credit card,90.65,3882.3,0,90.28604651162792,2-4yr
9585-KKMFD,0,Yes,Yes,41,No,No,No,Two year,Yes,Mailed check,20.0,879.8,0,21.458536585365852,2-4yr
5399-ZIMKF,0,No,No,5,Fiber optic,No,No,Month-to-month,Yes,Electronic check,74.65,383.65,0,76.72999999999999,0-1yr
0336-KXKFK,0,No,No,72,DSL,Yes,Yes,Two year,Yes,Credit card,61.2,4390.25,0,60.97569444444444,4-6yr
5619-XZZKR,0,No,No,4,No,No,No,One year,No,Mailed check,19.95,68.2,0,17.05,0-1yr
3948-FVVRP,0,Yes,Yes,9,DSL,No,Yes,Month-to-month,No,Mailed check,54.8,452.8,0,50.31111111111111,0-1yr
5327-XOKKY,1,Yes,No,72,DSL,No,No,Two year,Yes,Credit card,73.45,5329.0,0,74.01388888888889,4-6yr
0983-TATYJ,0,Yes,No,33,DSL,No,Yes,One year,Yes,Mailed check,51.45,1758.9,0,53.300000000000004,2-4yr
1813-JYWTO,0,Yes,No,72,Fiber optic,Yes,No,Two year,No,Bank transfer,80.45,5737.6,0,79.6888888888889,4-6yr
0156-FVPTA,0,Yes,No,22,DSL,Yes,Yes,Month-to-month,Yes,Electronic check,54.2,1152.7,1,52.39545454545455,1-2yr
1984-FCOWB,0,Yes,No,70,Fiber optic,No,Yes,One year,Yes,Electronic check,109.5,7674.55,1,109.63642857142857,4-6yr
0654-HMSHN,0,Yes,Yes,21,Fiber optic,No,No,Month-to-month,No,Electronic check,104.4,2157.95,1,102.7595238095238,1-2yr
6719-OXYBR,0,No,No,15,Fiber optic,No,No,Month-to-month,No,Electronic check,85.3,1219.85,0,81.32333333333332,1-2yr
3312-ZWLGF,1,Yes,No,29,Fiber optic,No,Yes,Month-to-month,Yes,Electronic check,79.3,2414.55,0,83.26034482758621,2-4yr
6476-YHMGA,0,Yes,Yes,15,DSL,No,Yes,Month-to-month,No,Bank transfer,76.5,1155.6,0,77.03999999999999,1-2yr
5287-QWLKY,1,Yes,Yes,71,Fiber optic,Yes,No,Month-to-month,Yes,Credit card,105.1,7548.1,1,106.3112676056338,4-6yr
0795-XCCTE,1,No,No,72,No,No,No,Two year,No,Bank transfer,25.4,1809.35,0,25.12986111111111,4-6yr
0168-XZKBB,0,Yes,No,19,Fiber optic,No,No,Month-to-month,Yes,Electronic check,86.85,1564.4,0,82.33684210526316,1-2yr
3785-NRHYR,0,No,No,1,No,No,No,Month-to-month,No,Mailed check,19.65,19.65,0,19.65,0-1yr
5196-SGOAK,0,No,No,1,Fiber optic,No,No,Month-to-month,Yes,Electronic check,75.7,75.7,1,75.7,0-1yr
4537-DKTAL,0,No,No,2,DSL,No,No,Month-to-month,No,Electronic check,45.55,84.4,0,42.2,0-1yr
7072-MBHEV,1,Yes,Yes,11,Fiber optic,No,No,Month-to-month,Yes,Credit card,78.1,864.85,0,78.62272727272727,0-1yr
5602-BVFMK,0,No,No,12,No,No,No,One year,No,Mailed check,19.3,228.75,0,19.0625,0-1yr
6297-NOOPG,0,Yes,No,70,Fiber optic,No,Yes,Two year,Yes,Electronic check,110.5,7752.05,0,110.74357142857143,4-6yr
1891-UAWWU,1,Yes,No,20,Fiber optic,No,No,Month-to-month,No,Electronic check,90.8,1951.0,1,97.55,1-2yr
8204-TIFGJ,0,No,No,23,No,No,No,Month-to-month,Yes,Bank transfer,20.3,470.6,0,20.460869565217394,1-2yr
8050-DVOJX,1,No,No,49,DSL,Yes,Yes,Two year,No,Credit card,81.35,4060.9,0,82.87551020408164,4-6yr
6108-OQZDQ,0,Yes,Yes,4,Fiber optic,No,No,Month-to-month,Yes,Electronic check,97.95,384.5,1,96.125,0-1yr
0363-QJVFX,0,No,No,32,Fiber optic,Yes,Yes,Month-to-month,Yes,Credit card,108.15,3432.9,1,107.278125,2-4yr
8903-XEBGX,0,No,Yes,2,DSL,No,No,Month-to-month,Yes,Electronic check,55.3,108.65,0,54.325,0-1yr
8169-SAEJD,1,Yes,No,69,DSL,Yes,No,Two year,No,Credit card,56.55,3952.65,0,57.28478260869565,4-6yr
9840-DVNDC,0,No,No,6,Fiber optic,No,No,Month-to-month,Yes,Credit card,80.5,463.05,1,77.175,0-1yr
1089-XZWHH,0,Yes,Yes,24,No,No,No,Two year,Yes,Mailed check,19.7,494.05,0,20.585416666666667,1-2yr
2325-WINES,0,No,No,32,Fiber optic,No,No,One year,Yes,Credit card,104.05,3416.85,0,106.7765625,2-4yr
6064-ZATLR,0,No,No,27,DSL,Yes,No,Two year,No,Bank transfer,52.85,1498.65,0,55.50555555555556,2-4yr
3096-JRDSO,1,Yes,No,27,Fiber optic,Yes,Yes,Month-to-month,Yes,Bank transfer,104.3,2867.75,1,106.21296296296296,2-4yr
7824-PANSQ,0,No,No,58,Fiber optic,No,Yes,Month-to-month,No,Bank transfer,80.65,4807.35,0,82.88534482758621,4-6yr
8042-JVNFH,0,No,No,1,Fiber optic,No,No,Month-to-month,Yes,Mailed check,71.35,71.35,1,71.35,0-1yr
9648-BCHKM,0,Yes,Yes,18,No,No,No,Two year,Yes,Credit card,24.65,471.35,0,26.186111111111114,1-2yr
2888-ADFAO,0,Yes,Yes,47,No,No,No,Two year,Yes,Bank transfer,21.3,1041.8,0,22.16595744680851,2-4yr
8707-HOEDG,0,Yes,Yes,70,Fiber optic,No,Yes,Two year,Yes,Electronic check,110.2,7689.8,0,109.85428571428572,4-6yr
3374-LXDEV,0,No,No,13,Fiber optic,No,Yes,Month-to-month,No,Electronic check,89.4,1132.35,1,87.10384615384615,1-2yr
4072-IPYLT,0,Yes,Yes,36,DSL,Yes,No,Month-to-month,No,Credit card,51.05,1815.0,0,50.416666666666664,2-4yr
7167-PCEYD,0,No,No,67,No,No,No,Two year,Yes,Mailed check,19.8,1311.3,0,19.571641791044776,4-6yr
4936-YPJNK,0,No,No,10,No,No,No,Month-to-month,Yes,Mailed check,19.9,199.45,0,19.945,0-1yr
1580-BMCMR,1,No,No,19,Fiber optic,Yes,No,Month-to-month,Yes,Electronic check,87.3,1637.3,0,86.17368421052632,1-2yr
4817-KEQSP,0,Yes,Yes,71,No,No,No,Two year,No,Bank transfer,19.85,1326.35,0,18.680985915492958,4-6yr
6408-WHTEF,0,Yes,Yes,72,DSL,Yes,Yes,Two year,Yes,Mailed check,89.4,6376.55,0,88.56319444444445,4-6yr
9251-AWQGT,0,Yes,Yes,48,No,No,No,Two year,No,Mailed check,20.0,935.9,0,19.497916666666665,2-4yr
8749-CLJXC,0,No,No,1,No,No,No,Month-to-month,No,Mailed check,20.05,20.05,0,20.05,0-1yr
7989-VCQOH,0,Yes,Yes,18,DSL,Yes,Yes,Month-to-month,No,Electronic check,83.25,1611.15,0,89.50833333333334,1-2yr
5049-GLYVG,0,No,No,1,No,No,No,Month-to-month,No,Mailed check,20.6,20.6,1,20.6,0-1yr
4199-QHJNM,1,Yes,No,67,Fiber optic,No,Yes,Two year,No,Bank transfer,102.9,6989.7,0,104.32388059701492,4-6yr
8882-TLVRW,0,Yes,Yes,69,DSL,Yes,Yes,Two year,No,Mailed check,39.1,2779.5,0,40.28260869565217,4-6yr
5883-GTGVD,0,No,No,19,Fiber optic,No,No,Month-to-month,Yes,Electronic check,99.95,1931.75,1,101.67105263157895,1-2yr
5135-GRQJV,1,Yes,No,72,Fiber optic,Yes,Yes,Two year,Yes,Mailed check,114.5,8331.95,0,115.7215277777778,4-6yr
2384-OVPSA,1,No,No,38,No,No,No,Two year,No,Mailed check,20.2,735.9,0,19.36578947368421,2-4yr
1371-WEPDS,1,Yes,No,40,DSL,No,No,One year,No,Electronic check,55.8,2283.3,0,57.0825,2-4yr
3580-GICBM,0,Yes,Yes,61,No,No,No,Two year,Yes,Mailed check,24.2,1445.2,0,23.691803278688525,4-6yr
4817-QRJSX,0,No,No,10,Fiber optic,No,No,Month-to-month,Yes,Credit card,81.0,818.05,1,81.80499999999999,0-1yr
9730-DRTMJ,0,Yes,No,32,DSL,Yes,Yes,One year,Yes,Credit card,72.8,2333.05,0,72.9078125,2-4yr
4686-UXDML,0,No,No,21,Fiber optic,No,No,Month-to-month,Yes,Credit card,99.85,1992.55,0,94.88333333333333,1-2yr
3349-ANQNH,1,No,No,59,Fiber optic,No,No,One year,Yes,Electronic check,99.5,5890.0,0,99.83050847457628,4-6yr
2398-YPMUR,1,Yes,No,13,Fiber optic,No,No,Month-to-month,Yes,Electronic check,70.15,916.75,1,70.51923076923077,1-2yr
0932-YIXYU,0,No,No,47,No,No,No,Two year,No,Credit card,20.25,1029.8,0,21.91063829787234,2-4yr
7480-SPLEF,0,Yes,Yes,69,No,No,No,Two year,Yes,Bank transfer,26.0,1796.55,0,26.03695652173913,4-6yr
7636-XUHWW,0,No,No,2,No,No,No,Month-to-month,Yes,Credit card,19.9,33.7,0,16.85,0-1yr
1431-CYWMH,0,Yes,Yes,22,No,No,No,Month-to-month,No,Bank transfer,19.05,454.05,0,20.638636363636365,1-2yr
5937-EORGB,1,Yes,No,15,Fiber optic,Yes,No,Month-to-month,Yes,Electronic check,96.5,1392.25,0,92.81666666666666,1-2yr
6349-JDHQP,0,No,No,53,No,No,No,Two year,No,Credit card,19.85,1049.6,0,19.80377358490566,4-6yr
5539-HIVAK,1,Yes,No,28,No,No,No,Month-to-month,No,Mailed check,25.7,734.6,0,26.235714285714288,2-4yr
5847-MXBEO,0,No,No,22,No,No,No,One year,No,Mailed check,20.3,475.1,0,21.595454545454547,1-2yr
9985-MWVIX,0,No,No,1,Fiber optic,No,No,Month-to-month,Yes,Mailed check,70.15,70.15,1,70.15,0-1yr
4583-PARNH,1,Yes,No,16,Fiber optic,No,Yes,Month-to-month,Yes,Electronic check,91.55,1540.05,0,96.253125,1-2yr
1116-FRYVH,0,Yes,Yes,48,DSL,Yes,Yes,Two year,No,Mailed check,39.4,1978.65,0,41.221875000000004,2-4yr
1421-HCERK,1,Yes,No,30,Fiber optic,Yes,Yes,Month-to-month,Yes,Bank transfer,105.7,3181.8,0,106.06,2-4yr
9633-XQABV,0,No,No,3,Fiber optic,No,No,Month-to-month,Yes,Electronic check,70.25,229.7,0,76.56666666666666,0-1yr
0716-BQNDX,1,No,No,57,Fiber optic,Yes,Yes,Two year,No,Electronic check,93.75,5625.55,0,98.69385964912281,4-6yr
1265-XTECC,1,Yes,No,68,Fiber optic,Yes,No,One year,Yes,Credit card,96.55,6581.9,1,96.79264705882352,4-6yr
1183-CANVH,0,Yes,No,23,DSL,No,Yes,One year,No,Bank transfer,60.0,1347.15,0,58.571739130434786,1-2yr
1972-XMUWV,0,Yes,No,65,DSL,No,Yes,Two year,Yes,Credit card,59.8,3808.2,0,58.58769230769231,4-6yr
8679-LZBMD,0,Yes,No,44,Fiber optic,No,No,One year,Yes,Bank transfer,90.65,3974.15,0,90.32159090909092,2-4yr
3407-JMJQQ,0,Yes,Yes,71,Fiber optic,Yes,No,Two year,Yes,Bank transfer,109.0,7661.8,0,107.91267605633803,4-6yr
6252-DFGTK,0,Yes,No,37,DSL,Yes,Yes,One year,No,Credit card,68.1,2479.25,0,67.00675675675676,2-4yr
1539-LNKHM,0,No,No,12,No,No,No,Month-to-month,No,Mailed check,20.4,266.6,0,22.21666666666667,0-1yr
8645-KOMJQ,0,Yes,Yes,69,DSL,No,Yes,Two year,Yes,Bank transfer,81.95,5601.4,0,81.17971014492753,4-6yr
0289-IVARM,0,No,No,35,DSL,Yes,No,Month-to-month,No,Electronic check,60.55,1982.6,0,56.645714285714284,2-4yr
9761-XUJWD,0,No,No,5,DSL,No,Yes,Month-to-month,Yes,Bank transfer,65.6,339.9,0,67.97999999999999,0-1yr
4057-FKCZK,0,Yes,Yes,58,Fiber optic,No,No,Two year,No,Bank transfer,82.5,4828.05,0,83.24224137931034,4-6yr
4291-TPNFG,0,Yes,No,72,DSL,Yes,Yes,Two year,Yes,Bank transfer,82.3,5980.55,0,83.06319444444445,4-6yr
6087-YPWHO,0,Yes,No,72,DSL,Yes,Yes,Two year,No,Mailed check,68.15,4808.7,0,66.7875,4-6yr
3090-QFUVD,0,No,No,1,No,No,No,Month-to-month,No,Credit card,20.3,20.3,0,20.3,0-1yr
2237-ZFSMY,0,No,No,39,Fiber optic,Yes,Yes,One year,Yes,Electronic check,95.55,3692.85,1,94.68846153846154,2-4yr
1722-LDZJS,0,Yes,Yes,53,No,No,No,One year,No,Credit card,20.2,1068.15,0,20.15377358490566,4-6yr
1818-ESQMW,0,No,No,27,Fiber optic,No,Yes,Month-to-month,Yes,Electronic check,89.2,2383.6,0,88.28148148148148,2-4yr
4871-JTKJF,1,No,No,1,Fiber optic,No,No,Month-to-month,Yes,Electronic check,69.65,69.65,1,69.65,0-1yr
1415-YFWLT,1,No,No,1,Fiber optic,No,No,Month-to-month,Yes,Electronic check,89.3,89.3,1,89.3,0-1yr
7401-RUBNK,0,Yes,No,18,Fiber optic,Yes,No,Month-to-month,No,Electronic check,74.8,1438.05,0,79.89166666666667,1-2yr
0506-YLVKJ,0,Yes,Yes,46,No,No,No,Two year,Yes,Mailed check,20.2,917.45,0,19.944565217391304,2-4yr
8661-BOYNW,0,Yes,No,72,DSL,Yes,Yes,Two year,Yes,Credit card,84.4,6096.45,0,84.67291666666667,4-6yr
6711-VTNRE,0,No,No,36,Fiber optic,No,Yes,Month-to-month,Yes,Electronic check,87.55,3078.1,1,85.50277777777778,2-4yr
4815-GBTCD,0,Yes,No,4,DSL,No,No,Month-to-month,Yes,Electronic check,25.15,99.95,0,24.9875,0-1yr
2805-AUFQN,0,No,No,25,No,No,No,Two year,No,Credit card,19.8,475.2,0,19.008,2-4yr
0980-PVMRC,0,Yes,Yes,40,DSL,No,No,Month-to-month,Yes,Electronic check,50.85,2036.55,0,50.91375,2-4yr
7233-DRTRF,0,Yes,No,63,Fiber optic,No,No,Month-to-month,Yes,Electronic check,102.4,6444.05,0,102.28650793650795,4-6yr
3500-RMZLT,1,No,No,15,Fiber optic,Yes,Yes,Month-to-month,Yes,Mailed check,96.3,1426.75,1,95.11666666666666,1-2yr
3873-NFTGI,0,No,No,14,DSL,No,No,Month-to-month,Yes,Credit card,55.5,767.55,0,54.824999999999996,1-2yr
1162-ECVII,1,Yes,No,72,Fiber optic,No,Yes,Two year,Yes,Bank transfer,109.75,7932.5,0,110.17361111111111,4-6yr
7048-GXDAY,0,No,No,39,Fiber optic,Yes,No,Month-to-month,Yes,Electronic check,106.4,4040.65,0,103.60641025641026,2-4yr
8571-ZCMCX,0,Yes,Yes,47,DSL,Yes,No,Two year,Yes,Credit card,60.0,2768.65,0,58.90744680851064,2-4yr
1169-WCVAK,0,Yes,No,19,Fiber optic,Yes,Yes,Month-to-month,Yes,Credit card,88.8,1672.35,0,88.01842105263158,1-2yr
4548-SDBKE,0,No,No,5,Fiber optic,No,No,Month-to-month,Yes,Electronic check,85.2,474.8,1,94.96000000000001,0-1yr
8066-POXGX,0,No,No,13,DSL,No,No,Month-to-month,Yes,Electronic check,35.1,446.1,1,34.315384615384616,1-2yr
7129-CAKJW,0,No,No,17,Fiber optic,No,No,Month-to-month,No,Bank transfer,80.05,1345.65,0,79.15588235294118,1-2yr
8695-ARGXZ,1,Yes,No,34,Fiber optic,No,No,Month-to-month,Yes,Electronic check,75.55,2425.4,0,71.33529411764707,2-4yr
3570-YUEKJ,0,No,No,42,DSL,No,No,Month-to-month,Yes,Electronic check,49.55,2077.95,0,49.474999999999994,2-4yr
4143-OOBWZ,0,Yes,No,5,Fiber optic,No,No,Month-to-month,Yes,Electronic check,81.3,416.3,1,83.26,0-1yr
1555-HAPSU,0,Yes,Yes,71,No,No,No,Two year,No,Credit card,23.9,1663.5,0,23.429577464788732,4-6yr
1697-NVVGY,1,Yes,No,19,DSL,Yes,No,Month-to-month,No,Bank transfer,66.4,1286.05,0,67.68684210526315,1-2yr
7854-EKTJL,0,No,Yes,2,No,No,No,Month-to-month,Yes,Electronic check,19.6,35.85,1,17.925,0-1yr
8464-EETCQ,0,No,No,57,No,No,No,Two year,No,Credit card,18.8,1094.35,0,19.19912280701754,4-6yr
2419-FSORS,0,Yes,No,72,Fiber optic,No,Yes,Two year,Yes,Electronic check,108.4,7719.5,0,107.21527777777777,4-6yr
8132-YPVBX,0,No,No,6,Fiber optic,No,No,Month-to-month,Yes,Mailed check,85.95,514.6,0,85.76666666666667,0-1yr
9102-IAYHT,0,Yes,Yes,17,Fiber optic,No,No,Month-to-month,Yes,Electronic check,85.45,1451.6,1,85.38823529411764,1-2yr
6754-LZUKA,0,Yes,No,61,DSL,No,No,Two year,No,Bank transfer,80.9,4932.5,0,80.86065573770492,4-6yr
3422-LYEPQ,0,Yes,Yes,1,Fiber optic,No,No,Month-to-month,Yes,Electronic check,71.0,71.0,1,71.0,0-1yr
8099-MZPUJ,0,Yes,Yes,48,Fiber optic,Yes,Yes,Two year,No,Credit card,111.8,5443.65,0,113.409375,2-4yr
0787-LHDYT,0,No,No,16,No,No,No,Month-to-month,Yes,Credit card,20.6,330.25,0,20.640625,1-2yr
2642-DTVCO,1,No,No,9,Fiber optic,No,No,Month-to-month,Yes,Electronic check,85.05,746.5,1,82.94444444444444,0-1yr
0374-IOEGQ,0,No,No,3,DSL,No,No,Month-to-month,No,Electronic check,44.6,122.7,0,40.9,0-1yr
4361-JEIVL,0,No,Yes,1,DSL,No,No,Month-to-month,Yes,Electronic check,44.4,44.4,1,44.4,0-1yr
3197-NNYNB,0,No,No,65,Fiber optic,No,No,Two year,No,Credit card,105.1,6631.85,0,102.02846153846154,4-6yr
3396-DKDEL,0,Yes,Yes,70,Fiber optic,Yes,Yes,Two year,Yes,Credit card,115.15,8250.0,0,117.85714285714286,4-6yr
1752-OZXFY,0,Yes,No,60,DSL,Yes,No,One year,Yes,Mailed check,59.8,3561.15,0,59.3525,4-6yr
9066-QRSDU,0,Yes,No,69,No,No,No,One year,Yes,Electronic check,26.3,1763.55,0,25.558695652173913,4-6yr
9112-WSNPU,1,No,No,35,Fiber optic,No,No,Month-to-month,No,Electronic check,70.55,2419.0,0,69.11428571428571,2-4yr
9867-NNXLC,0,No,No,22,No,No,No,Month-to-month,Yes,Mailed check,20.05,470.2,0,21.37272727272727,1-2yr
5321-NTRKC,0,Yes,Yes,66,DSL,No,No,Two year,No,Bank transfer,79.85,5234.95,0,79.31742424242424,4-6yr
1363-TXLSL,1,Yes,No,1,Fiber optic,No,No,Month-to-month,Yes,Electronic check,70.3,70.3,1,70.3,0-1yr
9507-EXLTT,0,Yes,No,1,Fiber optic,No,No,Month-to-month,Yes,Bank transfer,79.35,79.35,1,79.35,0-1yr
3161-GETRM,0,Yes,Yes,34,Fiber optic,No,No,Month-to-month,Yes,Credit card,90.05,3097.0,0,91.08823529411765,2-4yr
0402-OAMEN,0,Yes,Yes,72,No,No,No,Two year,No,Bank transfer,24.45,1709.1,0,23.737499999999997,4-6yr
6933-VLYFX,0,Yes,Yes,31,DSL,Yes,Yes,One year,No,Electronic check,59.95,1848.8,0,59.63870967741936,2-4yr
6754-WKSHP,0,No,Yes,30,No,No,No,One year,No,Bank transfer,25.35,723.3,0,24.11,2-4yr
9846-GKXAS,0,No,No,9,Fiber optic,No,No,Month-to-month,Yes,Bank transfer,90.8,809.75,1,89.97222222222223,0-1yr
6017-PPLPX,0,Yes,Yes,20,Fiber optic,No,No,Month-to-month,Yes,Electronic check,70.45,1470.95,1,73.5475,1-2yr
4976-LNFVV,1,Yes,No,19,DSL,No,No,Month-to-month,Yes,Credit card,34.3,577.15,0,30.376315789473683,1-2yr
5055-MGMGF,0,Yes,No,65,Fiber optic,Yes,No,Month-to-month,Yes,Electronic check,105.05,6914.95,0,106.38384615384615,4-6yr
4641-FROLU,0,Yes,Yes,30,No,No,No,Two year,No,Mailed check,19.3,602.9,0,20.096666666666668,2-4yr
2862-JVEOY,0,No,No,6,No,No,No,One year,No,Mailed check,19.15,124.4,0,20.733333333333334,0-1yr
2969-QWUBZ,0,No,No,2,DSL,No,No,Month-to-month,No,Electronic check,51.4,96.8,0,48.4,0-1yr
9822-BIIGN,0,Yes,Yes,53,DSL,Yes,Yes,Month-to-month,No,Electronic check,71.85,3827.9,0,72.22452830188679,4-6yr
2077-MPJQO,1,Yes,No,7,Fiber optic,No,No,Month-to-month,Yes,Electronic check,75.4,533.05,0,76.14999999999999,0-1yr
1534-OULXE,0,Yes,Yes,61,DSL,Yes,No,One year,Yes,Bank transfer,49.7,2961.4,0,48.54754098360656,4-6yr
7136-RVDTZ,1,No,No,70,DSL,No,No,One year,Yes,Electronic check,45.25,3264.45,1,46.635,4-6yr
2971-SGAFL,0,No,No,13,DSL,Yes,No,Month-to-month,Yes,Electronic check,78.75,995.35,0,76.56538461538462,1-2yr
1480-IVEVR,1,Yes,No,35,Fiber optic,No,No,One year,Yes,Bank transfer,81.6,2815.25,0,80.43571428571428,2-4yr
2905-KFQUV,0,Yes,No,2,Fiber optic,No,No,Month-to-month,Yes,Credit card,70.4,154.8,0,77.4,0-1yr
4581-SSPWD,0,No,No,3,Fiber optic,No,No,Month-to-month,Yes,Electronic check,75.8,246.3,1,82.10000000000001,0-1yr
3370-HXOPH,0,No,No,3,Fiber optic,No,No,Month-to-month,No,Electronic check,76.1,257.6,0,85.86666666666667,0-1yr
9391-YZEJW,0,No,No,62,Fiber optic,No,No,One year,Yes,Bank transfer,94.0,5757.2,0,92.85806451612903,4-6yr
9958-MEKUC,0,Yes,Yes,72,Fiber optic,Yes,Yes,Two year,No,Credit card,103.95,7517.7,0,104.4125,4-6yr
0281-CNTZX,0,Yes,No,63,No,No,No,Two year,Yes,Bank transfer,19.95,1234.8,0,19.599999999999998,4-6yr
6927-WTFIV,1,No,No,20,Fiber optic,No,No,Month-to-month,No,Credit card,71.3,1389.2,1,69.46000000000001,1-2yr
4118-CEVPF,1,No,No,35,Fiber optic,Yes,Yes,One year,Yes,Bank transfer,110.8,3836.3,0,109.60857142857144,2-4yr
3398-ZOUAA,1,Yes,No,21,Fiber optic,No,No,Month-to-month,Yes,Electronic check,69.1,1474.75,1,70.22619047619048,1-2yr
9114-VEPUF,0,Yes,No,62,Fiber optic,Yes,No,One year,No,Electronic check,96.1,6001.45,0,96.79758064516129,4-6yr
7876-BEUTG,0,No,No,15,DSL,No,No,Month-to-month,Yes,Mailed check,48.8,720.1,0,48.00666666666667,1-2yr
2338-BQEZT,0,No,No,55,DSL,Yes,No,Month-to-month,Yes,Credit card,50.55,2832.75,0,51.50454545454546,4-6yr
9873-MNDKV,0,No,No,11,DSL,No,No,Month-to-month,Yes,Mailed check,44.65,472.25,0,42.93181818181818,0-1yr
0378-NHQXU,0,Yes,Yes,17,Fiber optic,No,No,Month-to-month,No,Electronic check,88.25,1460.65,1,85.92058823529412,1-2yr
8241-JUIQO,0,No,No,61,No,No,No,One year,No,Bank transfer,19.45,1336.35,0,21.907377049180326,4-6yr
2194-IIQOF,0,Yes,No,71,DSL,Yes,Yes,Two year,No,Credit card,89.3,6388.65,0,89.98098591549295,4-6yr
4512-ZUIYL,0,No,No,2,Fiber optic,No,No,Month-to-month,No,Bank transfer,70.0,153.05,1,76.525,0-1yr
9631-RXVJM,0,No,No,35,No,No,No,Two year,No,Mailed check,19.25,677.9,0,19.36857142857143,2-4yr
9584-EXCDZ,0,No,No,17,Fiber optic,No,No,Month-to-month,No,Bank transfer,70.5,1165.6,0,68.56470588235294,1-2yr
7969-AULMZ,0,No,No,21,Fiber optic,No,No,Month-to-month,Yes,Electronic check,97.35,2119.5,1,100.92857142857143,1-2yr
5093-FEGLU,0,Yes,No,47,No,No,No,Two year,No,Bank transfer,19.65,921.55,0,19.607446808510637,2-4yr
2621-UDNLU,0,Yes,No,3,No,No,No,Month-to-month,No,Mailed check,20.85,72.0,0,24.0,0-1yr
7526-IVLYU,0,No,No,3,No,No,No,Month-to-month,Yes,Mailed check,19.65,68.35,0,22.78333333333333,0-1yr
2428-HYUNX,1,Yes,No,44,No,No,No,Two year,Yes,Credit card,19.35,847.25,0,19.255681818181817,2-4yr
9214-EKVXR,0,No,No,1,DSL,No,No,Month-to-month,Yes,Mailed check,44.0,44.0,0,44.0,0-1yr
3410-MHHUM,0,Yes,Yes,44,Fiber optic,No,No,One year,No,Electronic check,94.4,4295.35,0,97.62159090909091,2-4yr
0568-ONFPC,0,Yes,Yes,5,No,No,No,Month-to-month,Yes,Bank transfer,25.9,135.0,1,27.0,0-1yr
0733-VUNUW,0,No,No,24,DSL,Yes,No,Month-to-month,Yes,Bank transfer,55.65,1400.55,1,58.356249999999996,1-2yr
4550-EVXNY,0,No,Yes,1,Fiber optic,No,No,Month-to-month,Yes,Electronic check,69.65,69.65,1,69.65,0-1yr
2122-YWVYA,0,No,No,18,Fiber optic,Yes,No,Month-to-month,Yes,Electronic check,75.4,1380.4,0,76.6888888888889,1-2yr
2968-SSGAA,0,No,No,10,Fiber optic,No,No,Month-to-month,Yes,Electronic check,100.6,1060.2,1,106.02000000000001,0-1yr
2296-DKZFP,0,Yes,No,65,DSL,Yes,No,Two year,No,Bank transfer,71.0,4386.2,0,67.48,4-6yr
4844-JJWUY,1,No,No,1,Fiber optic,No,No,Month-to-month,Yes,Electronic check,86.0,86.0,1,86.0,0-1yr
6777-TGHTM,0,No,No,53,Fiber optic,Yes,No,One year,Yes,Credit card,106.95,5785.5,1,109.16037735849056,4-6yr
8909-BOLNL,0,No,No,3,No,No,No,One year,No,Mailed check,21.2,52.05,0,17.349999999999998,0-1yr
6603-YRDCJ,0,Yes,No,33,DSL,Yes,Yes,Two year,Yes,Mailed check,61.05,2018.4,0,61.163636363636364,2-4yr
3538-WZPHD,0,No,No,3,DSL,No,No,Month-to-month,Yes,Electronic check,29.6,79.45,1,26.483333333333334,0-1yr
3229-USWAR,0,No,No,34,DSL,Yes,Yes,One year,Yes,Bank transfer,79.95,2727.3,0,80.21470588235294,2-4yr
2138-VFAPZ,0,Yes,Yes,14,No,No,No,Two year,Yes,Mailed check,19.7,263.65,0,18.832142857142856,1-2yr
6131-JLWZM,0,No,No,13,No,No,No,Month-to-month,Yes,Mailed check,20.3,275.4,0,21.184615384615384,1-2yr
4785-QRJHC,1,Yes,No,46,DSL,No,Yes,One year,Yes,Bank transfer,59.9,2816.65,1,61.231521739130436,2-4yr
0269-XFESX,0,Yes,Yes,23,No,No,No,One year,No,Mailed check,24.35,538.5,0,23.41304347826087,1-2yr
1709-EJDOX,0,Yes,Yes,47,No,No,No,Two year,No,Mailed check,19.75,948.9,0,20.18936170212766,2-4yr
4316-XCSLJ,0,No,Yes,17,DSL,Yes,No,Month-to-month,Yes,Mailed check,50.3,846.8,0,49.811764705882354,1-2yr
8610-WFCJF,0,Yes,Yes,49,Fiber optic,No,No,Month-to-month,Yes,Electronic check,95.6,4783.5,1,97.62244897959184,4-6yr
9693-XMUOB,1,Yes,No,59,DSL,No,No,Month-to-month,Yes,Electronic check,50.25,2997.45,0,50.80423728813559,4-6yr
0383-CLDDA,0,No,No,69,DSL,Yes,Yes,Two year,Yes,Credit card,85.35,5897.4,0,85.4695652173913,4-6yr
4905-JEFDW,0,No,No,11,DSL,No,No,One year,Yes,Electronic check,41.6,470.6,1,42.78181818181818,0-1yr
2709-UQGNP,0,No,No,10,DSL,Yes,No,Month-to-month,Yes,Mailed check,51.65,524.5,0,52.45,0-1yr
3549-ZTMNH,0,Yes,Yes,12,No,No,No,Two year,Yes,Bank transfer,24.0,269.65,0,22.47083333333333,0-1yr
7881-INRLC,0,No,No,45,Fiber optic,No,No,Month-to-month,Yes,Credit card,100.85,4740.0,1,105.33333333333333,2-4yr
8033-ATFAS,0,Yes,Yes,39,DSL,No,No,Month-to-month,Yes,Mailed check,59.85,2341.5,0,60.03846153846154,2-4yr
1635-NZATJ,1,Yes,No,71,No,No,No,Two year,No,Credit card,25.45,1789.65,0,25.206338028169014,4-6yr
0562-HKHML,0,Yes,Yes,71,No,No,No,Two year,No,Credit card,23.9,1626.4,0,22.907042253521126,4-6yr
8277-RVRSV,0,Yes,Yes,33,No,No,No,One year,No,Credit card,24.15,800.3,0,24.25151515151515,2-4yr
9943-VSZUV,1,No,No,67,Fiber optic,No,No,Month-to-month,Yes,Mailed check,75.7,5060.85,0,75.53507462686568,4-6yr
0117-LFRMW,0,Yes,Yes,37,DSL,Yes,No,Month-to-month,No,Bank transfer,40.2,1448.8,1,39.15675675675676,2-4yr
6172-FECYY,0,Yes,Yes,49,Fiber optic,No,No,Month-to-month,No,Electronic check,84.5,4254.85,1,86.83367346938776,4-6yr
7054-ENNGU,0,Yes,No,9,DSL,No,No,Month-to-month,No,Mailed check,50.85,466.6,0,51.84444444444445,0-1yr
1455-HFBXA,0,Yes,No,52,Fiber optic,Yes,Yes,Two year,Yes,Credit card,91.6,4627.8,0,88.99615384615385,4-6yr
9402-CXWPL,0,No,No,70,Fiber optic,No,No,One year,No,Electronic check,98.9,6838.6,0,97.69428571428573,4-6yr
1628-BIZYP,0,No,No,1,Fiber optic,No,No,Month-to-month,Yes,Electronic check,85.0,85.0,0,85.0,0-1yr
1965-AKTSX,1,No,No,14,Fiber optic,No,No,Month-to-month,Yes,Electronic check,78.95,1101.85,1,78.70357142857142,1-2yr
0082-LDZUE,0,No,No,1,DSL,No,No,Month-to-month,Yes,Mailed check,44.3,44.3,0,44.3,0-1yr
4786-UKSNZ,0,No,No,1,No,No,No,Month-to-month,No,Mailed check,20.2,20.2,1,20.2,0-1yr
5343-SGUBI,0,No,No,52,Fiber optic,No,No,One year,Yes,Mailed check,80.2,4297.6,0,82.64615384615385,4-6yr
0856-NAOES,0,No,No,6,DSL,No,No,Month-to-month,No,Mailed check,60.9,414.1,0,69.01666666666667,0-1yr
1976-AZZPJ,0,Yes,No,7,DSL,Yes,No,Month-to-month,No,Mailed check,34.2,256.6,0,36.65714285714286,0-1yr
7248-VZQLC,1,No,No,47,Fiber optic,No,No,Month-to-month,Yes,Bank transfer,85.2,3969.35,1,84.45425531914893,2-4yr
6156-UZDLF,0,No,No,26,Fiber optic,Yes,Yes,One year,Yes,Credit card,87.15,2274.1,0,87.46538461538461,2-4yr
3099-OONVS,0,Yes,Yes,25,DSL,Yes,Yes,Month-to-month,No,Electronic check,54.3,1296.8,0,51.872,2-4yr
9500-WBGRP,0,No,No,69,No,No,No,Two year,Yes,Mailed check,19.1,1268.85,0,18.389130434782608,4-6yr
5183-KLYEM,0,No,No,72,Fiber optic,Yes,Yes,Two year,Yes,Credit card,112.75,8192.6,0,113.78611111111111,4-6yr
5144-PQCDZ,0,No,No,4,No,No,No,Month-to-month,Yes,Mailed check,19.95,59.25,0,14.8125,0-1yr
8514-VZHEB,0,Yes,Yes,59,No,No,No,Two year,No,Mailed check,19.5,1147.85,0,19.45508474576271,4-6yr
6625-IUTTT,0,No,No,67,DSL,Yes,No,Two year,No,Bank transfer,65.55,4361.55,0,65.09776119402986,4-6yr
9355-NPPFS,1,No,No,26,Fiber optic,No,No,Month-to-month,Yes,Electronic check,78.8,2006.1,0,77.1576923076923,2-4yr
0068-FIGTF,0,No,No,27,DSL,No,Yes,One year,No,Mailed check,78.2,2078.95,0,76.99814814814815,2-4yr
5965-GGPRW,0,Yes,Yes,72,Fiber optic,Yes,No,Two year,No,Bank transfer,105.25,7609.75,0,105.69097222222223,4-6yr
8035-PWSEV,0,No,No,6,Fiber optic,No,Yes,Month-to-month,Yes,Electronic check,89.25,487.05,0,81.175,0-1yr
2236-HILPA,0,Yes,Yes,62,No,No,No,Two year,No,Credit card,20.65,1218.45,0,19.65241935483871,4-6yr
1840-BIUOG,0,No,No,20,DSL,No,Yes,One year,Yes,Electronic check,68.7,1416.2,0,70.81,1-2yr
1356-MKYSK,0,No,No,6,DSL,Yes,Yes,Month-to-month,No,Credit card,78.65,483.3,0,80.55,0-1yr
6080-LNESI,0,No,No,51,No,No,No,Two year,No,Mailed check,24.75,1234.6,0,24.2078431372549,4-6yr
1830-IPXVJ,0,Yes,Yes,61,No,No,No,Two year,No,Credit card,19.75,1311.6,0,21.501639344262294,4-6yr
5828-DWPIL,1,Yes,No,62,Fiber optic,Yes,No,Month-to-month,Yes,Electronic check,89.1,5618.3,0,90.61774193548388,4-6yr
8398-TBIYD,0,No,No,72,Fiber optic,Yes,Yes,Two year,Yes,Bank transfer,84.7,6185.15,0,85.9048611111111,4-6yr
0011-IGKFF,1,Yes,No,13,Fiber optic,No,No,Month-to-month,Yes,Electronic check,98.0,1237.85,1,95.21923076923076,1-2yr
4192-GORJT,0,Yes,No,5,Fiber optic,No,No,Month-to-month,Yes,Electronic check,94.45,498.1,1,99.62,0-1yr
6496-SLWHQ,1,No,No,3,Fiber optic,No,No,Month-to-month,Yes,Electronic check,105.0,294.45,1,98.14999999999999,0-1yr
9912-GVSEQ,1,Yes,No,26,Fiber optic,No,No,Month-to-month,Yes,Electronic check,93.85,2381.55,1,91.59807692307693,2-4yr
2931-FSOHN,1,No,No,13,DSL,No,No,Month-to-month,Yes,Electronic check,59.9,788.35,0,60.642307692307696,1-2yr
9418-RUKPH,0,Yes,Yes,38,No,No,No,Two year,Yes,Mailed check,19.95,756.4,0,19.905263157894737,2-4yr
5383-MMTWC,1,Yes,No,8,Fiber optic,No,No,Month-to-month,Yes,Electronic check,84.0,613.4,1,76.675,0-1yr
9971-ZWPBF,1,Yes,Yes,34,Fiber optic,No,Yes,Month-to-month,Yes,Electronic check,108.9,3625.2,0,106.62352941176471,2-4yr
4712-AUQZO,0,No,No,18,DSL,Yes,No,Month-to-month,No,Mailed check,33.6,550.35,0,30.575000000000003,1-2yr
9711-FJTBX,0,Yes,Yes,56,Fiber optic,No,Yes,One year,Yes,Mailed check,85.85,4793.8,0,85.60357142857143,4-6yr
2908-ZTPNF,0,No,No,36,DSL,No,Yes,Month-to-month,Yes,Bank transfer,34.85,1267.2,0,35.2,2-4yr
7240-ETPTR,0,Yes,No,9,DSL,No,No,Month-to-month,Yes,Electronic check,48.75,442.2,1,49.13333333333333,0-1yr
2202-CUYXZ,0,No,No,1,Fiber optic,No,No,Month-to-month,Yes,Electronic check,84.85,84.85,1,84.85,0-1yr
5995-OIGLP,0,No,No,12,DSL,Yes,Yes,Month-to-month,No,Mailed check,56.65,654.85,1,54.57083333333333,0-1yr
8421-WZOOW,1,Yes,Yes,57,Fiber optic,No,Yes,Month-to-month,Yes,Credit card,95.3,5567.45,0,97.67456140350878,4-6yr
6261-RCVNS,0,No,No,42,DSL,Yes,Yes,One year,No,Credit card,73.9,3160.55,1,75.25119047619049,2-4yr
7951-QKZPL,0,Yes,Yes,33,No,No,No,Two year,Yes,Mailed check,24.5,740.3,1,22.433333333333334,2-4yr
1414-YADCW,0,Yes,No,70,Fiber optic,Yes,Yes,Two year,No,Bank transfer,84.6,5706.2,0,81.51714285714286,4-6yr
8756-RDDLT,0,No,No,68,DSL,No,Yes,Month-to-month,No,Electronic check,44.95,3085.35,0,45.37279411764706,4-6yr
2862-PFNIK,0,No,Yes,1,DSL,No,No,Month-to-month,Yes,Electronic check,24.7,24.7,0,24.7,0-1yr
5816-QVHRX,0,No,No,37,Fiber optic,No,Yes,Month-to-month,No,Credit card,100.3,3541.4,0,95.71351351351352,2-4yr
4430-YHXGG,0,No,Yes,4,No,No,No,Month-to-month,Yes,Mailed check,25.45,84.2,0,21.05,0-1yr
6888-SBYAI,0,No,No,1,DSL,Yes,No,Month-to-month,Yes,Mailed check,50.7,50.7,0,50.7,0-1yr
7395-XWZOY,0,No,No,20,DSL,Yes,Yes,Month-to-month,Yes,Credit card,55.0,1165.55,0,58.277499999999996,1-2yr
7169-YWAMK,0,Yes,Yes,72,DSL,Yes,Yes,Two year,No,Bank transfer,68.4,4855.35,0,67.43541666666667,4-6yr
3640-PHQXK,0,No,No,31,Fiber optic,No,No,Month-to-month,Yes,Electronic check,89.9,2806.9,1,90.54516129032258,2-4yr
6877-LGWXO,1,Yes,No,18,Fiber optic,No,No,Month-to-month,No,Electronic check,78.55,1422.65,1,79.03611111111111,1-2yr
6859-RKMZJ,0,Yes,No,11,DSL,No,No,Month-to-month,Yes,Bank transfer,55.05,608.15,0,55.28636363636363,0-1yr
2729-VNVAP,0,Yes,Yes,33,No,No,No,Two year,No,Credit card,19.8,641.35,0,19.434848484848487,2-4yr
2957-JIRMN,1,No,No,62,Fiber optic,No,No,One year,No,Electronic check,84.45,4959.15,0,79.98629032258064,4-6yr
2049-BAFNW,0,No,No,1,DSL,No,Yes,Month-to-month,No,Mailed check,35.9,35.9,0,35.9,0-1yr
3842-QTGDL,0,Yes,No,16,Fiber optic,Yes,No,Month-to-month,No,Bank transfer,80.75,1321.3,0,82.58125,1-2yr
7163-OCEQI,0,Yes,Yes,22,DSL,No,Yes,One year,Yes,Mailed check,78.65,1663.75,0,75.625,1-2yr
9782-LGXMC,0,Yes,Yes,49,DSL,Yes,Yes,Month-to-month,No,Bank transfer,61.75,3024.15,0,61.71734693877551,4-6yr
5975-BAICR,0,Yes,Yes,36,DSL,Yes,No,One year,Yes,Credit card,63.7,2188.5,0,60.791666666666664,2-4yr
8019-ENHXU,0,Yes,No,42,Fiber optic,No,Yes,Month-to-month,Yes,Electronic check,99.45,4138.05,1,98.525,2-4yr
5167-GBFRE,1,No,No,4,DSL,No,No,Month-to-month,Yes,Bank transfer,25.2,102.5,1,25.625,0-1yr
9033-EOXWV,0,No,No,12,DSL,No,Yes,One year,No,Mailed check,74.05,872.65,1,72.72083333333333,0-1yr
4673-KKSLS,0,No,No,31,Fiber optic,Yes,Yes,Month-to-month,No,Electronic check,87.6,2724.25,0,87.87903225806451,2-4yr
4853-OITSN,0,Yes,No,5,Fiber optic,Yes,No,Month-to-month,Yes,Electronic check,89.15,413.25,0,82.65,0-1yr
9800-OUIGR,0,Yes,Yes,66,No,No,No,Two year,No,Credit card,20.0,1374.2,0,20.82121212121212,4-6yr
1324-NLTJE,1,No,No,15,DSL,No,Yes,Month-to-month,No,Credit card,55.0,757.1,1,50.473333333333336,1-2yr
2324-EFHVG,0,No,No,64,Fiber optic,No,No,Two year,Yes,Bank transfer,104.4,6692.65,0,104.57265625,4-6yr
7094-MSZAO,0,Yes,Yes,10,No,No,No,Month-to-month,Yes,Credit card,20.05,218.5,0,21.85,0-1yr
1522-VVDMG,0,Yes,Yes,7,Fiber optic,No,Yes,Month-to-month,Yes,Electronic check,89.75,608.8,1,86.97142857142856,0-1yr
6907-CQGPN,0,No,No,29,DSL,No,Yes,Month-to-month,No,Electronic check,34.3,1004.75,0,34.64655172413793,2-4yr
0780-XNZFN,0,No,No,57,No,No,No,Two year,No,Bank transfer,20.65,1125.6,0,19.74736842105263,4-6yr
0239-OXEXL,0,No,No,46,Fiber optic,Yes,No,Month-to-month,No,Mailed check,84.25,3847.6,0,83.64347826086956,2-4yr
2675-IJRGJ,0,No,No,53,No,No,No,Two year,No,Bank transfer,19.65,978.0,0,18.452830188679247,4-6yr
7049-GKVZY,0,No,No,17,DSL,Yes,Yes,One year,No,Credit card,79.85,1387.35,0,81.60882352941177,1-2yr
8577-QSOCG,0,Yes,Yes,38,No,No,No,Two year,Yes,Mailed check,20.2,746.05,0,19.632894736842104,2-4yr
3721-CNZHX,0,No,No,15,No,No,No,One year,No,Mailed check,19.8,304.6,0,20.30666666666667,1-2yr
0212-ISBBF,0,No,No,22,DSL,No,No,Month-to-month,Yes,Electronic check,50.35,1098.85,0,49.94772727272727,1-2yr
9185-TQCVP,0,Yes,No,14,Fiber optic,No,No,Month-to-month,Yes,Electronic check,85.15,1139.2,1,81.37142857142858,1-2yr
3585-YNADK,0,Yes,No,57,DSL,No,Yes,One year,No,Bank transfer,74.6,4368.95,0,76.64824561403509,4-6yr
5271-DBYSJ,1,No,No,11,Fiber optic,No,No,Month-to-month,Yes,Credit card,79.15,827.7,0,75.24545454545455,0-1yr
1099-GODLO,0,Yes,Yes,1,No,No,No,Two year,No,Mailed check,20.35,20.35,0,20.35,0-1yr
6828-HMKWP,0,Yes,Yes,12,No,No,No,Two year,No,Bank transfer,21.05,262.05,0,21.837500000000002,0-1yr
5567-WSELE,1,Yes,No,3,Fiber optic,No,No,Month-to-month,Yes,Electronic check,94.6,279.55,1,93.18333333333334,0-1yr
1472-TNCWL,0,No,Yes,36,Fiber optic,No,No,Month-to-month,Yes,Electronic check,94.7,3512.5,0,97.56944444444444,2-4yr
8063-RJYNF,0,No,No,16,Fiber optic,Yes,No,Month-to-month,Yes,Electronic check,94.25,1483.25,1,92.703125,1-2yr
0687-ZVTHB,0,Yes,Yes,65,DSL,Yes,No,One year,No,Credit card,72.45,4653.85,1,71.59769230769231,4-6yr
2080-GKCWQ,0,No,No,2,Fiber optic,No,No,Month-to-month,No,Electronic check,74.95,151.75,0,75.875,0-1yr
9661-ACXBS,0,No,No,42,Fiber optic,Yes,No,Month-to-month,Yes,Electronic check,105.2,4400.75,1,104.7797619047619,2-4yr
2193-SFWQW,0,Yes,Yes,72,Fiber optic,Yes,Yes,Two year,No,Bank transfer,111.95,8033.1,0,111.57083333333334,4-6yr
5656-JAMLX,0,No,No,62,No,No,No,Two year,No,Bank transfer,19.85,1253.65,0,20.220161290322583,4-6yr
3462-BJQQA,0,No,No,6,Fiber optic,No,No,Month-to-month,Yes,Electronic check,89.75,552.65,0,92.10833333333333,0-1yr
0442-TDYUO,0,Yes,No,48,No,No,No,Two year,Yes,Mailed check,20.05,1036.0,0,21.583333333333332,2-4yr
6733-LRIZX,0,No,No,35,Fiber optic,Yes,Yes,Two year,Yes,Electronic check,108.95,4025.5,0,115.01428571428572,2-4yr
9503-XJUME,0,No,Yes,52,No,No,No,One year,No,Credit card,19.65,928.4,0,17.853846153846153,4-6yr
4367-NHWMM,0,No,No,1,DSL,No,No,Month-to-month,Yes,Mailed check,24.9,24.9,0,24.9,0-1yr
3727-RJMEO,0,Yes,No,6,Fiber optic,No,No,Month-to-month,Yes,Electronic check,82.85,460.25,1,76.70833333333333,0-1yr
3779-OSWCF,0,Yes,No,71,DSL,Yes,Yes,Two year,No,Credit card,93.2,6506.15,0,91.63591549295774,4-6yr
6736-DHUQI,0,Yes,Yes,67,Fiber optic,Yes,No,One year,No,Bank transfer,84.8,5598.3,0,83.55671641791045,4-6yr
3915-ODIYG,1,No,No,60,DSL,Yes,No,One year,Yes,Electronic check,71.75,4374.55,0,72.90916666666666,4-6yr
1360-RCYRT,0,Yes,Yes,23,DSL,No,Yes,Month-to-month,Yes,Bank transfer,30.35,678.75,0,29.51086956521739,1-2yr
2724-FJDYW,0,No,Yes,39,DSL,No,Yes,One year,No,Bank transfer,54.85,2191.7,0,56.197435897435895,2-4yr
4451-RWASJ,0,Yes,Yes,15,No,No,No,One year,Yes,Mailed check,19.5,239.75,0,15.983333333333333,1-2yr
6646-VRFOL,1,Yes,No,53,Fiber optic,No,No,Month-to-month,Yes,Electronic check,103.85,5485.5,1,103.5,4-6yr
3460-TJBWI,0,Yes,Yes,24,No,No,No,Two year,No,Mailed check,24.2,609.05,0,25.37708333333333,1-2yr
5917-HBSDW,0,Yes,Yes,37,No,No,No,Month-to-month,No,Electronic check,19.35,683.75,0,18.47972972972973,2-4yr
5685-IIXLY,0,Yes,Yes,5,Fiber optic,No,No,Month-to-month,Yes,Electronic check,83.6,404.2,1,80.84,0-1yr
5671-UUNXD,1,Yes,No,50,Fiber optic,No,Yes,One year,Yes,Electronic check,100.65,5189.75,0,103.795,4-6yr
0956-ACVZC,0,No,No,54,Fiber optic,No,No,One year,Yes,Credit card,94.1,5060.9,0,93.72037037037036,4-6yr
2325-NBPZG,0,No,No,3,Fiber optic,Yes,No,Month-to-month,Yes,Electronic check,74.55,233.65,0,77.88333333333334,0-1yr
4250-ZBWLV,0,No,No,68,Fiber optic,No,Yes,One year,No,Electronic check,108.45,7176.55,1,105.53750000000001,4-6yr
4482-FTFFX,0,No,No,5,DSL,No,Yes,Month-to-month,No,Electronic check,56.15,291.45,0,58.29,0-1yr
8859-DZTGQ,0,No,No,33,No,No,No,Two year,No,Mailed check,20.35,689.75,0,20.901515151515152,2-4yr
0440-MOGPM,0,No,No,41,DSL,No,No,One year,Yes,Electronic check,80.55,3263.9,0,79.60731707317073,2-4yr
0020-JDNXP,0,Yes,Yes,34,DSL,Yes,Yes,One year,No,Mailed check,61.25,1993.2,0,58.62352941176471,2-4yr
3752-CQSJI,0,Yes,Yes,13,No,No,No,Month-to-month,Yes,Mailed check,20.45,254.5,0,19.576923076923077,1-2yr
5025-GOOKI,0,No,No,20,No,No,No,Month-to-month,Yes,Credit card,18.9,347.65,0,17.3825,1-2yr
4698-KVLLG,1,No,No,51,No,No,No,Two year,No,Credit card,19.6,967.9,0,18.978431372549018,4-6yr
5095-AESKG,0,Yes,No,3,Fiber optic,No,No,Month-to-month,Yes,Credit card,91.5,242.95,1,80.98333333333333,0-1yr
2887-JPYLU,0,No,Yes,41,DSL,No,No,Month-to-month,No,Bank transfer,45.2,1841.9,0,44.924390243902444,2-4yr
4770-QAZXN,0,No,No,13,No,No,No,Month-to-month,No,Credit card,19.45,232.1,0,17.853846153846153,1-2yr
4896-CPRPF,0,Yes,Yes,35,No,No,No,Two year,No,Bank transfer,25.45,809.25,0,23.12142857142857,2-4yr
1871-MOWRM,0,Yes,No,12,Fiber optic,Yes,Yes,Month-to-month,No,Bank transfer,80.85,866.45,1,72.20416666666667,0-1yr
9714-EDSUC,0,No,No,4,Fiber optic,Yes,Yes,Month-to-month,Yes,Mailed check,94.9,360.55,0,90.1375,0-1yr
2027-OAQQC,0,No,No,43,DSL,No,No,Month-to-month,Yes,Bank transfer,49.05,2076.2,1,48.283720930232555,2-4yr
0282-NVSJS,1,Yes,Yes,12,DSL,No,Yes,Month-to-month,Yes,Mailed check,29.3,355.9,0,29.65833333333333,0-1yr
9090-SGQXL,1,Yes,No,68,Fiber optic,No,No,Month-to-month,Yes,Electronic check,105.3,7299.65,1,107.34779411764706,4-6yr
6595-YGXIT,1,No,No,25,Fiber optic,No,No,Month-to-month,Yes,Electronic check,88.95,2291.2,1,91.648,2-4yr
7353-YOWFP,0,No,No,7,No,No,No,One year,No,Mailed check,20.25,129.15,0,18.45,0-1yr
9835-ZIITK,1,Yes,No,66,Fiber optic,No,Yes,One year,Yes,Electronic check,110.85,7491.75,1,113.51136363636364,4-6yr
8008-ESFLK,0,Yes,No,53,Fiber optic,Yes,Yes,One year,No,Electronic check,110.5,5835.5,0,110.10377358490567,4-6yr
7537-CBQUZ,1,No,No,63,Fiber optic,Yes,No,Month-to-month,Yes,Bank transfer,109.4,7031.45,0,111.61031746031746,4-6yr
1555-DJEQW,0,Yes,Yes,70,Fiber optic,Yes,Yes,Two year,Yes,Bank transfer,114.2,7723.9,1,110.34142857142857,4-6yr
5649-TJHOV,1,Yes,No,27,DSL,No,No,Month-to-month,No,Bank transfer,36.5,1032.0,1,38.22222222222222,2-4yr
0519-XUZJU,0,No,No,1,Fiber optic,No,No,Month-to-month,No,Mailed check,70.75,70.75,1,70.75,0-1yr
3363-EWLGO,0,No,No,5,No,No,No,Month-to-month,No,Mailed check,19.95,109.6,0,21.919999999999998,0-1yr
4750-UKWJK,1,Yes,No,37,No,No,No,One year,No,Mailed check,19.6,727.8,0,19.67027027027027,2-4yr
6338-AVWCY,0,No,No,3,DSL,No,No,Month-to-month,Yes,Mailed check,40.15,130.75,1,43.583333333333336,0-1yr
1689-YQBYY,0,No,Yes,12,Fiber optic,No,No,Month-to-month,Yes,Electronic check,76.6,893.0,0,74.41666666666667,0-1yr
4487-ZYJZK,0,Yes,Yes,38,No,No,No,One year,No,Credit card,19.6,763.1,0,20.08157894736842,2-4yr
2959-FENLU,0,No,No,9,Fiber optic,No,No,Month-to-month,Yes,Credit card,85.3,781.4,0,86.82222222222222,0-1yr
0708-LGSMF,0,Yes,No,13,DSL,Yes,No,Month-to-month,Yes,Electronic check,65.85,902.25,0,69.40384615384616,1-2yr
9253-QXKBE,1,Yes,No,29,Fiber optic,No,No,Month-to-month,Yes,Electronic check,94.45,2653.65,1,91.5051724137931,2-4yr
7634-HLQJR,0,Yes,Yes,47,No,No,No,Two year,No,Credit card,20.05,1016.7,0,21.631914893617022,2-4yr
0487-RPVUM,0,Yes,No,61,Fiber optic,Yes,Yes,Month-to-month,No,Bank transfer,99.4,5943.65,0,97.43688524590164,4-6yr
4079-ULGFR,0,No,No,16,No,No,No,Month-to-month,No,Mailed check,20.0,275.7,0,17.23125,1-2yr
2516-XSJKX,0,Yes,Yes,41,DSL,Yes,Yes,Two year,No,Electronic check,78.45,3126.45,0,76.25487804878048,2-4yr
0057-QBUQH,0,No,Yes,43,No,No,No,Two year,Yes,Electronic check,25.1,1070.15,0,24.887209302325584,2-4yr
9445-SZLCH,0,Yes,Yes,36,Fiber optic,No,No,Month-to-month,Yes,Bank transfer,97.35,3457.9,1,96.05277777777778,2-4yr
6599-SFQVE,0,No,No,6,DSL,No,No,Month-to-month,Yes,Electronic check,55.0,340.4,0,56.73333333333333,0-1yr
8331-ZXFOE,0,No,No,58,DSL,Yes,Yes,One year,Yes,Credit card,71.1,4299.2,0,74.12413793103448,4-6yr
4003-FUSHP,0,No,No,19,DSL,No,Yes,Month-to-month,Yes,Credit card,61.55,1093.2,0,57.53684210526316,1-2yr
0356-ERHVT,0,Yes,No,11,DSL,No,No,Month-to-month,Yes,Bank transfer,45.9,521.9,0,47.445454545454545,0-1yr
7325-ENZFI,0,No,No,39,DSL,Yes,Yes,One year,Yes,Bank transfer,40.3,1630.4,0,41.805128205128206,2-4yr
4884-ZTHVF,1,No,No,8,Fiber optic,No,No,Month-to-month,Yes,Electronic check,87.1,713.6,0,89.2,0-1yr
3920-HIHMQ,0,No,Yes,26,DSL,No,No,Month-to-month,Yes,Mailed check,49.5,1265.65,0,48.67884615384616,2-4yr
3055-OYMSE,1,No,No,53,Fiber optic,No,No,Month-to-month,Yes,Credit card,73.8,4003.85,0,75.5443396226415,4-6yr
0613-WUXUM,0,Yes,Yes,70,No,No,No,Two year,Yes,Mailed check,19.2,1401.4,0,20.02,4-6yr
7568-PODML,0,No,No,1,DSL,No,No,Month-to-month,Yes,Mailed check,45.3,45.3,1,45.3,0-1yr
4458-KVRBJ,0,No,No,59,No,No,No,Two year,No,Mailed check,25.0,1510.5,0,25.60169491525424,4-6yr
5349-IECLD,0,No,No,2,Fiber optic,No,No,Month-to-month,No,Electronic check,94.95,178.1,1,89.05,0-1yr
1397-XKKWR,0,No,No,7,DSL,Yes,No,One year,No,Mailed check,35.3,264.8,0,37.82857142857143,0-1yr
3945-GFWQL,0,No,Yes,12,DSL,No,No,Month-to-month,Yes,Electronic check,44.55,480.6,1,40.050000000000004,0-1yr
8097-OMULG,0,Yes,Yes,59,DSL,No,Yes,One year,No,Credit card,76.75,4541.9,0,76.98135593220339,4-6yr
6013-BHCAW,0,Yes,Yes,61,DSL,No,Yes,Two year,Yes,Bank transfer,81.0,4976.15,0,81.57622950819672,4-6yr
0401-WDBXM,0,Yes,Yes,72,Fiber optic,Yes,No,Two year,Yes,Bank transfer,105.55,7542.25,0,104.75347222222223,4-6yr
3387-PLKUI,0,Yes,Yes,13,No,No,No,Month-to-month,No,Mailed check,18.8,251.25,0,19.326923076923077,1-2yr
6096-EGVTU,0,Yes,Yes,64,No,No,No,One year,No,Mailed check,24.9,1595.5,0,24.9296875,4-6yr
3797-VTIDR,0,Yes,No,1,DSL,No,No,Month-to-month,Yes,Electronic check,23.45,23.45,1,23.45,0-1yr
5081-NWSUP,0,No,No,10,DSL,No,Yes,One year,No,Mailed check,64.9,685.55,0,68.55499999999999,0-1yr
2580-ATZSQ,0,Yes,Yes,65,DSL,Yes,No,One year,No,Bank transfer,61.35,3874.1,0,59.60153846153846,4-6yr
8085-MSNLK,0,Yes,No,62,Fiber optic,Yes,Yes,Two year,No,Mailed check,113.95,6891.4,0,111.1516129032258,4-6yr
9691-HKOVS,0,Yes,No,55,DSL,Yes,Yes,One year,Yes,Electronic check,90.15,4916.95,0,89.3990909090909,4-6yr
9881-VCZEP,0,Yes,No,25,DSL,No,No,Month-to-month,No,Electronic check,54.1,1373.0,0,54.92,2-4yr
9526-BIHHD,0,No,No,1,DSL,Yes,No,Month-to-month,No,Mailed check,29.7,29.7,1,29.7,0-1yr
8757-TFHHJ,0,No,No,1,DSL,Yes,No,Month-to-month,Yes,Credit card,49.8,49.8,0,49.8,0-1yr
4523-WXCEF,0,Yes,No,59,Fiber optic,No,No,Month-to-month,No,Electronic check,101.1,6039.9,1,102.37118644067796,4-6yr
1468-DEFNC,1,Yes,Yes,64,No,No,No,Two year,Yes,Bank transfer,24.4,1548.65,0,24.19765625,4-6yr
5119-KEPFY,0,Yes,No,36,Fiber optic,No,No,Month-to-month,Yes,Bank transfer,95.0,3440.25,0,95.5625,2-4yr
8364-TRMMK,0,No,No,3,DSL,No,No,Month-to-month,Yes,Mailed check,50.65,151.3,1,50.43333333333334,0-1yr
0916-KNFAJ,0,Yes,No,61,DSL,Yes,No,Two year,Yes,Mailed check,69.9,4226.7,0,69.29016393442623,4-6yr
8319-QBEHW,0,No,Yes,26,DSL,No,No,One year,Yes,Bank transfer,39.95,1023.75,0,39.375,2-4yr
3063-QFSZL,0,No,No,1,DSL,No,No,Month-to-month,Yes,Electronic check,55.4,55.4,1,55.4,0-1yr
8775-LHDJH,1,Yes,No,1,Fiber optic,No,No,Month-to-month,Yes,Electronic check,90.6,90.6,1,90.6,0-1yr
9625-QNLUX,0,Yes,Yes,68,Fiber optic,Yes,No,Two year,Yes,Credit card,103.25,7074.4,0,104.03529411764706,4-6yr
3097-NQYSN,1,Yes,No,2,Fiber optic,No,No,Month-to-month,Yes,Mailed check,86.85,156.35,1,78.175,0-1yr
4024-CSNBY,0,Yes,No,72,Fiber optic,Yes,Yes,Two year,Yes,Bank transfer,94.25,6849.75,0,95.13541666666667,4-6yr
7110-BDTWG,0,Yes,No,71,DSL,No,Yes,Two year,Yes,Electronic check,47.05,3263.6,0,45.96619718309859,4-6yr
7493-GVFIO,0,No,No,57,No,No,No,Two year,No,Credit card,20.55,1252.85,0,21.979824561403507,4-6yr
0690-SRQID,0,No,No,4,No,No,No,Month-to-month,Yes,Mailed check,19.65,67.55,0,16.8875,0-1yr
9605-WGJVW,1,No,No,1,Fiber optic,No,No,Month-to-month,Yes,Electronic check,70.2,70.2,0,70.2,0-1yr
9114-DPSIA,0,Yes,Yes,72,DSL,Yes,Yes,Two year,No,Credit card,81.0,5750.0,0,79.86111111111111,4-6yr
4700-UBQMV,0,Yes,Yes,21,DSL,Yes,No,One year,Yes,Bank transfer,75.9,1549.75,0,73.79761904761905,1-2yr
7711-GQBZC,0,Yes,Yes,71,No,No,No,Two year,No,Bank transfer,24.7,1810.55,0,25.500704225352113,4-6yr
3565-UNOCC,1,Yes,No,29,Fiber optic,No,No,Month-to-month,Yes,Bank transfer,99.05,2952.85,1,101.82241379310345,2-4yr
4627-MIHJH,1,No,No,69,Fiber optic,Yes,Yes,Two year,No,Credit card,110.25,7467.55,0,108.22536231884058,4-6yr
9795-NREXC,0,Yes,No,64,DSL,Yes,Yes,Two year,Yes,Credit card,85.0,5484.4,0,85.69375,4-6yr
8573-CGOCC,0,No,No,16,No,No,No,Month-to-month,No,Credit card,19.75,294.9,0,18.43125,1-2yr
7356-AYNJP,0,No,No,4,No,No,No,One year,No,Electronic check,23.9,97.5,0,24.375,0-1yr
9249-FXSCK,0,No,No,52,Fiber optic,Yes,Yes,One year,Yes,Credit card,111.25,5916.45,1,113.77788461538461,4-6yr
5493-SDRDQ,0,No,No,2,DSL,Yes,No,Month-to-month,Yes,Mailed check,55.1,113.35,1,56.675,0-1yr
6286-SUUWT,0,No,No,1,No,No,No,Month-to-month,No,Mailed check,19.95,19.95,0,19.95,0-1yr
4819-HJPIW,0,No,No,18,DSL,No,No,Month-to-month,No,Mailed check,25.15,476.8,0,26.48888888888889,1-2yr
8654-DHAOW,0,No,No,2,DSL,No,No,Month-to-month,No,Mailed check,54.15,101.65,0,50.825,0-1yr
5438-QMDDL,0,Yes,No,19,DSL,No,No,Month-to-month,Yes,Mailed check,59.8,1130.85,0,59.518421052631574,1-2yr
9812-GHVRI,0,No,No,40,Fiber optic,No,No,Month-to-month,No,Bank transfer,83.85,3532.25,0,88.30625,2-4yr
5553-AOINX,1,Yes,Yes,66,Fiber optic,No,No,One year,Yes,Electronic check,104.9,6891.45,0,104.41590909090908,4-6yr
1228-ZLNBX,0,No,No,21,Fiber optic,No,No,Month-to-month,No,Mailed check,75.3,1570.7,0,74.79523809523809,1-2yr
4226-KKDON,0,No,No,8,DSL,No,Yes,Month-to-month,Yes,Electronic check,66.65,520.95,0,65.11875,0-1yr
3831-YCPUO,0,Yes,Yes,72,Fiber optic,Yes,Yes,Two year,Yes,Credit card,109.5,7854.9,0,109.09583333333333,4-6yr
7445-WMRBW,0,No,No,48,DSL,No,Yes,One year,Yes,Bank transfer,73.85,3581.4,0,74.6125,2-4yr
3308-DGHKL,0,No,No,69,No,No,No,Two year,Yes,Bank transfer,19.3,1447.9,0,20.984057971014494,4-6yr
9924-JPRMC,0,No,No,72,Fiber optic,Yes,Yes,Two year,Yes,Electronic check,118.2,8547.15,0,118.71041666666666,4-6yr
0080-EMYVY,0,No,No,14,DSL,No,No,One year,No,Credit card,51.45,727.85,0,51.989285714285714,1-2yr
6218-KNUBD,0,No,No,6,DSL,No,No,Month-to-month,No,Electronic check,59.45,357.6,0,59.6,0-1yr
7337-CINUD,0,Yes,Yes,8,No,No,No,Two year,No,Bank transfer,19.5,159.35,0,19.91875,0-1yr
7609-NRNCA,0,No,No,17,No,No,No,One year,No,Mailed check,19.55,280.85,0,16.52058823529412,1-2yr
0623-EJQEG,0,No,No,65,Fiber optic,Yes,Yes,One year,No,Electronic check,93.55,6069.25,0,93.37307692307692,4-6yr
7153-CHRBV,0,Yes,Yes,57,DSL,Yes,Yes,One year,Yes,Mailed check,59.3,3274.35,0,57.444736842105264,4-6yr
0871-URUWO,0,Yes,No,13,Fiber optic,No,No,Month-to-month,Yes,Credit card,102.25,1359.0,1,104.53846153846153,1-2yr
9190-MFJLN,1,No,No,19,Fiber optic,No,No,Month-to-month,Yes,Credit card,95.9,1777.9,1,93.57368421052632,1-2yr
6198-PNNSZ,0,Yes,No,56,Fiber optic,Yes,No,One year,No,Bank transfer,109.8,6109.65,0,109.10089285714285,4-6yr
3317-VLGQT,0,Yes,No,14,Fiber optic,No,No,Month-to-month,Yes,Electronic check,78.1,1122.4,0,80.17142857142858,1-2yr
4132-POCZS,0,Yes,No,52,DSL,Yes,No,Month-to-month,Yes,Electronic check,39.9,2020.9,0,38.86346153846154,4-6yr
5614-DNZCE,0,No,No,58,DSL,Yes,Yes,Two year,Yes,Credit card,64.9,3795.45,0,65.43879310344828,4-6yr
1095-JUDTC,1,No,No,47,Fiber optic,No,Yes,Month-to-month,Yes,Electronic check,95.05,4504.55,1,95.84148936170213,2-4yr
3896-RCYYE,0,No,No,67,DSL,No,Yes,Month-to-month,Yes,Credit card,53.4,3579.15,0,53.420149253731346,4-6yr
9638-JIQYA,0,No,No,2,DSL,No,No,Month-to-month,Yes,Credit card,24.9,49.7,0,24.85,0-1yr
3258-SANFR,1,No,No,6,DSL,No,No,Month-to-month,No,Credit card,44.7,276.5,0,46.083333333333336,0-1yr
3726-TBHQT,0,Yes,Yes,71,Fiber optic,Yes,Yes,Two year,Yes,Bank transfer,114.0,8175.9,0,115.15352112676055,4-6yr
3190-ITQXP,0,Yes,Yes,46,No,No,No,Two year,No,Bank transfer,20.25,890.35,0,19.355434782608697,2-4yr
0870-VEMYL,0,No,No,5,DSL,Yes,Yes,Month-to-month,No,Credit card,53.85,259.8,1,51.96,0-1yr
4833-QTJNO,1,Yes,No,67,Fiber optic,Yes,No,Month-to-month,No,Bank transfer,83.85,5588.8,0,83.41492537313434,4-6yr
3039-MJSLN,0,No,Yes,3,No,No,No,Month-to-month,No,Bank transfer,20.2,50.6,0,16.866666666666667,0-1yr
0178-CIIKR,0,No,No,3,No,No,No,Month-to-month,No,Mailed check,19.95,58.0,0,19.333333333333332,0-1yr
5385-SUIRI,1,Yes,No,52,Fiber optic,Yes,No,Month-to-month,Yes,Electronic check,104.2,5568.35,1,107.08365384615385,4-6yr
3982-XWFZQ,0,Yes,No,42,DSL,No,No,Month-to-month,Yes,Electronic check,50.25,2203.65,1,52.46785714285714,2-4yr
5774-QPLTF,0,Yes,Yes,50,No,No,No,One year,Yes,Mailed check,20.35,938.95,0,18.779,4-6yr
2322-VCZHZ,1,Yes,No,23,Fiber optic,Yes,No,Month-to-month,Yes,Electronic check,90.0,2024.1,0,88.00434782608696,1-2yr
5010-IPEAQ,0,Yes,Yes,67,DSL,Yes,Yes,Two year,No,Credit card,54.2,3623.95,0,54.08880597014925,4-6yr
4009-ALQFH,0,No,No,25,Fiber optic,No,No,Month-to-month,Yes,Electronic check,99.5,2369.05,1,94.762,2-4yr
6383-ZTSIW,1,Yes,No,39,Fiber optic,Yes,No,One year,No,Mailed check,99.1,3877.95,0,99.43461538461538,2-4yr
8990-YOZLV,0,No,No,69,DSL,Yes,Yes,Two year,Yes,Mailed check,66.9,4577.9,0,66.3463768115942,4-6yr
3069-SSVSN,0,No,No,1,DSL,No,No,One year,No,Mailed check,25.85,25.85,0,25.85,0-1yr
5222-IMUKT,0,No,No,32,Fiber optic,No,No,Month-to-month,No,Electronic check,91.05,2871.5,0,89.734375,2-4yr
3627-FCRDW,0,No,No,9,Fiber optic,No,No,Month-to-month,No,Electronic check,71.0,672.55,1,74.72777777777777,0-1yr
7562-GSUHK,0,No,No,16,Fiber optic,No,No,Month-to-month,Yes,Credit card,93.2,1573.7,1,98.35625,1-2yr
6685-XSHHU,0,Yes,Yes,60,No,No,No,Two year,Yes,Bank transfer,20.95,1270.55,0,21.175833333333333,4-6yr
8901-UPRHR,0,Yes,Yes,72,Fiber optic,No,Yes,Two year,Yes,Bank transfer,109.2,7711.45,0,107.10347222222222,4-6yr
4903-UYAVB,0,Yes,No,5,No,No,No,Month-to-month,No,Mailed check,19.35,126.05,1,25.21,0-1yr
0118-JPNOY,1,No,No,26,Fiber optic,Yes,No,Month-to-month,Yes,Credit card,85.8,2193.65,0,84.37115384615385,2-4yr
6776-TLWOI,0,No,No,3,No,No,No,Month-to-month,No,Mailed check,19.85,64.55,1,21.516666666666666,0-1yr
3845-FXCYS,0,No,No,2,No,No,No,Month-to-month,Yes,Electronic check,19.65,31.2,0,15.6,0-1yr
5857-XRECV,0,No,Yes,2,No,No,No,One year,No,Bank transfer,20.5,38.25,0,19.125,0-1yr
0725-CXOTM,0,No,No,36,DSL,Yes,Yes,One year,Yes,Credit card,89.65,3348.1,0,93.00277777777778,2-4yr
4343-EJVQB,0,No,No,7,Fiber optic,Yes,No,Month-to-month,No,Mailed check,74.35,533.6,0,76.22857142857143,0-1yr
9000-PLFUZ,1,Yes,No,60,DSL,No,No,Two year,Yes,Credit card,49.45,2907.55,0,48.45916666666667,4-6yr
3427-GGZZI,0,Yes,No,19,Fiber optic,No,No,Month-to-month,Yes,Electronic check,89.1,1620.8,0,85.30526315789473,1-2yr
7779-ORAEL,1,Yes,No,45,DSL,Yes,Yes,Two year,No,Credit card,75.15,3480.35,0,77.3411111111111,2-4yr
0644-OQMDK,1,No,No,4,Fiber optic,No,No,Month-to-month,Yes,Electronic check,70.65,293.85,0,73.4625,0-1yr
4077-CROMM,0,Yes,Yes,31,Fiber optic,No,Yes,Month-to-month,Yes,Electronic check,104.2,3243.45,1,104.62741935483871,2-4yr
3154-CFSZG,0,Yes,Yes,47,Fiber optic,Yes,No,Month-to-month,No,Electronic check,90.05,4137.2,0,88.02553191489362,2-4yr
2868-MZAGQ,0,No,No,1,Fiber optic,No,No,Month-to-month,Yes,Electronic check,79.25,79.25,1,79.25,0-1yr
4847-QNOKA,0,No,No,1,DSL,No,No,Month-to-month,Yes,Bank transfer,44.9,44.9,1,44.9,0-1yr
2220-IAHLS,0,No,No,1,No,No,No,Month-to-month,No,Credit card,19.4,19.4,0,19.4,0-1yr
1658-XUHBX,1,Yes,Yes,59,Fiber optic,No,No,Month-to-month,Yes,Credit card,88.75,5348.65,0,90.65508474576271,4-6yr
6379-RXJRQ,0,Yes,No,10,Fiber optic,No,No,Month-to-month,Yes,Electronic check,70.1,659.65,1,65.965,0-1yr
2378-HTWFW,1,No,No,35,Fiber optic,Yes,No,Month-to-month,No,Credit card,91.0,3180.5,0,90.87142857142857,2-4yr
8650-RHRKE,0,No,No,4,DSL,No,No,Month-to-month,Yes,Electronic check,29.65,118.5,1,29.625,0-1yr
4377-VDHYI,0,Yes,Yes,32,Fiber optic,Yes,No,One year,Yes,Electronic check,90.8,3023.85,0,94.4953125,2-4yr
0475-RIJEP,0,No,No,43,Fiber optic,No,No,Month-to-month,Yes,Electronic check,77.85,3365.85,1,78.27558139534884,2-4yr
1260-TTRXI,0,No,No,4,DSL,No,No,Month-to-month,No,Electronic check,54.3,195.3,1,48.825,0-1yr
3719-TDVQB,1,Yes,No,54,No,No,No,Two year,Yes,Mailed check,18.95,1031.1,0,19.09444444444444,4-6yr
6328-ZPBGN,1,No,No,11,Fiber optic,No,No,Month-to-month,Yes,Bank transfer,95.15,997.65,1,90.69545454545454,0-1yr
0201-MIBOL,1,No,No,66,Fiber optic,Yes,No,Two year,Yes,Bank transfer,102.4,6471.85,0,98.05833333333334,4-6yr
4937-QPZPO,0,Yes,Yes,61,Fiber optic,No,No,One year,Yes,Electronic check,99.9,6241.35,0,102.31721311475411,4-6yr
2925-VDZHY,0,Yes,Yes,72,DSL,Yes,Yes,Two year,No,Credit card,88.7,6501.35,0,90.29652777777778,4-6yr
6981-TDRFT,0,Yes,Yes,44,DSL,No,Yes,One year,Yes,Electronic check,54.3,2317.1,0,52.66136363636363,2-4yr
3413-CSSTH,0,No,No,41,DSL,No,No,Month-to-month,Yes,Bank transfer,55.7,2237.55,0,54.57439024390244,2-4yr
8033-VCZGH,0,Yes,No,50,Fiber optic,Yes,No,One year,Yes,Electronic check,103.95,5231.3,0,104.626,4-6yr
4789-KWMXN,0,Yes,No,47,Fiber optic,Yes,Yes,One year,Yes,Credit card,110.85,5275.8,1,112.25106382978724,2-4yr
0224-NIJLP,0,Yes,Yes,8,No,No,No,Two year,No,Mailed check,20.15,165.5,0,20.6875,0-1yr
7542-CYDDM,0,No,No,18,No,No,No,Month-to-month,No,Mailed check,20.05,358.5,0,19.916666666666668,1-2yr
4718-WXBGI,0,Yes,Yes,72,DSL,Yes,Yes,Two year,Yes,Credit card,91.95,6614.9,0,91.8736111111111,4-6yr
2867-UIMSS,0,No,No,1,Fiber optic,No,No,Month-to-month,No,Electronic check,80.5,80.5,1,80.5,0-1yr
8495-PRWFH,1,No,No,42,DSL,No,No,Month-to-month,No,Electronic check,55.65,2421.75,0,57.660714285714285,2-4yr
0439-IFYUN,1,No,No,18,Fiber optic,No,No,Month-to-month,Yes,Electronic check,74.7,1294.6,0,71.92222222222222,1-2yr
5716-LIBJC,0,No,Yes,13,Fiber optic,No,No,One year,Yes,Credit card,104.15,1299.1,0,99.93076923076923,1-2yr
2868-LLSKM,0,Yes,Yes,68,Fiber optic,No,Yes,One year,Yes,Bank transfer,83.65,5733.4,0,84.31470588235294,4-6yr
8111-RKSPX,0,No,No,4,Fiber optic,No,No,Month-to-month,Yes,Bank transfer,72.2,305.55,1,76.3875,0-1yr
2988-QRAJY,0,No,No,69,Fiber optic,Yes,No,Two year,Yes,Credit card,110.05,7430.75,0,107.69202898550725,4-6yr
1585-MQSSU,0,No,No,17,DSL,No,Yes,Month-to-month,No,Mailed check,51.5,900.5,1,52.970588235294116,1-2yr
0071-NDAFP,0,Yes,Yes,25,No,No,No,Two year,No,Credit card,25.5,630.6,0,25.224,2-4yr
2856-NNASM,1,No,No,43,Fiber optic,No,No,Month-to-month,Yes,Mailed check,89.55,3856.75,1,89.69186046511628,2-4yr
7328-ZJAJO,0,Yes,Yes,59,No,No,No,Two year,No,Credit card,19.5,1222.65,0,20.722881355932206,4-6yr
6458-CYIDZ,1,No,No,5,Fiber optic,Yes,No,Month-to-month,No,Electronic check,80.7,374.8,0,74.96000000000001,0-1yr
8559-CIZFV,0,Yes,Yes,21,DSL,Yes,Yes,One year,No,Mailed check,77.5,1625.0,1,77.38095238095238,1-2yr
1090-PYKCI,0,Yes,Yes,69,Fiber optic,Yes,Yes,One year,Yes,Credit card,105.1,7234.8,0,104.85217391304349,4-6yr
3058-WQDRE,0,No,No,13,DSL,No,No,Month-to-month,Yes,Bank transfer,25.15,331.85,0,25.52692307692308,1-2yr
7547-EKNFS,0,Yes,No,42,Fiber optic,No,No,Month-to-month,Yes,Bank transfer,95.25,3959.35,1,94.2702380952381,2-4yr
2279-AXJJK,0,Yes,No,52,Fiber optic,No,Yes,Month-to-month,Yes,Credit card,95.65,5088.4,0,97.85384615384615,4-6yr
6769-DYBQN,1,No,No,46,Fiber optic,Yes,No,Month-to-month,No,Electronic check,85.0,3969.4,1,86.29130434782608,2-4yr
0909-SELIE,0,Yes,No,61,DSL,Yes,Yes,Two year,Yes,Bank transfer,80.8,4860.85,0,79.68606557377049,4-6yr
3417-TSCIC,0,No,No,29,DSL,No,No,One year,Yes,Mailed check,24.85,788.05,0,27.17413793103448,2-4yr
1042-HFUCW,0,No,Yes,25,DSL,No,Yes,One year,Yes,Credit card,54.75,1266.35,0,50.653999999999996,2-4yr
4439-JMPMT,0,Yes,Yes,5,Fiber optic,No,Yes,Month-to-month,Yes,Electronic check,85.75,470.95,1,94.19,0-1yr
6537-OTKMY,0,No,No,15,DSL,No,No,One year,No,Electronic check,50.75,688.2,0,45.88,1-2yr
8999-EXMNO,0,Yes,Yes,19,No,No,No,Two year,No,Mailed check,20.15,387.7,0,20.405263157894737,1-2yr
6725-TPKJO,0,No,No,44,No,No,No,Two year,No,Mailed check,20.05,845.25,0,19.210227272727273,2-4yr
2446-BEGGB,1,No,No,6,Fiber optic,No,No,Month-to-month,Yes,Electronic check,98.25,560.6,1,93.43333333333334,0-1yr
7162-WPHPM,0,Yes,Yes,58,DSL,Yes,Yes,Two year,No,Credit card,71.6,4230.25,0,72.9353448275862,4-6yr
1599-MMYRQ,0,Yes,Yes,62,Fiber optic,Yes,No,One year,Yes,Credit card,81.45,4983.05,0,80.37177419354839,4-6yr
8821-KVZKQ,0,Yes,Yes,70,DSL,No,Yes,One year,Yes,Bank transfer,58.4,4113.15,0,58.75928571428571,4-6yr
1496-GGSUK,1,No,No,1,DSL,No,No,Month-to-month,Yes,Mailed check,25.7,25.7,1,25.7,0-1yr
6434-TTGJP,0,Yes,Yes,10,DSL,Yes,Yes,Two year,No,Credit card,53.7,521.0,0,52.1,0-1yr
0042-JVWOJ,0,No,No,26,No,No,No,One year,Yes,Bank transfer,19.6,471.85,0,18.148076923076925,2-4yr
0130-SXOUN,0,No,No,66,Fiber optic,No,No,Month-to-month,No,Credit card,89.4,5976.9,0,90.5590909090909,4-6yr
2575-GFSOE,0,Yes,Yes,7,Fiber optic,No,No,Month-to-month,Yes,Electronic check,69.0,506.9,1,72.41428571428571,0-1yr
2330-PQGDQ,0,Yes,Yes,51,Fiber optic,No,Yes,One year,No,Bank transfer,84.2,4299.75,0,84.30882352941177,4-6yr
1452-UZOSF,0,Yes,Yes,72,Fiber optic,Yes,Yes,Two year,Yes,Credit card,106.1,7548.6,0,104.84166666666667,4-6yr
2097-YVPKN,0,No,No,65,No,No,No,Two year,No,Mailed check,25.75,1654.75,0,25.45769230769231,4-6yr
2842-JTCCU,0,No,No,2,DSL,No,No,Month-to-month,No,Bank transfer,46.05,80.35,1,40.175,0-1yr
8597-CTXVJ,0,No,Yes,70,DSL,Yes,Yes,One year,No,Bank transfer,64.95,4551.5,0,65.02142857142857,4-6yr
6631-HMANX,0,Yes,No,72,DSL,No,Yes,Two year,Yes,Credit card,85.45,6227.5,0,86.49305555555556,4-6yr
9962-BFPDU,0,Yes,Yes,1,No,No,No,Month-to-month,No,Mailed check,20.05,20.05,0,20.05,0-1yr
3296-SILRA,1,Yes,No,1,Fiber optic,No,No,Month-to-month,Yes,Mailed check,76.4,76.4,1,76.4,0-1yr
9681-OXGVC,0,No,No,5,Fiber optic,No,No,Month-to-month,Yes,Electronic check,100.5,514.0,1,102.8,0-1yr
6394-HHHZM,0,No,No,3,No,No,No,Month-to-month,No,Mailed check,20.7,57.5,0,19.166666666666668,0-1yr
5995-LFTLE,0,No,No,58,No,No,No,Two year,Yes,Credit card,25.3,1474.35,0,25.419827586206896,4-6yr
5180-UCIIQ,1,Yes,Yes,22,DSL,Yes,No,Month-to-month,No,Mailed check,40.05,880.2,1,40.00909090909091,1-2yr
1932-UEDCX,1,Yes,No,33,Fiber optic,No,No,Month-to-month,Yes,Bank transfer,100.6,3270.25,0,99.09848484848484,2-4yr
7153-OANIO,0,No,No,1,Fiber optic,No,No,Month-to-month,No,Electronic check,69.95,69.95,1,69.95,0-1yr
5188-HGMLP,1,Yes,No,54,Fiber optic,No,No,Month-to-month,No,Bank transfer,74.0,3919.15,0,72.57685185185186,4-6yr
0665-XHDJU,0,Yes,No,72,Fiber optic,No,No,Two year,Yes,Electronic check,99.4,7285.7,0,101.19027777777778,4-6yr
6521-YYTYI,0,No,Yes,1,Fiber optic,No,No,Month-to-month,Yes,Electronic check,93.3,93.3,1,93.3,0-1yr
8878-HMWBV,0,No,No,3,DSL,No,No,Month-to-month,Yes,Electronic check,49.15,169.05,1,56.35,0-1yr
8265-HKSOW,0,Yes,Yes,72,Fiber optic,Yes,Yes,Two year,No,Credit card,107.45,7658.3,0,106.36527777777778,4-6yr
3544-FBCAS,0,Yes,Yes,72,DSL,Yes,No,Two year,Yes,Credit card,83.6,5959.3,0,82.76805555555556,4-6yr
5331-RGMTT,1,Yes,No,54,Fiber optic,No,No,Month-to-month,Yes,Credit card,99.05,5295.7,0,98.06851851851852,4-6yr
4759-PXTAN,0,Yes,No,59,DSL,No,Yes,One year,Yes,Electronic check,80.1,4693.2,0,79.5457627118644,4-6yr
7054-DMVAS,0,No,No,54,DSL,Yes,No,Two year,Yes,Bank transfer,65.3,3512.9,0,65.0537037037037,4-6yr
3428-MMGUB,0,No,No,60,Fiber optic,No,No,Two year,Yes,Electronic check,89.55,5231.2,0,87.18666666666667,4-6yr
6549-BTYPG,0,Yes,No,60,DSL,No,Yes,Two year,No,Credit card,60.8,3603.45,0,60.0575,4-6yr
7823-JSOAG,0,No,No,3,Fiber optic,No,No,Month-to-month,No,Electronic check,74.5,217.45,0,72.48333333333333,0-1yr
3705-RHRFR,0,Yes,No,69,Fiber optic,Yes,No,Two year,No,Bank transfer,99.15,6875.35,0,99.64275362318841,4-6yr
9374-YOLBJ,0,Yes,Yes,1,No,No,No,Month-to-month,No,Electronic check,19.25,19.25,0,19.25,0-1yr
9074-KGVOX,0,Yes,Yes,50,DSL,Yes,No,Month-to-month,Yes,Credit card,39.45,2021.35,0,40.427,4-6yr
6128-DAFVY,0,No,No,56,DSL,No,No,Month-to-month,Yes,Credit card,44.85,2564.95,0,45.802678571428565,4-6yr
9933-QRGTX,0,Yes,No,60,Fiber optic,Yes,Yes,Two year,Yes,Electronic check,97.2,5611.75,0,93.52916666666667,4-6yr
4476-OSWTN,1,Yes,No,69,Fiber optic,Yes,Yes,One year,Yes,Mailed check,110.55,7610.1,0,110.2913043478261,4-6yr
3751-KTZEL,0,No,No,1,DSL,No,No,Month-to-month,No,Mailed check,35.05,35.05,1,35.05,0-1yr
1977-STDKI,1,No,No,1,Fiber optic,No,No,Month-to-month,Yes,Electronic check,73.0,73.0,1,73.0,0-1yr
5066-GFJMM,0,Yes,No,3,No,No,No,Month-to-month,Yes,Mailed check,19.9,45.75,0,15.25,0-1yr
2661-GKBTK,0,Yes,Yes,60,DSL,No,Yes,Two year,No,Bank transfer,76.95,4543.95,0,75.7325,4-6yr
0458-HEUZG,0,No,No,13,DSL,No,Yes,Two year,No,Mailed check,35.4,450.4,0,34.646153846153844,1-2yr
7268-WNTCP,0,Yes,Yes,62,No,No,No,Two year,No,Bank transfer,20.45,1297.35,0,20.924999999999997,4-6yr
0824-VWDPO,0,No,No,45,Fiber optic,Yes,No,One year,No,Bank transfer,96.75,4442.75,0,98.72777777777777,2-4yr
8409-WQJUX,0,No,No,25,DSL,No,Yes,One year,No,Electronic check,54.2,1423.15,0,56.926,2-4yr
2578-JQPHZ,0,No,No,44,Fiber optic,No,Yes,Two year,No,Bank transfer,100.1,4378.35,0,99.50795454545455,2-4yr
3278-FSIXX,0,No,No,2,DSL,No,No,Month-to-month,Yes,Mailed check,45.25,74.2,0,37.1,0-1yr
5813-UECBU,1,No,No,33,Fiber optic,No,No,Month-to-month,Yes,Credit card,83.85,2716.3,1,82.31212121212121,2-4yr
0328-GRPMV,0,No,No,1,Fiber optic,No,No,Month-to-month,Yes,Electronic check,70.1,70.1,1,70.1,0-1yr
9746-UGFAC,0,No,No,22,No,No,No,One year,No,Bank transfer,20.85,450.65,0,20.48409090909091,1-2yr
2946-KIQSP,0,No,No,35,DSL,No,Yes,Month-to-month,Yes,Mailed check,33.45,1175.85,0,33.59571428571428,2-4yr
0625-AFOHS,0,Yes,Yes,29,No,No,No,Two year,No,Mailed check,20.2,558.8,0,19.268965517241377,2-4yr
6726-WEXXK,1,Yes,No,27,Fiber optic,Yes,No,One year,Yes,Electronic check,85.9,2220.1,0,82.22592592592592,2-4yr
4636-OLWOE,0,No,Yes,54,DSL,No,Yes,One year,Yes,Electronic check,61.0,3283.05,0,60.797222222222224,4-6yr
4342-HENTK,1,No,No,2,Fiber optic,No,No,Month-to-month,Yes,Electronic check,70.65,142.35,1,71.175,0-1yr
4685-ERGHK,0,No,No,57,Fiber optic,No,No,One year,Yes,Electronic check,86.9,4939.25,0,86.65350877192982,4-6yr
0885-HMGPY,0,No,No,62,DSL,Yes,Yes,Two year,No,Bank transfer,69.4,4237.5,0,68.34677419354838,4-6yr
5003-OKNNK,0,Yes,Yes,15,No,No,No,One year,No,Credit card,20.35,335.95,0,22.396666666666665,1-2yr
4195-SMMNX,0,No,No,2,No,No,No,Month-to-month,No,Mailed check,20.35,33.2,1,16.6,0-1yr
7208-PSIHR,0,Yes,No,70,Fiber optic,No,Yes,Two year,Yes,Bank transfer,104.3,7188.5,0,102.69285714285714,4-6yr
4012-ZTHBR,0,Yes,Yes,21,DSL,No,No,Month-to-month,Yes,Electronic check,44.95,926.25,0,44.107142857142854,1-2yr
0489-WMEMG,0,No,Yes,23,DSL,No,Yes,One year,Yes,Electronic check,49.45,1119.35,0,48.667391304347824,1-2yr
7435-ZNUYY,0,No,No,6,No,No,No,One year,No,Mailed check,20.6,116.6,0,19.433333333333334,0-1yr
1354-YZFNB,0,Yes,Yes,4,No,No,No,Two year,No,Credit card,19.55,68.8,0,17.2,0-1yr
6956-SMUCM,0,No,No,3,Fiber optic,Yes,No,Month-to-month,Yes,Credit card,99.0,287.4,1,95.8,0-1yr
2985-FMWYF,0,No,No,23,Fiber optic,No,No,Month-to-month,Yes,Electronic check,93.5,2341.55,0,101.80652173913045,1-2yr
2812-ENYMO,0,No,No,26,DSL,Yes,Yes,One year,No,Credit card,54.55,1362.85,0,52.41730769230769,2-4yr
2717-HVIZY,0,No,Yes,8,No,No,No,Month-to-month,No,Mailed check,20.05,163.6,0,20.45,0-1yr
3223-WZWJM,0,No,No,26,Fiber optic,No,No,Month-to-month,Yes,Electronic check,83.95,2254.2,1,86.69999999999999,2-4yr
3422-GALYP,0,No,No,2,Fiber optic,No,No,Month-to-month,Yes,Electronic check,79.45,145.15,0,72.575,0-1yr
9053-JZFKV,0,No,No,67,Fiber optic,Yes,Yes,Two year,No,Credit card,116.2,7752.3,1,115.70597014925373,4-6yr
2530-ENDWQ,0,Yes,No,71,Fiber optic,No,No,Two year,Yes,Bank transfer,93.7,6585.35,1,92.75140845070423,4-6yr
2890-WFBHU,0,No,No,59,DSL,Yes,Yes,One year,No,Credit card,79.85,4786.1,0,81.12033898305086,4-6yr
0327-WFZSY,0,Yes,Yes,39,Fiber optic,No,No,One year,No,Electronic check,100.0,3835.55,0,98.3474358974359,2-4yr
7977-HXJKU,0,No,Yes,21,No,No,No,Two year,No,Mailed check,19.6,397.0,0,18.904761904761905,1-2yr
6615-ZGEDR,0,No,No,1,No,No,No,Month-to-month,No,Mailed check,19.7,19.7,1,19.7,0-1yr
7033-CLAMM,0,Yes,Yes,48,No,No,No,Two year,No,Bank transfer,20.2,1027.25,0,21.401041666666668,2-4yr
4023-RTIQM,1,Yes,No,31,DSL,Yes,No,One year,Yes,Credit card,50.4,1580.1,0,50.97096774193548,2-4yr
0864-FVJNJ,0,Yes,Yes,64,Fiber optic,Yes,Yes,One year,No,Electronic check,113.35,7222.75,0,112.85546875,4-6yr
7356-IWLFW,0,Yes,Yes,46,Fiber optic,No,No,Month-to-month,Yes,Bank transfer,80.0,3769.7,0,81.95,2-4yr
9541-PWTWO,0,No,No,52,DSL,No,Yes,Two year,Yes,Bank transfer,80.95,4233.95,0,81.42211538461538,4-6yr
3967-VQOGC,0,Yes,Yes,67,No,No,No,Two year,Yes,Mailed check,24.9,1680.25,0,25.078358208955223,4-6yr
7872-RDDLZ,1,No,No,67,DSL,No,No,Month-to-month,No,Electronic check,54.9,3725.5,0,55.6044776119403,4-6yr
9250-WYPLL,0,No,No,5,Fiber optic,No,No,Month-to-month,No,Electronic check,75.55,413.65,1,82.72999999999999,0-1yr
6308-CQRBU,0,Yes,No,71,Fiber optic,No,Yes,Two year,No,Electronic check,109.25,7707.7,0,108.55915492957746,4-6yr
2754-XBHTB,0,No,No,9,Fiber optic,No,No,Month-to-month,Yes,Bank transfer,77.65,714.15,1,79.35,0-1yr
1597-LHYNC,1,No,No,26,Fiber optic,Yes,No,Month-to-month,Yes,Electronic check,95.0,2497.2,1,96.04615384615384,2-4yr
0186-CAERR,0,No,No,71,Fiber optic,Yes,Yes,One year,Yes,Bank transfer,116.3,8309.55,0,117.03591549295774,4-6yr
3043-SUDUA,0,No,No,32,No,No,No,Month-to-month,No,Bank transfer,19.9,601.55,0,18.7984375,2-4yr
5442-BHQNG,0,No,No,2,Fiber optic,No,No,Month-to-month,No,Electronic check,70.35,139.25,0,69.625,0-1yr
2169-RRLFW,0,Yes,No,71,No,No,No,Two year,No,Credit card,25.6,1888.25,0,26.595070422535212,4-6yr
5872-OEQNH,0,No,No,60,DSL,Yes,No,One year,Yes,Electronic check,44.45,2773.9,0,46.23166666666667,4-6yr
3162-KKZXO,1,No,No,55,Fiber optic,No,No,One year,Yes,Electronic check,100.15,5409.75,0,98.35909090909091,4-6yr
7055-VKGDA,0,No,No,54,Fiber optic,Yes,Yes,One year,Yes,Credit card,105.4,5643.4,1,104.5074074074074,4-6yr
0754-UKWQP,0,No,No,2,Fiber optic,No,No,Month-to-month,Yes,Electronic check,95.85,197.7,1,98.85,0-1yr
8873-GLDMH,0,No,No,6,Fiber optic,No,No,Month-to-month,Yes,Mailed check,73.85,401.3,0,66.88333333333334,0-1yr
5696-JVVQY,0,Yes,Yes,48,DSL,Yes,No,Two year,Yes,Credit card,70.1,3238.4,0,67.46666666666667,2-4yr
8946-BFWSG,0,Yes,Yes,63,No,No,No,Two year,No,Mailed check,25.25,1573.05,0,24.96904761904762,4-6yr
7493-TPUWZ,0,No,No,1,Fiber optic,No,No,Month-to-month,Yes,Electronic check,79.15,79.15,1,79.15,0-1yr
0547-HURJB,0,No,Yes,12,No,No,No,Month-to-month,No,Credit card,21.05,235.8,0,19.650000000000002,0-1yr
8904-OPDCK,1,Yes,No,54,DSL,No,No,Month-to-month,Yes,Bank transfer,24.95,1364.75,0,25.27314814814815,4-6yr
8845-LWKGE,0,Yes,Yes,30,DSL,No,Yes,One year,Yes,Electronic check,64.5,1985.15,0,66.17166666666667,2-4yr
1577-HKTFG,0,Yes,No,30,No,No,No,Month-to-month,No,Bank transfer,19.65,655.85,1,21.861666666666668,2-4yr
8752-STIVR,0,No,No,4,Fiber optic,No,No,Month-to-month,Yes,Electronic check,79.0,303.15,1,75.7875,0-1yr
0691-NIKRI,0,No,No,40,Fiber optic,No,Yes,One year,Yes,Credit card,105.95,4335.2,0,108.38,2-4yr
5022-JNQEQ,0,Yes,Yes,9,Fiber optic,No,Yes,Month-to-month,Yes,Electronic check,75.85,647.5,0,71.94444444444444,0-1yr
4558-FANTW,0,Yes,Yes,17,Fiber optic,Yes,Yes,Month-to-month,No,Electronic check,91.85,1574.45,1,92.61470588235295,1-2yr
3249-VHRIP,0,No,No,62,DSL,No,No,Two year,Yes,Credit card,43.6,2748.7,0,44.33387096774193,4-6yr
3736-BLEPA,0,No,No,28,Fiber optic,No,Yes,One year,Yes,Bank transfer,91.25,2483.65,0,88.70178571428572,2-4yr
4701-LKOZD,0,No,No,70,DSL,Yes,Yes,Two year,No,Credit card,89.75,6367.2,0,90.96,4-6yr
6603-QWSPR,0,No,No,46,Fiber optic,No,Yes,Two year,Yes,Bank transfer,104.4,4904.2,0,106.61304347826086,2-4yr
9921-QFQUL,0,Yes,No,23,Fiber optic,No,No,Month-to-month,No,Mailed check,90.15,2044.95,0,88.9108695652174,1-2yr
1929-ZCBHE,0,Yes,Yes,47,DSL,Yes,Yes,One year,No,Electronic check,40.3,1794.8,0,38.18723404255319,2-4yr
4378-MYPGO,0,Yes,Yes,68,Fiber optic,Yes,No,Two year,Yes,Bank transfer,105.25,7173.15,0,105.4875,4-6yr
8651-ENBZX,1,No,No,60,Fiber optic,No,Yes,One year,Yes,Electronic check,106.0,6441.4,1,107.35666666666665,4-6yr
4129-LYCOI,0,No,Yes,67,Fiber optic,No,Yes,Two year,Yes,Electronic check,104.0,7039.05,0,105.06044776119403,4-6yr
7798-JVXYM,0,No,No,14,DSL,No,Yes,Month-to-month,Yes,Electronic check,69.65,921.4,0,65.81428571428572,1-2yr
8647-SDTWQ,0,Yes,Yes,57,Fiber optic,No,No,Month-to-month,Yes,Electronic check,74.3,4018.35,0,70.49736842105263,4-6yr
2696-ECXKC,0,Yes,Yes,55,Fiber optic,Yes,No,One year,No,Mailed check,100.9,5448.6,0,99.06545454545456,4-6yr
2081-KJSQF,0,No,No,1,No,No,No,Month-to-month,Yes,Mailed check,20.25,20.25,0,20.25,0-1yr
7623-TRNQN,0,No,Yes,1,DSL,No,Yes,Month-to-month,Yes,Mailed check,49.9,49.9,1,49.9,0-1yr
3323-CPBWR,0,No,No,23,Fiber optic,No,Yes,Month-to-month,Yes,Credit card,96.9,2085.45,0,90.67173913043477,1-2yr
9330-IJWIO,0,No,No,13,Fiber optic,Yes,No,Month-to-month,Yes,Electronic check,100.35,1358.85,1,104.52692307692307,1-2yr
3384-CTMSF,0,Yes,No,47,Fiber optic,No,No,Month-to-month,Yes,Electronic check,104.1,5135.15,0,109.25851063829786,2-4yr
0902-RFHOF,0,No,No,38,No,No,No,One year,No,Mailed check,20.1,730.1,0,19.21315789473684,2-4yr
9286-DOJGF,1,Yes,No,38,Fiber optic,No,No,Month-to-month,Yes,Bank transfer,74.95,2869.85,1,75.52236842105263,2-4yr
6048-QBXKL,1,No,No,2,DSL,No,No,Month-to-month,Yes,Credit card,56.55,118.25,0,59.125,0-1yr
9661-MHUMO,1,Yes,Yes,1,DSL,No,Yes,Month-to-month,Yes,Credit card,49.25,49.25,1,49.25,0-1yr
7718-RXDGG,0,Yes,No,15,Fiber optic,No,No,Month-to-month,Yes,Bank transfer,68.6,1108.6,0,73.90666666666667,1-2yr
1025-FALIX,0,No,No,26,Fiber optic,No,No,Month-to-month,Yes,Credit card,69.05,1815.65,0,69.83269230769231,2-4yr
3451-VAWLI,0,Yes,Yes,35,No,No,No,Two year,No,Credit card,19.7,730.4,0,20.86857142857143,2-4yr
3407-QGWLG,0,No,Yes,3,No,No,No,Month-to-month,Yes,Mailed check,20.05,75.45,0,25.150000000000002,0-1yr
1842-EZJMK,0,Yes,Yes,50,Fiber optic,No,Yes,Month-to-month,No,Electronic check,103.7,5071.05,1,101.421,4-6yr
2347-WKKAE,0,Yes,No,42,Fiber optic,Yes,No,Month-to-month,Yes,Electronic check,94.4,4014.6,0,95.58571428571429,2-4yr
8735-DCXNF,0,Yes,No,10,DSL,Yes,Yes,Month-to-month,Yes,Credit card,54.95,568.85,0,56.885000000000005,0-1yr
3214-IYUUQ,0,Yes,No,61,Fiber optic,Yes,Yes,One year,No,Bank transfer,93.7,5860.7,0,96.07704918032786,4-6yr
1936-UAFEH,0,No,No,68,Fiber optic,Yes,Yes,Two year,No,Credit card,110.25,7279.35,0,107.04926470588236,4-6yr
3587-PMCOY,0,No,No,10,Fiber optic,Yes,No,One year,Yes,Electronic check,98.9,1064.95,0,106.495,0-1yr
8079-XRJRS,0,Yes,No,65,Fiber optic,Yes,No,One year,No,Electronic check,89.75,5769.6,1,88.76307692307692,4-6yr
1027-LKKQQ,0,Yes,Yes,72,DSL,Yes,Yes,Two year,Yes,Bank transfer,80.45,5886.85,0,81.76180555555555,4-6yr
7148-XZPHA,0,Yes,Yes,55,Fiber optic,No,Yes,Month-to-month,No,Electronic check,79.4,4238.45,0,77.06272727272727,4-6yr
8073-IJDCM,0,No,No,1,No,No,No,Month-to-month,Yes,Mailed check,20.3,20.3,1,20.3,0-1yr
5309-TAIKL,0,No,No,7,DSL,No,Yes,Month-to-month,No,Bank transfer,62.8,418.3,0,59.75714285714286,0-1yr
6856-RAURS,0,No,No,2,Fiber optic,No,No,Month-to-month,Yes,Mailed check,74.9,136.05,0,68.025,0-1yr
8778-LMWTJ,0,No,No,9,Fiber optic,Yes,No,Month-to-month,Yes,Electronic check,74.85,708.2,0,78.6888888888889,0-1yr
9717-IOAAF,0,No,Yes,27,No,No,No,Two year,Yes,Credit card,25.85,788.55,0,29.205555555555552,2-4yr
8884-ADFVN,1,Yes,No,7,Fiber optic,No,No,Month-to-month,Yes,Electronic check,101.95,700.85,1,100.12142857142858,0-1yr
2845-KDHVX,0,Yes,No,64,DSL,No,Yes,Two year,Yes,Mailed check,68.3,4378.8,0,68.41875,4-6yr
0848-SOMKO,0,No,No,70,DSL,Yes,Yes,Two year,No,Bank transfer,48.4,3442.8,0,49.182857142857145,4-6yr
2720-WGKHP,1,No,No,2,Fiber optic,No,No,Month-to-month,Yes,Electronic check,94.0,181.7,1,90.85,0-1yr
6734-FQAJX,1,No,No,67,Fiber optic,Yes,Yes,Two year,Yes,Electronic check,105.05,7171.7,0,107.04029850746268,4-6yr
2869-ADAWR,0,No,No,45,Fiber optic,No,No,Month-to-month,Yes,Credit card,89.3,4016.85,1,89.26333333333334,2-4yr
1535-VTJOQ,0,No,No,24,No,No,No,Two year,No,Credit card,25.15,553.0,0,23.041666666666668,1-2yr
6368-TZZDT,0,Yes,Yes,4,No,No,No,Two year,No,Credit card,19.5,96.85,0,24.2125,0-1yr
0943-ZQPXH,0,Yes,Yes,44,Fiber optic,No,No,Month-to-month,Yes,Bank transfer,92.95,4122.9,0,93.70227272727271,2-4yr
1293-BSEUN,0,Yes,Yes,72,No,No,No,Two year,Yes,Mailed check,20.7,1482.3,0,20.5875,4-6yr
9894-EZEWG,0,No,No,1,Fiber optic,No,No,Month-to-month,Yes,Credit card,74.3,74.3,1,74.3,0-1yr
1302-TPUBN,0,No,No,66,No,No,No,Two year,No,Bank transfer,19.35,1240.8,0,18.8,4-6yr
7851-FLGGQ,0,No,No,1,DSL,No,Yes,Month-to-month,Yes,Mailed check,44.65,44.65,1,44.65,0-1yr
0637-UBJRP,0,Yes,Yes,13,Fiber optic,Yes,No,Month-to-month,No,Electronic check,84.05,1095.3,1,84.25384615384615,1-2yr
0940-OUQEC,0,No,No,10,Fiber optic,No,No,Month-to-month,Yes,Bank transfer,80.7,788.8,1,78.88,0-1yr
2378-VTKDH,1,Yes,No,65,Fiber optic,No,No,Month-to-month,Yes,Electronic check,104.35,6578.55,0,101.20846153846153,4-6yr
0927-CNGRH,0,No,Yes,1,No,No,No,Month-to-month,No,Mailed check,19.55,19.55,0,19.55,0-1yr
8608-OZTLB,0,Yes,Yes,38,DSL,Yes,Yes,One year,No,Electronic check,74.05,2802.3,0,73.74473684210527,2-4yr
2335-GSODA,0,No,Yes,23,DSL,Yes,Yes,Two year,No,Mailed check,40.1,857.75,0,37.29347826086956,1-2yr
1952-DVVSW,0,Yes,No,10,No,No,No,One year,No,Mailed check,20.1,184.4,0,18.44,0-1yr
0702-PGIBZ,0,No,Yes,4,Fiber optic,No,No,Month-to-month,Yes,Electronic check,101.7,364.55,1,91.1375,0-1yr
6656-GULJQ,0,Yes,Yes,72,DSL,Yes,Yes,Two year,Yes,Credit card,83.55,6093.3,0,84.62916666666666,4-6yr
9853-JFZDU,0,Yes,No,35,DSL,No,Yes,Month-to-month,No,Electronic check,56.85,1861.1,0,53.17428571428571,2-4yr
1963-VAUKV,0,No,No,1,No,No,No,Month-to-month,No,Mailed check,20.4,20.4,1,20.4,0-1yr
3777-XROBG,0,Yes,Yes,58,No,No,No,Two year,No,Credit card,19.55,1079.65,0,18.614655172413794,4-6yr
6994-FGRHH,0,Yes,Yes,70,Fiber optic,No,Yes,One year,Yes,Electronic check,106.15,7475.1,0,106.78714285714287,4-6yr
4000-VGMQP,0,Yes,Yes,38,DSL,No,No,One year,No,Credit card,78.95,2862.55,0,75.33026315789475,2-4yr
3999-WRNGR,0,Yes,Yes,60,DSL,No,No,Month-to-month,Yes,Electronic check,49.75,3069.45,0,51.1575,4-6yr
3466-RITXD,0,No,No,26,Fiber optic,Yes,No,Month-to-month,Yes,Credit card,92.4,2349.8,0,90.37692307692308,2-4yr
2680-XKKNJ,0,No,No,8,DSL,Yes,Yes,One year,No,Bank transfer,58.2,469.25,0,58.65625,0-1yr
3058-HJCUY,0,Yes,Yes,41,Fiber optic,No,Yes,One year,Yes,Electronic check,102.6,4213.35,1,102.76463414634148,2-4yr
2974-GGUXS,1,Yes,No,36,Fiber optic,No,No,Month-to-month,Yes,Credit card,91.95,3301.05,0,91.69583333333334,2-4yr
7994-XIRTR,1,No,No,54,DSL,No,Yes,One year,No,Bank transfer,65.25,3529.95,0,65.36944444444444,4-6yr
3259-FDWOY,0,Yes,Yes,71,Fiber optic,No,No,Two year,Yes,Bank transfer,106.0,7723.7,1,108.78450704225352,4-6yr
2101-RANCD,0,No,No,55,Fiber optic,No,No,Month-to-month,Yes,Electronic check,73.1,4144.9,0,75.36181818181818,4-6yr
7921-BEPCI,0,No,No,72,DSL,Yes,No,Two year,No,Bank transfer,59.75,4265.0,0,59.236111111111114,4-6yr
0807-ZABDG,0,No,Yes,3,DSL,Yes,Yes,Month-to-month,Yes,Mailed check,55.1,154.65,1,51.550000000000004,0-1yr
8510-TMWYB,0,Yes,Yes,54,DSL,No,No,Two year,Yes,Bank transfer,59.8,3246.45,0,60.11944444444444,4-6yr
3258-ZKPAI,0,Yes,Yes,72,Fiber optic,Yes,Yes,Two year,Yes,Bank transfer,116.6,8337.45,0,115.79791666666668,4-6yr
1428-IEDPR,0,No,No,52,Fiber optic,Yes,Yes,Two year,Yes,Electronic check,109.3,5731.4,0,110.21923076923076,4-6yr
5298-GSTLM,1,No,No,60,Fiber optic,Yes,No,One year,Yes,Bank transfer,101.4,6176.6,0,102.94333333333334,4-6yr
4450-YOOHP,0,No,No,39,DSL,No,No,Month-to-month,Yes,Credit card,50.65,1905.4,0,48.85641025641026,2-4yr
6728-CZFEI,0,No,No,15,DSL,No,No,One year,No,Mailed check,56.15,931.9,0,62.126666666666665,1-2yr
5748-RNCJT,0,No,No,69,Fiber optic,No,Yes,Two year,Yes,Bank transfer,106.5,7348.8,1,106.50434782608696,4-6yr
3653-NCRDJ,0,Yes,Yes,43,No,No,No,One year,Yes,Mailed check,19.2,776.25,0,18.052325581395348,2-4yr
6121-TNHBO,1,No,No,63,DSL,Yes,Yes,One year,No,Bank transfer,83.0,5243.05,0,83.22301587301588,4-6yr
5119-NZPTV,1,Yes,No,2,Fiber optic,No,No,Month-to-month,No,Electronic check,70.1,141.65,0,70.825,0-1yr
6519-ZHPXP,0,Yes,Yes,72,Fiber optic,Yes,Yes,Two year,Yes,Bank transfer,108.3,7679.65,0,106.66180555555555,4-6yr
7739-LAXOG,0,Yes,Yes,32,Fiber optic,No,No,Month-to-month,Yes,Bank transfer,91.05,2954.5,1,92.328125,2-4yr
3472-QPRCH,0,Yes,Yes,40,No,No,No,Two year,No,Credit card,25.25,1006.9,0,25.1725,2-4yr
8224-UAXBZ,0,Yes,No,58,DSL,Yes,No,One year,Yes,Electronic check,45.35,2540.1,0,43.79482758620689,4-6yr
9610-WCESF,0,No,No,67,DSL,Yes,Yes,Two year,No,Electronic check,43.9,3097.2,0,46.22686567164179,4-6yr
9776-CLUJA,1,Yes,No,51,Fiber optic,Yes,No,Month-to-month,Yes,Electronic check,77.5,3807.35,1,74.65392156862745,4-6yr
2486-WYVVE,0,Yes,No,31,DSL,No,Yes,One year,Yes,Mailed check,79.3,2484.0,0,80.12903225806451,2-4yr
3865-ZYKAD,1,Yes,No,69,Fiber optic,Yes,No,Month-to-month,Yes,Credit card,84.9,5785.65,0,83.85,4-6yr
1422-DGUBX,0,Yes,No,32,Fiber optic,No,Yes,One year,Yes,Electronic check,79.25,2619.15,0,81.8484375,2-4yr
2999-AANRQ,0,No,No,21,DSL,Yes,Yes,Two year,No,Credit card,71.05,1524.85,0,72.61190476190475,1-2yr
8668-KNZTI,0,No,No,52,DSL,Yes,No,One year,No,Electronic check,53.75,2790.65,0,53.666346153846156,4-6yr
0480-KYJVA,0,Yes,Yes,72,No,No,No,Two year,No,Credit card,24.25,1784.5,0,24.78472222222222,4-6yr
6034-ZRYCV,0,Yes,No,72,DSL,No,No,Two year,Yes,Electronic check,54.2,3937.45,1,54.68680555555555,4-6yr
9746-YKGXB,0,Yes,Yes,52,DSL,Yes,No,One year,No,Bank transfer,44.25,2276.1,0,43.771153846153844,4-6yr
3926-YZVVX,0,No,No,41,DSL,No,Yes,One year,No,Bank transfer,50.05,2029.05,0,49.4890243902439,2-4yr
6000-UKLWI,0,No,No,41,No,No,No,Two year,No,Mailed check,20.15,802.35,0,19.569512195121952,2-4yr
2079-FBMZK,0,No,No,6,Fiber optic,No,No,Month-to-month,Yes,Mailed check,69.25,418.4,1,69.73333333333333,0-1yr
6332-FBZRI,0,Yes,Yes,67,DSL,Yes,Yes,One year,Yes,Credit card,69.35,4653.25,0,69.45149253731343,4-6yr
2096-XOTMO,0,Yes,Yes,16,No,No,No,Month-to-month,No,Mailed check,19.35,275.9,0,17.24375,1-2yr
3266-FTKHB,0,No,No,17,No,No,No,Two year,No,Mailed check,19.15,343.45,0,20.20294117647059,1-2yr
8221-EQDGL,0,Yes,No,35,DSL,Yes,No,Month-to-month,No,Mailed check,61.0,2130.45,0,60.87,2-4yr
2346-LOCWC,0,Yes,Yes,58,No,No,No,Two year,No,Credit card,20.5,1191.4,0,20.54137931034483,4-6yr
6608-QQLVK,0,No,No,1,DSL,No,No,Month-to-month,Yes,Electronic check,50.5,50.5,1,50.5,0-1yr
0298-XACET,0,Yes,Yes,52,DSL,No,Yes,Two year,No,Mailed check,50.2,2554.0,0,49.11538461538461,4-6yr
7560-QJAVJ,0,No,No,70,DSL,Yes,Yes,Two year,No,Bank transfer,79.6,5589.45,0,79.84928571428571,4-6yr
2995-YWTCD,0,Yes,Yes,19,No,No,No,Two year,Yes,Bank transfer,24.9,467.7,0,24.61578947368421,1-2yr
3551-HUAZH,1,No,No,1,Fiber optic,No,No,Month-to-month,Yes,Electronic check,74.4,74.4,1,74.4,0-1yr
9137-UIYPG,0,Yes,Yes,35,Fiber optic,Yes,Yes,Month-to-month,Yes,Electronic check,106.9,3756.45,0,107.32714285714285,2-4yr
2809-ZMYOQ,0,No,No,32,Fiber optic,No,No,Month-to-month,Yes,Electronic check,101.35,3334.9,0,104.215625,2-4yr
5084-OOVCJ,0,Yes,Yes,17,DSL,Yes,Yes,Month-to-month,Yes,Credit card,55.35,920.5,0,54.14705882352941,1-2yr
0254-WWRKD,0,Yes,Yes,67,DSL,No,No,One year,No,Credit card,50.55,3431.75,0,51.22014925373134,4-6yr
7727-SHVZV,0,No,No,9,No,No,No,Month-to-month,No,Bank transfer,19.5,150.35,0,16.705555555555556,0-1yr
6302-JGYRJ,0,No,Yes,31,DSL,No,Yes,One year,Yes,Mailed check,79.45,2587.7,1,83.47419354838709,2-4yr
5339-PXDVH,0,No,No,4,Fiber optic,Yes,No,Month-to-month,No,Electronic check,90.65,367.95,0,91.9875,0-1yr
2205-LPVGL,1,Yes,Yes,58,Fiber optic,Yes,Yes,One year,Yes,Bank transfer,89.85,5125.75,0,88.375,4-6yr
8782-NUUOL,0,No,No,60,DSL,Yes,Yes,One year,No,Mailed check,79.0,4801.1,0,80.01833333333335,4-6yr
3685-YLCMQ,0,No,No,58,Fiber optic,No,Yes,One year,Yes,Electronic check,104.65,6219.6,1,107.2344827586207,4-6yr
7601-WFVZV,0,No,No,1,No,No,No,Month-to-month,No,Mailed check,19.55,19.55,0,19.55,0-1yr
4609-KNNWG,0,Yes,Yes,27,No,No,No,Two year,No,Mailed check,19.9,550.1,0,20.374074074074073,2-4yr
4868-AADLV,1,Yes,Yes,66,Fiber optic,Yes,Yes,One year,Yes,Electronic check,116.25,7862.25,0,119.125,4-6yr
9529-OFXHY,0,No,No,15,Fiber optic,Yes,No,Month-to-month,Yes,Bank transfer,87.75,1242.2,0,82.81333333333333,1-2yr
8634-MPHTR,1,Yes,No,47,Fiber optic,No,No,Month-to-month,Yes,Electronic check,100.05,4871.05,1,103.63936170212766,2-4yr
2669-QVCRG,0,No,No,41,Fiber optic,Yes,No,Month-to-month,Yes,Credit card,81.3,3190.65,0,77.82073170731708,2-4yr
2478-EEWWM,0,Yes,No,59,DSL,No,No,Month-to-month,Yes,Electronic check,44.3,2666.75,0,45.19915254237288,4-6yr
9174-IHETN,0,No,Yes,50,Fiber optic,No,No,Two year,No,Credit card,70.35,3533.6,0,70.672,4-6yr
2233-TXSIU,0,Yes,Yes,17,DSL,Yes,No,One year,No,Credit card,44.45,792.15,0,46.59705882352941,1-2yr
9644-UMGQA,0,Yes,Yes,6,DSL,Yes,No,Month-to-month,Yes,Electronic check,49.15,295.65,0,49.275,0-1yr
3256-EZDBI,1,Yes,No,51,DSL,No,No,Month-to-month,Yes,Credit card,29.45,1459.35,0,28.61470588235294,4-6yr
8761-NSOBC,0,No,No,44,Fiber optic,No,Yes,Month-to-month,No,Electronic check,100.55,4398.15,1,99.95795454545454,2-4yr
0419-YAAPX,0,Yes,No,49,Fiber optic,No,No,Month-to-month,Yes,Credit card,85.3,4297.95,0,87.71326530612245,4-6yr
8413-VONUO,0,No,No,2,Fiber optic,No,No,Month-to-month,No,Electronic check,95.65,167.3,1,83.65,0-1yr
0872-CASZJ,0,Yes,No,59,DSL,Yes,Yes,One year,Yes,Mailed check,69.1,4096.9,0,69.43898305084745,4-6yr
4726-DLWQN,1,No,No,50,DSL,Yes,No,Month-to-month,Yes,Bank transfer,70.35,3454.6,0,69.092,4-6yr
8164-OCKUJ,0,Yes,Yes,59,No,No,No,Two year,No,Mailed check,20.6,1286.0,0,21.796610169491526,4-6yr
3094-JOJAI,0,No,No,18,Fiber optic,No,No,Month-to-month,No,Mailed check,74.15,1387.0,0,77.05555555555556,1-2yr
9494-MRNYX,0,No,No,10,Fiber optic,No,No,Month-to-month,No,Electronic check,75.05,786.3,0,78.63,0-1yr
2599-CZABP,0,Yes,No,14,DSL,No,No,One year,No,Electronic check,44.6,641.25,0,45.80357142857143,1-2yr
7945-PRBVF,0,No,No,35,No,No,No,Two year,No,Bank transfer,21.45,705.45,0,20.155714285714286,2-4yr
4544-RXFMG,0,Yes,Yes,8,DSL,No,No,One year,Yes,Mailed check,43.45,345.5,0,43.1875,0-1yr
0859-YGKFW,0,Yes,Yes,18,No,No,No,One year,No,Bank transfer,20.05,345.9,0,19.216666666666665,1-2yr
1150-FTQGN,0,Yes,Yes,60,Fiber optic,Yes,No,One year,No,Bank transfer,94.15,5811.8,0,96.86333333333333,4-6yr
9223-UCPVT,0,No,No,1,Fiber optic,No,No,Month-to-month,No,Electronic check,94.4,94.4,1,94.4,0-1yr
7196-LIWRH,0,No,No,6,No,No,No,Two year,No,Mailed check,19.55,124.45,0,20.741666666666667,0-1yr
5448-VWNAM,0,No,Yes,19,DSL,Yes,Yes,Month-to-month,Yes,Mailed check,75.9,1375.6,0,72.39999999999999,1-2yr
1177-XZBJL,0,Yes,Yes,53,DSL,Yes,Yes,One year,No,Bank transfer,64.15,3491.55,0,65.87830188679246,4-6yr
3518-FSTWG,1,Yes,No,72,Fiber optic,Yes,No,Two year,Yes,Bank transfer,109.55,7920.7,0,110.00972222222222,4-6yr
9330-VOFSZ,0,Yes,No,60,Fiber optic,No,Yes,Two year,Yes,Credit card,110.8,6640.7,0,110.67833333333333,4-6yr
4351-QLCSU,0,No,No,1,DSL,No,No,Month-to-month,Yes,Credit card,55.0,55.0,1,55.0,0-1yr
0939-EREMR,0,No,Yes,13,DSL,No,Yes,Month-to-month,No,Mailed check,53.45,718.1,0,55.23846153846154,1-2yr
9389-ACWBI,0,Yes,Yes,5,Fiber optic,No,No,Month-to-month,No,Credit card,69.95,320.4,0,64.08,0-1yr
5419-JPRRN,0,No,No,1,Fiber optic,No,No,Month-to-month,Yes,Electronic check,101.45,101.45,1,101.45,0-1yr
3644-QXEHN,0,Yes,Yes,13,Fiber optic,No,No,Month-to-month,No,Electronic check,97.0,1334.45,0,102.65,1-2yr
2911-IJORQ,0,No,No,37,DSL,Yes,Yes,One year,Yes,Bank transfer,90.6,3358.65,0,90.77432432432433,2-4yr
5921-NGYRH,0,Yes,No,64,Fiber optic,Yes,No,Month-to-month,Yes,Mailed check,73.55,4764.0,0,74.4375,4-6yr
2100-BDNSN,0,Yes,No,5,DSL,No,Yes,Month-to-month,No,Bank transfer,67.95,350.3,1,70.06,0-1yr
5998-DZLYR,0,Yes,No,61,Fiber optic,No,Yes,Two year,Yes,Bank transfer,94.35,5703.0,0,93.49180327868852,4-6yr
0488-GSLFR,0,No,No,1,Fiber optic,No,No,Month-to-month,Yes,Electronic check,69.5,69.5,1,69.5,0-1yr
9318-NKNFC,0,No,No,1,No,No,No,Month-to-month,Yes,Mailed check,18.85,18.85,1,18.85,0-1yr
3985-HOYPM,0,No,No,26,No,No,No,One year,No,Mailed check,19.4,525.55,0,20.213461538461537,2-4yr
9728-FTTVZ,0,No,No,1,Fiber optic,No,No,Month-to-month,Yes,Electronic check,69.2,69.2,1,69.2,0-1yr
9548-LERKT,0,Yes,No,24,No,No,No,Two year,No,Mailed check,19.75,483.15,0,20.131249999999998,1-2yr
6576-FBXOJ,0,Yes,No,17,DSL,No,Yes,One year,No,Electronic check,54.6,934.8,0,54.98823529411764,1-2yr
4310-KEDTB,0,No,Yes,26,DSL,No,No,Month-to-month,Yes,Mailed check,29.8,786.5,0,30.25,2-4yr
7254-IQWOZ,0,No,No,1,Fiber optic,No,No,Month-to-month,Yes,Electronic check,69.65,69.65,1,69.65,0-1yr
2474-BRUCM,1,Yes,No,40,Fiber optic,Yes,No,Month-to-month,No,Electronic check,101.85,4086.3,1,102.1575,2-4yr
4062-HBMOS,0,No,No,52,Fiber optic,No,No,Month-to-month,Yes,Electronic check,103.05,5364.8,0,103.16923076923078,4-6yr
0742-NXBGR,0,No,No,1,Fiber optic,No,No,Month-to-month,Yes,Electronic check,82.3,82.3,1,82.3,0-1yr
2676-ISHSF,0,No,No,1,No,No,No,Month-to-month,No,Mailed check,20.3,20.3,0,20.3,0-1yr
9236-NDUCW,0,No,No,21,DSL,Yes,Yes,Two year,No,Mailed check,35.1,770.4,0,36.68571428571428,1-2yr
4753-PADAS,0,Yes,No,67,Fiber optic,No,No,One year,Yes,Bank transfer,105.7,6816.95,0,101.7455223880597,4-6yr
6103-QCKFX,0,Yes,Yes,44,DSL,Yes,Yes,Month-to-month,No,Bank transfer,56.25,2419.55,0,54.98977272727273,2-4yr
7781-EWARA,0,Yes,Yes,70,DSL,No,Yes,One year,No,Electronic check,60.35,4138.7,0,59.12428571428571,4-6yr
6110-OHIHY,0,No,No,3,Fiber optic,No,No,Month-to-month,No,Electronic check,79.25,267.6,1,89.2,0-1yr
7018-FPXHH,0,Yes,Yes,56,DSL,Yes,No,Two year,Yes,Bank transfer,59.8,3457.45,0,61.740178571428565,4-6yr
5889-LFOLL,0,No,No,13,Fiber optic,No,No,Month-to-month,Yes,Electronic check,84.6,1115.2,1,85.78461538461539,1-2yr
5708-EVONK,0,Yes,Yes,58,Fiber optic,Yes,No,Month-to-month,Yes,Bank transfer,93.4,5435.6,1,93.71724137931035,4-6yr
8708-XPXHZ,0,Yes,Yes,42,Fiber optic,No,No,Month-to-month,Yes,Electronic check,94.2,4186.3,1,99.67380952380952,2-4yr
0616-ATFGB,1,Yes,No,1,DSL,No,No,Month-to-month,No,Electronic check,25.05,25.05,1,25.05,0-1yr
0572-ZJKLT,0,Yes,Yes,46,Fiber optic,Yes,Yes,Two year,No,Mailed check,99.65,4630.2,0,100.65652173913043,2-4yr
5135-RDDQL,0,Yes,Yes,63,DSL,Yes,No,Two year,Yes,Bank transfer,50.65,3221.25,0,51.13095238095238,4-6yr
1353-LJWEM,0,No,No,11,DSL,No,Yes,Month-to-month,Yes,Electronic check,60.9,688.5,0,62.59090909090909,0-1yr
1794-SWWKL,0,Yes,Yes,15,DSL,No,Yes,Month-to-month,Yes,Bank transfer,59.65,867.1,0,57.806666666666665,1-2yr
6166-YIPFO,0,Yes,No,72,DSL,Yes,Yes,Two year,Yes,Electronic check,64.7,4746.05,0,65.91736111111112,4-6yr
7016-BPGEU,0,No,No,29,DSL,No,No,Month-to-month,Yes,Credit card,25.1,712.85,1,24.58103448275862,2-4yr
6876-ADESB,0,No,Yes,1,DSL,No,No,Month-to-month,No,Electronic check,48.95,48.95,1,48.95,0-1yr
9332-GYWLO,0,Yes,Yes,6,DSL,No,No,Month-to-month,No,Electronic check,54.85,355.1,0,59.18333333333334,0-1yr
1963-SVUCV,0,No,No,1,DSL,No,No,Month-to-month,No,Electronic check,45.3,45.3,1,45.3,0-1yr
4184-VODJZ,0,Yes,Yes,63,Fiber optic,No,No,One year,Yes,Electronic check,91.35,5764.7,0,91.5031746031746,4-6yr
0220-EBGCE,0,No,No,2,Fiber optic,No,No,Month-to-month,Yes,Electronic check,85.85,167.3,1,83.65,0-1yr
1092-WPIVQ,0,Yes,Yes,18,No,No,No,Two year,No,Mailed check,25.1,428.45,0,23.802777777777777,1-2yr
7233-IOQNP,0,Yes,No,43,DSL,Yes,Yes,Month-to-month,No,Bank transfer,34.0,1505.35,0,35.00813953488372,2-4yr
2834-JKOOW,0,No,No,15,DSL,Yes,Yes,One year,No,Mailed check,45.9,693.45,0,46.230000000000004,1-2yr
2754-VDLTR,0,No,Yes,10,Fiber optic,No,No,Month-to-month,No,Electronic check,95.2,930.4,1,93.03999999999999,0-1yr
2400-FEQME,0,Yes,Yes,55,No,No,No,Two year,No,Mailed check,20.5,1177.95,0,21.417272727272728,4-6yr
3190-XFANI,0,No,Yes,49,Fiber optic,No,Yes,One year,Yes,Bank transfer,100.6,5069.65,1,103.46224489795918,4-6yr
7551-DACSP,0,Yes,Yes,6,DSL,No,No,Month-to-month,Yes,Mailed check,55.3,324.25,1,54.041666666666664,0-1yr
4957-SREEC,0,Yes,Yes,70,No,No,No,Two year,No,Credit card,20.35,1458.1,0,20.83,4-6yr
7235-NXZCP,1,No,No,2,Fiber optic,No,No,Month-to-month,Yes,Mailed check,74.85,156.4,1,78.2,0-1yr
0230-UBYPQ,1,Yes,No,63,DSL,Yes,Yes,One year,No,Bank transfer,36.1,2298.9,0,36.490476190476194,4-6yr
4923-ADWXJ,0,No,No,25,DSL,No,Yes,Month-to-month,Yes,Bank transfer,65.8,1679.65,0,67.186,2-4yr
1763-KUAAW,1,No,No,18,No,No,No,One year,No,Bank transfer,20.35,369.6,0,20.533333333333335,1-2yr
1104-TNLZA,1,Yes,No,28,Fiber optic,No,Yes,Month-to-month,Yes,Electronic check,105.8,2998.0,0,107.07142857142857,2-4yr
5195-KPUNQ,1,No,No,53,Fiber optic,Yes,Yes,One year,Yes,Mailed check,96.75,5206.55,0,98.23679245283019,4-6yr
0520-FDVVT,0,No,No,35,Fiber optic,No,No,One year,Yes,Bank transfer,102.35,3626.1,1,103.60285714285715,2-4yr
3439-GVUSX,0,No,No,1,DSL,No,No,Month-to-month,No,Mailed check,24.4,24.4,0,24.4,0-1yr
1444-VVSGW,0,Yes,No,70,Fiber optic,Yes,Yes,One year,No,Credit card,115.65,7968.85,1,113.84071428571428,4-6yr
5712-PTIWW,0,No,No,2,Fiber optic,No,Yes,Month-to-month,Yes,Electronic check,79.85,152.45,1,76.225,0-1yr
5949-HGVJL,0,Yes,No,26,DSL,No,Yes,Month-to-month,Yes,Electronic check,73.05,1959.5,0,75.36538461538461,2-4yr
5203-XEHAX,0,No,No,34,DSL,Yes,No,One year,No,Electronic check,64.35,2053.05,0,60.38382352941177,2-4yr
1635-HDGFT,0,No,Yes,19,No,No,No,Two year,No,Mailed check,20.5,398.55,0,20.976315789473684,1-2yr
3315-TOTBP,0,No,No,15,Fiber optic,No,No,Month-to-month,Yes,Mailed check,76.0,1130.85,1,75.39,1-2yr
8050-XGRVL,0,Yes,Yes,62,DSL,Yes,No,One year,No,Credit card,54.75,3425.35,0,55.247580645161285,4-6yr
6661-HBGWL,1,No,No,42,Fiber optic,No,No,Month-to-month,Yes,Bank transfer,104.75,4323.45,1,102.93928571428572,2-4yr
1518-VOWAV,0,No,No,9,DSL,Yes,No,Month-to-month,Yes,Electronic check,74.65,703.55,1,78.17222222222222,0-1yr
9828-QHFBK,0,No,No,24,DSL,Yes,No,Month-to-month,Yes,Electronic check,51.15,1275.7,0,53.15416666666667,1-2yr
3908-MKIMJ,1,Yes,No,68,DSL,Yes,No,Two year,Yes,Electronic check,41.95,2965.75,0,43.6139705882353,4-6yr
5012-YSPJJ,0,Yes,Yes,31,DSL,No,Yes,Month-to-month,No,Mailed check,54.35,1647.0,0,53.12903225806452,2-4yr
5909-ECHUI,0,No,No,1,DSL,No,No,Month-to-month,Yes,Electronic check,56.25,56.25,1,56.25,0-1yr
1309-BXVOQ,0,Yes,No,21,Fiber optic,No,Yes,Month-to-month,Yes,Electronic check,106.1,2249.95,1,107.14047619047618,1-2yr
6728-VOIFY,0,Yes,No,63,Fiber optic,No,No,One year,Yes,Electronic check,96.0,6109.75,0,96.98015873015873,4-6yr
9317-WZPGV,1,No,No,2,Fiber optic,No,No,Month-to-month,Yes,Bank transfer,79.75,159.4,1,79.7,0-1yr
4891-NLUBA,0,Yes,Yes,61,DSL,No,Yes,Two year,Yes,Bank transfer,61.45,3751.15,0,61.49426229508197,4-6yr
2856-HYAPG,0,No,No,1,Fiber optic,No,No,Month-to-month,No,Electronic check,68.65,68.65,1,68.65,0-1yr
8969-PRHFK,0,No,No,18,No,No,No,One year,No,Mailed check,19.65,411.25,0,22.84722222222222,1-2yr
0661-KQHNK,0,Yes,Yes,6,No,No,No,One year,No,Credit card,19.0,105.5,0,17.583333333333332,0-1yr
8709-KRDVL,0,No,No,33,Fiber optic,No,No,Month-to-month,Yes,Electronic check,100.0,3320.6,0,100.62424242424242,2-4yr
4488-PSYCG,0,No,No,16,No,No,No,Month-to-month,No,Bank transfer,20.25,327.45,1,20.465625,1-2yr
1427-VERSM,0,Yes,No,56,Fiber optic,No,Yes,Month-to-month,Yes,Electronic check,98.7,5669.5,0,101.24107142857143,4-6yr
9801-NOSHQ,0,No,Yes,23,No,No,No,One year,No,Mailed check,19.8,465.45,0,20.23695652173913,1-2yr
6339-YPSAH,0,No,No,9,Fiber optic,No,No,Month-to-month,Yes,Electronic check,73.8,704.3,0,78.25555555555555,0-1yr
3621-CEOVK,1,Yes,No,14,Fiber optic,No,No,Month-to-month,Yes,Electronic check,100.2,1369.8,1,97.84285714285714,1-2yr
6906-ANDWJ,0,Yes,Yes,15,Fiber optic,No,No,Month-to-month,Yes,Bank transfer,74.9,1107.25,1,73.81666666666666,1-2yr
2159-TURXX,0,No,No,5,No,No,No,Month-to-month,No,Credit card,20.05,95.55,0,19.11,0-1yr
1548-FEHVL,0,Yes,No,61,Fiber optic,Yes,No,Month-to-month,Yes,Electronic check,106.2,6375.2,0,104.51147540983607,4-6yr
3795-CAWEX,0,Yes,Yes,70,Fiber optic,Yes,Yes,Two year,Yes,Credit card,116.55,8152.3,0,116.46142857142857,4-6yr
6215-NQCPY,0,No,No,15,Fiber optic,Yes,No,Month-to-month,Yes,Electronic check,99.7,1566.75,0,104.45,1-2yr
5647-URDKA,0,Yes,Yes,8,No,No,No,Two year,No,Mailed check,19.7,130.25,0,16.28125,0-1yr
2229-DPMBI,0,Yes,Yes,8,No,No,No,Two year,No,Mailed check,19.5,162.15,0,20.26875,0-1yr
9626-WEQRM,0,No,No,4,DSL,Yes,No,Month-to-month,Yes,Mailed check,29.15,110.05,0,27.5125,0-1yr
2188-SXWVT,0,No,No,34,DSL,Yes,No,One year,No,Mailed check,55.0,1885.15,0,55.44558823529412,2-4yr
6258-PVZWJ,0,Yes,No,68,DSL,Yes,Yes,Two year,Yes,Credit card,90.8,6302.85,0,92.68897058823529,4-6yr
1094-BKOSX,0,Yes,Yes,45,DSL,No,Yes,One year,No,Bank transfer,51.0,2264.5,0,50.32222222222222,2-4yr
6969-MVBAI,1,No,No,9,Fiber optic,No,No,Month-to-month,Yes,Electronic check,90.1,816.8,0,90.75555555555555,0-1yr
2978-XXSOG,0,No,No,22,DSL,Yes,Yes,Month-to-month,Yes,Mailed check,59.05,1253.5,0,56.97727272727273,1-2yr
2342-CKIAO,0,No,No,2,No,No,No,Month-to-month,No,Mailed check,20.3,41.2,0,20.6,0-1yr
6953-PBDIN,0,Yes,No,70,DSL,No,Yes,Two year,No,Bank transfer,72.95,5265.55,0,75.22214285714286,4-6yr
3898-BSJYF,0,No,Yes,10,DSL,Yes,Yes,One year,No,Credit card,73.55,693.3,0,69.33,0-1yr
3938-YFPXD,0,No,No,72,DSL,Yes,Yes,Two year,No,Credit card,84.3,5997.1,0,83.29305555555555,4-6yr
7696-AMHOD,0,Yes,Yes,49,DSL,No,No,One year,No,Credit card,78.0,3824.2,0,78.04489795918367,4-6yr
2453-SAFNS,1,No,No,54,DSL,No,Yes,One year,No,Mailed check,72.1,3886.05,0,71.96388888888889,4-6yr
9558-IHEZX,0,No,No,71,Fiber optic,Yes,No,Two year,Yes,Credit card,106.75,7283.25,0,102.58098591549296,4-6yr
9617-UDPEU,0,No,No,22,No,No,No,One year,Yes,Mailed check,19.25,412.55,0,18.75227272727273,1-2yr
6340-DACFT,0,Yes,Yes,50,No,No,No,Two year,No,Credit card,20.55,1070.25,0,21.405,4-6yr
4955-VCWBI,0,Yes,Yes,43,No,No,No,One year,No,Mailed check,20.0,817.95,0,19.022093023255817,2-4yr
6813-GZQCG,0,Yes,Yes,45,No,No,No,Two year,Yes,Credit card,24.65,1171.3,0,26.028888888888886,2-4yr
7426-GSWPO,1,No,No,64,Fiber optic,Yes,No,Month-to-month,Yes,Bank transfer,103.5,6548.65,0,102.32265625,4-6yr
3389-KTRXV,0,Yes,Yes,23,No,No,No,Two year,No,Mailed check,23.85,625.65,0,27.202173913043477,1-2yr
3118-UHVVQ,0,Yes,No,68,No,No,No,Two year,No,Credit card,25.8,1911.5,0,28.110294117647058,4-6yr
1031-IIDEO,0,No,No,1,Fiber optic,No,No,Month-to-month,Yes,Electronic check,70.85,70.85,1,70.85,0-1yr
5832-XKAES,0,No,No,2,Fiber optic,No,No,Month-to-month,Yes,Credit card,69.8,134.7,1,67.35,0-1yr
3205-MXZRA,0,No,No,26,DSL,No,Yes,One year,No,Credit card,59.45,1507.0,0,57.96153846153846,2-4yr
4701-AHWMW,0,Yes,No,55,DSL,No,Yes,Month-to-month,Yes,Bank transfer,54.55,2978.3,1,54.150909090909096,4-6yr
8317-BVKSO,0,No,No,14,No,No,No,Month-to-month,Yes,Electronic check,20.05,299.3,0,21.37857142857143,1-2yr
5702-KVQRD,0,Yes,No,71,DSL,Yes,Yes,Two year,Yes,Electronic check,82.55,5832.65,0,82.14999999999999,4-6yr
0083-PIVIK,0,No,No,64,DSL,Yes,Yes,One year,No,Electronic check,81.25,5567.55,0,86.99296875,4-6yr
9210-IAHGH,0,No,No,7,DSL,No,Yes,Month-to-month,Yes,Credit card,70.75,450.8,1,64.4,0-1yr
6169-PGNCD,0,No,No,57,DSL,Yes,Yes,Two year,Yes,Credit card,74.3,4166.35,0,73.09385964912282,4-6yr
0023-XUOPT,0,Yes,No,13,Fiber optic,No,No,Month-to-month,No,Electronic check,94.1,1215.6,1,93.5076923076923,1-2yr
4592-IWTJI,0,Yes,Yes,3,DSL,Yes,No,Month-to-month,No,Credit card,29.7,91.7,1,30.566666666666666,0-1yr
4909-JOUPP,1,Yes,No,72,Fiber optic,No,Yes,Two year,No,Credit card,109.7,7898.45,0,109.70069444444444,4-6yr
4657-FWVFY,0,Yes,Yes,40,Fiber optic,No,No,Month-to-month,Yes,Credit card,96.35,3915.4,0,97.885,2-4yr
2257-BOVXD,0,Yes,No,14,DSL,No,Yes,Month-to-month,Yes,Credit card,66.6,979.5,0,69.96428571428571,1-2yr
7729-JTEEC,0,Yes,Yes,2,DSL,No,No,Month-to-month,Yes,Electronic check,44.5,90.05,0,45.025,0-1yr
7632-MNYOY,1,No,No,66,Fiber optic,No,Yes,One year,No,Credit card,110.9,7432.05,1,112.60681818181818,4-6yr
6518-LGAOV,0,Yes,No,38,Fiber optic,No,Yes,Month-to-month,Yes,Electronic check,105.0,4026.4,1,105.9578947368421,2-4yr
7242-QZLXF,0,No,Yes,1,DSL,No,No,Month-to-month,Yes,Electronic check,25.3,25.3,1,25.3,0-1yr
4576-CSAJH,0,No,No,22,DSL,No,Yes,One year,Yes,Credit card,55.15,1193.05,1,54.22954545454545,1-2yr
1000-AJSLD,0,No,No,1,No,No,No,Month-to-month,Yes,Mailed check,20.1,20.1,1,20.1,0-1yr
9696-RMYBA,0,No,No,5,Fiber optic,No,No,Month-to-month,Yes,Mailed check,80.1,398.55,0,79.71000000000001,0-1yr
8690-UPCZI,0,Yes,Yes,29,DSL,Yes,Yes,One year,No,Bank transfer,69.05,1958.45,0,67.53275862068966,2-4yr
1062-LHZOD,0,Yes,Yes,1,Fiber optic,No,No,Month-to-month,Yes,Mailed check,69.9,69.9,1,69.9,0-1yr
9770-LXDBK,0,No,No,3,No,No,No,Month-to-month,No,Mailed check,20.4,63.15,0,21.05,0-1yr
4086-WITJG,0,Yes,Yes,71,No,No,No,Two year,No,Credit card,19.7,1301.1,0,18.325352112676054,4-6yr
8344-WFMFH,0,No,Yes,9,DSL,No,No,Month-to-month,Yes,Electronic check,50.1,484.05,0,53.78333333333333,0-1yr
9600-NAXZN,0,No,No,43,Fiber optic,No,No,Month-to-month,Yes,Electronic check,101.4,4528.0,1,105.30232558139535,2-4yr
8822-KNBHV,0,No,No,48,DSL,Yes,No,One year,Yes,Credit card,83.45,3887.85,0,80.996875,2-4yr
8404-FYDIB,0,No,No,26,Fiber optic,Yes,No,Month-to-month,Yes,Credit card,86.65,2208.75,0,84.95192307692308,2-4yr
2791-SFVEW,0,No,No,9,No,No,No,Month-to-month,No,Bank transfer,20.15,238.15,0,26.461111111111112,0-1yr
6457-USBER,0,No,No,1,Fiber optic,No,No,Month-to-month,Yes,Electronic check,80.8,80.8,1,80.8,0-1yr
6762-NSODU,0,Yes,Yes,46,No,No,No,Two year,No,Credit card,19.4,958.15,0,20.829347826086956,2-4yr
4662-EKDPQ,0,No,No,2,DSL,No,No,Month-to-month,No,Bank transfer,62.05,118.3,1,59.15,0-1yr
9248-OJYKK,1,No,No,1,Fiber optic,No,No,Month-to-month,Yes,Electronic check,76.45,76.45,1,76.45,0-1yr
9888-ZCUMM,0,Yes,Yes,64,DSL,Yes,Yes,Two year,Yes,Bank transfer,60.05,3845.45,0,60.08515625,4-6yr
3398-FSHON,1,No,No,12,Fiber optic,No,No,Month-to-month,Yes,Electronic check,91.3,1094.5,1,91.20833333333333,0-1yr
3319-DWOEP,1,Yes,No,6,Fiber optic,No,No,Month-to-month,Yes,Electronic check,95.75,573.75,1,95.625,0-1yr
1074-WVEVG,0,Yes,No,59,No,No,No,One year,No,Mailed check,20.35,1267.0,0,21.47457627118644,4-6yr
9979-RGMZT,0,No,No,7,Fiber optic,No,No,One year,Yes,Mailed check,94.05,633.45,0,90.49285714285715,0-1yr
6437-UDQJM,1,Yes,No,72,DSL,Yes,No,Two year,Yes,Credit card,84.1,6129.65,0,85.13402777777777,4-6yr
1226-IENZN,1,No,No,16,Fiber optic,No,No,Month-to-month,Yes,Electronic check,78.75,1218.25,0,76.140625,1-2yr
2108-GLPQB,0,Yes,No,25,DSL,No,No,Month-to-month,No,Credit card,55.55,1405.3,0,56.211999999999996,2-4yr
9259-PACGQ,0,Yes,No,34,DSL,Yes,Yes,Month-to-month,No,Electronic check,62.65,2274.9,1,66.90882352941176,2-4yr
4415-IJZTP,0,No,No,1,Fiber optic,No,No,Month-to-month,Yes,Electronic check,74.5,74.5,1,74.5,0-1yr
1465-VINDH,0,Yes,Yes,10,Fiber optic,No,No,Month-to-month,Yes,Credit card,102.1,1068.85,1,106.88499999999999,0-1yr
5474-LAMUQ,0,Yes,No,24,No,No,No,One year,No,Mailed check,20.1,533.9,0,22.245833333333334,1-2yr
3468-DRVQJ,0,Yes,Yes,10,DSL,Yes,No,One year,No,Electronic check,70.3,676.15,0,67.615,0-1yr
1122-YJBCS,0,Yes,No,69,DSL,Yes,No,One year,Yes,Credit card,53.65,3804.4,0,55.13623188405797,4-6yr
4990-ALDGW,0,No,No,57,No,No,No,Two year,No,Mailed check,20.75,1118.8,0,19.628070175438594,4-6yr
4816-OKWNX,0,Yes,Yes,50,Fiber optic,No,Yes,One year,Yes,Bank transfer,103.4,5236.4,0,104.728,4-6yr
3315-IKYZQ,0,Yes,Yes,28,DSL,Yes,Yes,One year,No,Mailed check,50.8,1386.8,0,49.528571428571425,2-4yr
2810-FTLEM,0,No,No,16,DSL,Yes,No,Month-to-month,Yes,Electronic check,50.15,762.25,1,47.640625,1-2yr
4747-LCAQL,0,No,No,25,DSL,Yes,Yes,Month-to-month,Yes,Mailed check,79.0,1902.0,0,76.08,2-4yr
3411-WLRSQ,1,Yes,No,3,Fiber optic,No,No,Month-to-month,Yes,Bank transfer,74.6,239.05,0,79.68333333333334,0-1yr
0898-XCGTF,0,Yes,No,61,Fiber optic,No,No,One year,Yes,Bank transfer,96.5,5673.7,0,93.01147540983607,4-6yr
8006-PYCSW,0,No,No,2,No,No,No,Month-to-month,No,Mailed check,20.1,39.8,0,19.9,0-1yr
8249-THVEC,0,Yes,Yes,51,No,No,No,One year,No,Mailed check,19.4,997.75,0,19.563725490196077,4-6yr
8722-PRFDV,0,Yes,Yes,71,DSL,Yes,No,Two year,No,Credit card,77.55,5574.35,0,78.51197183098591,4-6yr
2164-SOQXL,0,Yes,Yes,20,No,No,No,Month-to-month,No,Mailed check,20.05,406.05,0,20.302500000000002,1-2yr
4020-KIUDI,0,Yes,Yes,6,No,No,No,Month-to-month,No,Credit card,19.85,138.85,0,23.141666666666666,0-1yr
5850-BDWCY,0,No,No,6,No,No,No,Month-to-month,No,Mailed check,20.2,123.65,0,20.608333333333334,0-1yr
2038-YSEZE,0,No,No,29,DSL,Yes,Yes,Month-to-month,No,Mailed check,67.45,1801.1,0,62.106896551724134,2-4yr
0827-ITJPH,0,No,No,36,No,No,No,Two year,Yes,Credit card,18.55,689.0,0,19.13888888888889,2-4yr
8799-OXZMD,0,No,No,28,DSL,No,No,Month-to-month,Yes,Mailed check,29.75,790.7,0,28.239285714285717,2-4yr
1925-TIBLE,0,Yes,No,7,Fiber optic,No,No,Month-to-month,Yes,Electronic check,86.5,582.5,1,83.21428571428571,0-1yr
1705-GUHPV,0,No,No,63,No,No,No,Two year,No,Mailed check,24.2,1618.2,0,25.685714285714287,4-6yr
4779-ZGICK,0,Yes,Yes,48,No,No,No,Two year,No,Mailed check,23.55,1173.35,0,24.444791666666664,2-4yr
0048-PIHNL,0,Yes,No,49,No,No,No,One year,No,Bank transfer,20.45,900.9,0,18.385714285714286,4-6yr
0818-OCPZO,1,No,No,27,Fiber optic,No,No,Month-to-month,Yes,Electronic check,81.45,2122.05,1,78.59444444444445,2-4yr
3967-KXAPS,0,Yes,No,72,DSL,Yes,Yes,Two year,No,Credit card,92.3,6719.9,0,93.33194444444445,4-6yr
1447-GIQMR,0,Yes,No,1,Fiber optic,No,No,Month-to-month,Yes,Electronic check,69.15,69.15,1,69.15,0-1yr
3704-IEAXF,0,Yes,Yes,72,DSL,No,Yes,Two year,No,Credit card,53.65,3784.0,0,52.55555555555556,4-6yr
6810-VCAEX,0,No,No,47,DSL,Yes,Yes,One year,No,Credit card,39.65,1798.65,0,38.26914893617022,2-4yr
0674-EYYZV,0,No,No,1,DSL,No,No,Month-to-month,Yes,Electronic check,54.65,54.65,0,54.65,0-1yr
4480-MBMLB,0,No,No,36,Fiber optic,No,No,One year,Yes,Bank transfer,104.8,3886.45,0,107.95694444444445,2-4yr
1395-OFUWC,0,Yes,Yes,43,DSL,No,No,Month-to-month,No,Credit card,29.3,1224.05,0,28.46627906976744,2-4yr
0822-QGCXA,1,Yes,No,27,DSL,No,Yes,Month-to-month,No,Electronic check,83.85,2310.2,0,85.56296296296296,2-4yr
0872-NXJYS,0,No,No,9,Fiber optic,No,No,Month-to-month,Yes,Electronic check,79.55,723.4,1,80.37777777777778,0-1yr
2832-KJCRD,0,No,No,38,Fiber optic,No,Yes,Month-to-month,Yes,Electronic check,103.65,3988.5,0,104.96052631578948,2-4yr
3588-WSTTJ,1,No,No,35,Fiber optic,Yes,No,Month-to-month,Yes,Electronic check,99.05,3554.6,0,101.56,2-4yr
4075-WKNIU,0,Yes,Yes,0,DSL,No,Yes,Two year,No,Mailed check,73.35,0.0,0,0.0,
5090-EMGTC,0,Yes,No,59,Fiber optic,No,Yes,Two year,Yes,Mailed check,100.05,6034.85,0,102.285593220339,4-6yr
2346-CZYIL,0,No,No,27,No,No,No,Two year,No,Credit card,20.35,531.6,0,19.68888888888889,2-4yr
3798-EPWRR,1,No,No,2,DSL,No,No,Month-to-month,No,Electronic check,43.95,85.1,0,42.55,0-1yr
6258-NGCNG,0,No,No,7,No,No,No,Month-to-month,No,Mailed check,23.5,173.0,0,24.714285714285715,0-1yr
4186-ZBUEW,0,No,No,36,DSL,No,Yes,One year,Yes,Mailed check,70.7,2511.95,0,69.77638888888889,2-4yr
5274-XHAKY,0,Yes,Yes,41,Fiber optic,Yes,No,Month-to-month,Yes,Bank transfer,94.3,3893.6,0,94.96585365853659,2-4yr
1442-BQPVU,0,No,No,13,DSL,No,No,Month-to-month,No,Electronic check,29.15,357.15,0,27.47307692307692,1-2yr
3978-YNKDD,0,No,Yes,19,No,No,No,Two year,No,Credit card,20.85,467.5,0,24.605263157894736,1-2yr
4940-KHCWD,0,Yes,No,60,DSL,Yes,Yes,Two year,No,Bank transfer,37.7,2288.7,0,38.144999999999996,4-6yr
9412-ARGBX,0,No,Yes,48,Fiber optic,No,Yes,Two year,Yes,Mailed check,95.5,4627.85,1,96.41354166666667,2-4yr
1389-CXMLU,1,No,No,3,Fiber optic,No,No,Month-to-month,No,Electronic check,91.05,289.1,1,96.36666666666667,0-1yr
9589-ABEPT,0,Yes,No,69,Fiber optic,No,Yes,Two year,Yes,Mailed check,92.45,6460.55,0,93.63115942028986,4-6yr
9388-ZEYVT,0,No,No,43,DSL,No,Yes,One year,No,Electronic check,44.15,1931.3,0,44.913953488372094,2-4yr
0305-SQECB,0,No,Yes,11,DSL,Yes,Yes,One year,Yes,Mailed check,36.05,402.6,0,36.6,0-1yr
7605-SNLQG,0,Yes,No,45,DSL,No,No,Month-to-month,Yes,Credit card,50.25,2221.55,0,49.36777777777778,2-4yr
4670-TABXH,0,Yes,No,72,Fiber optic,No,Yes,Two year,Yes,Credit card,109.75,7758.9,0,107.76249999999999,4-6yr
5561-NWEVX,1,Yes,No,2,Fiber optic,No,No,Month-to-month,No,Electronic check,79.2,172.85,1,86.425,0-1yr
0064-SUDOG,0,Yes,Yes,12,No,No,No,Two year,No,Bank transfer,20.3,224.5,0,18.708333333333332,0-1yr
8561-NMTBD,0,Yes,Yes,67,Fiber optic,No,Yes,One year,Yes,Credit card,112.35,7388.45,0,110.27537313432836,4-6yr
5161-XEUVX,0,Yes,No,37,Fiber optic,No,Yes,Two year,No,Mailed check,94.3,3460.95,0,93.53918918918919,2-4yr
8292-FRFZQ,0,No,No,39,DSL,Yes,Yes,One year,No,Bank transfer,41.15,1700.9,0,43.61282051282051,2-4yr
8591-NXRCV,0,No,No,41,DSL,Yes,Yes,Month-to-month,Yes,Bank transfer,74.65,3090.65,0,75.38170731707318,2-4yr
7895-VONWT,0,No,No,25,DSL,No,No,Month-to-month,Yes,Electronic check,48.25,1293.8,0,51.751999999999995,2-4yr
4526-RMTLL,0,Yes,Yes,8,DSL,Yes,Yes,Two year,Yes,Credit card,76.15,645.8,0,80.725,0-1yr
6253-GNHWH,0,Yes,Yes,71,DSL,Yes,Yes,Two year,No,Mailed check,71.1,5224.95,0,73.59084507042253,4-6yr
4566-NECEV,0,No,No,5,Fiber optic,No,No,Month-to-month,No,Electronic check,96.55,500.1,0,100.02000000000001,0-1yr
8080-POTJR,0,No,No,30,DSL,Yes,No,One year,Yes,Credit card,79.3,2427.1,0,80.90333333333334,2-4yr
6906-MPARY,0,No,No,40,Fiber optic,No,Yes,One year,Yes,Credit card,89.6,3488.15,0,87.20375,2-4yr
3662-FXJFO,0,No,No,54,No,No,No,Two year,Yes,Mailed check,20.5,1035.7,0,19.17962962962963,4-6yr
8107-RZLNV,0,Yes,No,72,Fiber optic,No,No,Two year,Yes,Bank transfer,106.3,7565.35,0,105.07430555555555,4-6yr
0516-OOHAR,0,Yes,Yes,28,Fiber optic,No,No,One year,No,Bank transfer,100.35,2799.0,0,99.96428571428571,2-4yr
2027-CWDNU,0,Yes,Yes,18,Fiber optic,No,Yes,Month-to-month,Yes,Electronic check,85.6,1601.5,0,88.97222222222223,1-2yr
2737-WFVYW,0,No,No,2,DSL,No,No,Month-to-month,Yes,Electronic check,45.25,85.5,1,42.75,0-1yr
9912-OMZDS,0,Yes,Yes,59,Fiber optic,No,No,One year,Yes,Electronic check,106.15,6256.2,0,106.03728813559322,4-6yr
3733-ZEECP,0,Yes,Yes,22,DSL,No,Yes,Month-to-month,Yes,Electronic check,51.1,1232.9,0,56.040909090909096,1-2yr
7878-RTCZG,0,No,No,1,No,No,No,Month-to-month,No,Mailed check,19.9,19.9,0,19.9,0-1yr
2452-MRMZF,1,Yes,No,72,No,No,No,Two year,Yes,Credit card,25.7,1937.4,0,26.908333333333335,4-6yr
2272-QAGFO,1,No,No,14,Fiber optic,No,No,Month-to-month,Yes,Electronic check,74.3,1096.25,1,78.30357142857143,1-2yr
7103-IPXPJ,0,Yes,No,50,Fiber optic,No,Yes,One year,No,Electronic check,99.4,5059.75,0,101.195,4-6yr
4342-HFXWS,0,Yes,Yes,48,DSL,Yes,Yes,One year,No,Bank transfer,69.7,3023.65,0,62.99270833333333,2-4yr
3545-CNWRG,0,Yes,Yes,49,Fiber optic,No,No,Month-to-month,Yes,Electronic check,98.35,4889.2,0,99.7795918367347,4-6yr
1785-BPHTP,0,Yes,Yes,28,Fiber optic,No,No,Month-to-month,No,Electronic check,85.45,2289.9,0,81.78214285714286,2-4yr
4989-LIXVT,1,No,No,68,Fiber optic,No,No,Month-to-month,Yes,Electronic check,95.9,6503.2,0,95.63529411764705,4-6yr
7315-WYOAW,0,No,No,13,Fiber optic,No,Yes,Month-to-month,No,Electronic check,100.75,1313.25,0,101.01923076923077,1-2yr
1173-XZPYF,0,No,No,11,Fiber optic,No,No,Month-to-month,Yes,Electronic check,89.2,990.3,0,90.02727272727272,0-1yr
9850-OWRHQ,0,Yes,No,3,Fiber optic,No,No,Month-to-month,Yes,Credit card,74.1,228.0,1,76.0,0-1yr
3768-NLUBH,1,Yes,No,57,Fiber optic,No,No,Month-to-month,No,Electronic check,100.6,5746.15,1,100.80964912280702,4-6yr
8676-TRMJS,0,No,No,3,Fiber optic,No,No,Month-to-month,No,Mailed check,75.0,209.1,1,69.7,0-1yr
2509-TFPJU,0,Yes,No,72,No,No,No,Two year,No,Credit card,25.75,1864.2,0,25.891666666666666,4-6yr
9530-GRMJG,0,Yes,Yes,70,DSL,No,Yes,Two year,Yes,Electronic check,84.1,5979.7,0,85.42428571428572,4-6yr
6898-RBTLU,0,Yes,Yes,49,DSL,No,Yes,Two year,No,Bank transfer,79.3,3902.45,0,79.64183673469387,4-6yr
5481-NTDOH,1,Yes,No,67,Fiber optic,Yes,No,One year,Yes,Credit card,107.05,7142.5,0,106.6044776119403,4-6yr
2068-WWXQZ,0,No,No,46,No,No,No,Two year,No,Bank transfer,20.05,902.0,0,19.608695652173914,2-4yr
7359-SSBJK,1,No,No,64,DSL,Yes,Yes,Two year,Yes,Credit card,70.2,4481.0,1,70.015625,4-6yr
2061-VVFST,0,Yes,No,37,No,No,No,Month-to-month,No,Bank transfer,19.5,805.2,0,21.762162162162163,2-4yr
0685-MLYYM,1,No,No,2,Fiber optic,No,No,Month-to-month,No,Electronic check,70.75,154.85,1,77.425,0-1yr
0749-IRGQE,1,Yes,No,13,DSL,No,No,Month-to-month,No,Electronic check,45.3,528.45,0,40.650000000000006,1-2yr
2380-DAMQP,0,Yes,No,72,Fiber optic,Yes,Yes,Two year,No,Electronic check,115.15,8349.7,0,115.96805555555557,4-6yr
2256-YLYLP,0,Yes,Yes,68,DSL,No,Yes,Two year,Yes,Bank transfer,72.95,4953.25,0,72.84191176470588,4-6yr
1272-ILHFG,0,Yes,Yes,15,No,No,No,One year,No,Mailed check,19.65,332.65,0,22.176666666666666,1-2yr
0164-XAIRP,0,No,No,24,No,No,No,Two year,Yes,Bank transfer,19.55,470.2,0,19.591666666666665,1-2yr
5666-CYCYZ,0,No,No,24,Fiber optic,No,Yes,Month-to-month,Yes,Electronic check,89.55,2259.35,0,94.13958333333333,1-2yr
4011-ARPHK,0,No,No,27,DSL,Yes,No,Month-to-month,No,Mailed check,50.35,1411.35,0,52.27222222222222,2-4yr
8182-PNAGI,0,No,No,12,DSL,No,Yes,Month-to-month,No,Bank transfer,50.25,593.75,1,49.479166666666664,0-1yr
6365-HITVU,0,Yes,Yes,71,DSL,Yes,Yes,Two year,No,Credit card,87.25,6328.7,0,89.13661971830986,4-6yr
7558-IMLMT,0,Yes,Yes,67,No,No,No,Two year,Yes,Mailed check,20.8,1411.9,0,21.07313432835821,4-6yr
9488-FYQAU,0,Yes,No,63,Fiber optic,No,Yes,Two year,Yes,Bank transfer,109.25,6841.4,0,108.59365079365078,4-6yr
3590-TCXTB,0,No,No,1,No,No,No,Month-to-month,No,Mailed check,20.35,20.35,0,20.35,0-1yr
6994-KERXL,0,No,No,4,DSL,No,No,Month-to-month,Yes,Electronic check,55.9,238.5,0,59.625,0-1yr
7957-RYHQD,1,No,No,40,Fiber optic,Yes,No,Month-to-month,Yes,Credit card,79.2,3233.85,1,80.84625,2-4yr
2180-DXNEG,0,No,No,12,Fiber optic,No,No,Month-to-month,Yes,Electronic check,96.0,1062.1,1,88.50833333333333,0-1yr
1960-UOTYM,0,Yes,Yes,52,DSL,Yes,No,Two year,No,Electronic check,79.2,4016.3,0,77.23653846153846,4-6yr
2740-JFBOK,0,No,No,10,No,No,No,Month-to-month,Yes,Electronic check,24.0,226.55,0,22.655,0-1yr
6500-JVEGC,0,No,No,68,Fiber optic,Yes,No,One year,No,Bank transfer,101.35,7110.75,0,104.56985294117646,4-6yr
5515-AKOAJ,0,No,No,54,Fiber optic,No,Yes,Month-to-month,Yes,Electronic check,100.1,5440.9,1,100.7574074074074,4-6yr
8976-OQHGT,0,Yes,Yes,4,DSL,No,Yes,Month-to-month,No,Mailed check,56.5,235.1,1,58.775,0-1yr
5245-VDBUR,0,Yes,No,52,DSL,Yes,No,One year,No,Mailed check,35.45,1958.95,0,37.67211538461539,4-6yr
6230-BSUXY,1,No,No,1,Fiber optic,No,No,Month-to-month,Yes,Electronic check,85.0,85.0,1,85.0,0-1yr
8469-SNFFH,0,Yes,No,70,DSL,Yes,Yes,One year,No,Bank transfer,79.4,5528.9,0,78.9842857142857,4-6yr
2144-ESWKO,0,No,No,43,DSL,Yes,No,One year,Yes,Credit card,35.2,1463.7,0,34.03953488372093,2-4yr
1241-FPMOF,0,No,No,52,No,No,No,Two year,No,Mailed check,19.65,1025.05,0,19.7125,4-6yr
9928-BZVLZ,0,No,No,12,DSL,Yes,Yes,Two year,No,Mailed check,49.85,552.1,0,46.00833333333333,0-1yr
4114-QMKVN,0,Yes,Yes,56,DSL,Yes,No,One year,No,Bank transfer,68.75,3815.4,0,68.13214285714285,4-6yr
2775-SEFEE,0,No,Yes,0,DSL,Yes,Yes,Two year,Yes,Bank transfer,61.9,0.0,0,0.0,
9003-CPATH,0,No,No,42,Fiber optic,No,No,Month-to-month,No,Electronic check,79.9,3313.4,0,78.89047619047619,2-4yr
1754-GKYPY,1,Yes,No,22,Fiber optic,No,No,Month-to-month,Yes,Bank transfer,89.75,1938.9,0,88.13181818181819,1-2yr
5294-CDGWY,0,Yes,Yes,51,DSL,Yes,No,One year,No,Electronic check,59.3,3014.65,1,59.11078431372549,4-6yr
7956-XQWGU,0,No,No,27,No,No,No,Month-to-month,Yes,Credit card,19.4,460.25,0,17.046296296296298,2-4yr
1591-MQJTP,1,Yes,No,51,Fiber optic,Yes,No,One year,Yes,Bank transfer,93.65,4839.15,0,94.88529411764705,4-6yr
5295-PCJOO,0,No,Yes,4,DSL,Yes,No,Month-to-month,Yes,Electronic check,49.4,184.4,1,46.1,0-1yr
2369-FEVNO,0,No,No,1,No,No,No,Month-to-month,Yes,Mailed check,19.9,19.9,0,19.9,0-1yr
9863-JZAIC,0,No,No,35,DSL,No,No,Month-to-month,No,Mailed check,55.0,2010.55,1,57.44428571428571,2-4yr
7471-MQPOS,1,Yes,Yes,71,DSL,No,Yes,One year,Yes,Bank transfer,72.9,5139.65,0,72.38943661971831,4-6yr
7660-HDPJV,0,No,No,1,Fiber optic,No,No,Month-to-month,Yes,Electronic check,69.2,69.2,1,69.2,0-1yr
5115-SQAAU,0,Yes,Yes,69,No,No,No,Two year,Yes,Bank transfer,25.6,1673.4,0,24.252173913043478,4-6yr
9845-QOMAD,0,Yes,Yes,14,No,No,No,One year,No,Mailed check,19.75,309.35,0,22.09642857142857,1-2yr
7672-VFMXZ,0,Yes,No,57,DSL,Yes,Yes,Month-to-month,No,Electronic check,55.7,3171.6,0,55.642105263157895,4-6yr
9739-JLPQJ,0,Yes,Yes,72,Fiber optic,Yes,Yes,Two year,No,Credit card,117.5,8670.1,0,120.41805555555555,4-6yr
9916-AYHTC,0,No,No,48,No,No,No,Two year,No,Credit card,19.85,916.0,0,19.083333333333332,2-4yr
3855-ONCAR,0,Yes,Yes,4,Fiber optic,No,No,Month-to-month,Yes,Mailed check,78.9,299.75,0,74.9375,0-1yr
1488-SYSFC,0,Yes,Yes,31,No,No,No,Month-to-month,Yes,Electronic check,20.65,702.05,0,22.646774193548385,2-4yr
7931-PXHFC,0,No,No,38,DSL,No,Yes,One year,Yes,Mailed check,62.3,2354.8,1,61.968421052631584,2-4yr
3990-QYKBE,1,Yes,No,37,Fiber optic,No,No,Month-to-month,Yes,Electronic check,92.5,3473.4,1,93.87567567567568,2-4yr
0970-QXPXW,0,No,No,1,No,No,No,Month-to-month,No,Mailed check,19.65,19.65,0,19.65,0-1yr
3259-KNMRR,1,No,No,57,DSL,No,No,Two year,Yes,Bank transfer,79.75,4438.2,0,77.86315789473684,4-6yr
6120-RJKLU,1,Yes,No,62,DSL,Yes,Yes,Two year,Yes,Credit card,79.95,4819.75,0,77.73790322580645,4-6yr
9572-WUKSB,0,Yes,No,3,DSL,No,Yes,Month-to-month,Yes,Electronic check,29.9,92.25,0,30.75,0-1yr
5893-KCLGT,0,No,Yes,72,No,No,No,Two year,Yes,Mailed check,19.75,1567.0,0,21.76388888888889,4-6yr
0076-LVEPS,0,No,Yes,29,DSL,Yes,Yes,Month-to-month,Yes,Mailed check,45.0,1242.45,0,42.84310344827586,2-4yr
3640-JQGJG,0,Yes,Yes,13,DSL,No,No,Month-to-month,No,Bank transfer,44.8,559.2,0,43.01538461538462,1-2yr
4919-MOAVT,0,No,Yes,3,Fiber optic,No,No,Month-to-month,No,Electronic check,69.65,220.1,1,73.36666666666666,0-1yr
1596-OQSPS,0,No,No,11,DSL,No,No,Month-to-month,No,Electronic check,51.1,531.15,0,48.28636363636363,0-1yr
9867-XOBQA,0,No,Yes,21,DSL,Yes,Yes,Two year,No,Mailed check,53.15,1183.2,0,56.34285714285714,1-2yr
9546-KDTRB,0,No,No,19,No,No,No,Month-to-month,No,Bank transfer,24.7,465.85,0,24.51842105263158,1-2yr
3090-HAWSU,0,No,No,61,Fiber optic,Yes,Yes,Two year,Yes,Credit card,111.6,6876.05,1,112.72213114754099,4-6yr
9820-RMCQV,0,No,No,11,DSL,Yes,No,Month-to-month,No,Credit card,48.55,501.0,1,45.54545454545455,0-1yr
3174-RKMOW,0,Yes,Yes,35,Fiber optic,No,Yes,Month-to-month,Yes,Electronic check,109.95,3782.4,0,108.06857142857143,2-4yr
1760-CAZHT,0,No,Yes,25,No,No,No,Month-to-month,No,Mailed check,20.8,460.2,0,18.408,2-4yr
7839-QRKXN,0,No,No,1,No,No,No,Month-to-month,Yes,Mailed check,20.2,20.2,1,20.2,0-1yr
8441-SHIPE,0,No,No,67,No,No,No,Two year,Yes,Bank transfer,25.6,1790.35,0,26.721641791044775,4-6yr
5204-QZXPU,0,No,No,19,DSL,No,No,Month-to-month,Yes,Electronic check,39.65,733.35,1,38.597368421052636,1-2yr
4597-ELFTS,0,No,No,56,No,No,No,One year,No,Electronic check,24.9,1334.0,1,23.821428571428573,4-6yr
1320-GVNHT,0,Yes,Yes,72,Fiber optic,Yes,No,Two year,Yes,Credit card,108.4,7767.25,0,107.87847222222223,4-6yr
1047-RNXZV,0,No,No,43,No,No,No,Two year,No,Mailed check,19.55,876.15,0,20.375581395348835,2-4yr
3541-ZNUHK,0,Yes,Yes,55,Fiber optic,Yes,No,Month-to-month,Yes,Electronic check,85.1,4600.95,0,83.65363636363637,4-6yr
8450-JOVAH,0,Yes,Yes,2,DSL,Yes,No,Month-to-month,No,Mailed check,56.7,113.55,1,56.775,0-1yr
8725-JEDFD,0,No,No,27,Fiber optic,No,No,Month-to-month,Yes,Mailed check,69.05,1793.25,0,66.41666666666667,2-4yr
7562-UXTPG,0,No,No,13,Fiber optic,No,No,Month-to-month,Yes,Mailed check,70.15,886.7,0,68.20769230769231,1-2yr
8071-SBTRN,0,No,No,70,Fiber optic,Yes,No,Two year,Yes,Mailed check,111.15,7737.55,0,110.53642857142857,4-6yr
1113-IUJYX,0,Yes,No,14,Fiber optic,Yes,Yes,One year,No,Mailed check,105.95,1348.9,1,96.35000000000001,1-2yr
6668-CNMFP,0,Yes,Yes,19,Fiber optic,No,Yes,One year,Yes,Bank transfer,89.35,1686.85,0,88.78157894736842,1-2yr
5626-MGTUK,0,No,No,20,Fiber optic,Yes,No,Month-to-month,Yes,Bank transfer,89.1,1879.25,0,93.9625,1-2yr
5681-LLOEI,0,Yes,Yes,43,Fiber optic,Yes,Yes,One year,Yes,Credit card,91.25,4013.8,0,93.34418604651164,2-4yr
8212-DJRCH,0,Yes,Yes,5,Fiber optic,Yes,No,Month-to-month,Yes,Mailed check,90.35,434.5,0,86.9,0-1yr
4323-OHFOW,1,Yes,No,70,Fiber optic,No,Yes,One year,Yes,Bank transfer,105.55,7195.35,0,102.79071428571429,4-6yr
4933-BSAIP,0,Yes,No,40,No,No,No,Two year,No,Mailed check,19.1,780.1,0,19.5025,2-4yr
2030-BTZRO,0,Yes,Yes,6,No,No,No,Two year,Yes,Credit card,20.4,107.6,0,17.933333333333334,0-1yr
1116-DXXDF,0,No,No,39,Fiber optic,Yes,No,Two year,Yes,Electronic check,100.45,3801.7,0,97.47948717948718,2-4yr
9274-CNFMO,1,Yes,No,4,Fiber optic,No,No,Month-to-month,No,Electronic check,74.95,308.7,1,77.175,0-1yr
7758-XKCBS,0,No,No,15,DSL,No,Yes,Month-to-month,Yes,Electronic check,29.7,438.25,1,29.216666666666665,1-2yr
8992-JQYUN,0,Yes,No,1,DSL,No,No,Month-to-month,Yes,Electronic check,50.35,50.35,1,50.35,0-1yr
6563-VNPMN,1,No,No,45,Fiber optic,Yes,Yes,Month-to-month,Yes,Bank transfer,85.7,3778.1,0,83.95777777777778,2-4yr
0617-AQNWT,0,Yes,No,64,DSL,Yes,Yes,Two year,No,Electronic check,47.85,3147.5,1,49.1796875,4-6yr
2267-WTPYD,1,Yes,No,57,Fiber optic,No,No,Month-to-month,No,Credit card,94.0,5438.95,0,95.42017543859649,4-6yr
0270-THENM,0,Yes,Yes,72,DSL,Yes,Yes,Two year,No,Bank transfer,69.85,5102.35,0,70.86597222222223,4-6yr
2446-PLQVO,0,No,No,1,Fiber optic,No,No,Month-to-month,Yes,Electronic check,70.3,70.3,1,70.3,0-1yr
4707-MAXGU,0,Yes,No,72,No,No,No,Two year,No,Credit card,25.85,1872.2,0,26.00277777777778,4-6yr
2710-WYVXG,0,No,No,3,DSL,Yes,Yes,Two year,No,Mailed check,71.1,213.35,0,71.11666666666666,0-1yr
3005-NFMTA,1,No,No,55,Fiber optic,Yes,No,Month-to-month,Yes,Electronic check,98.8,5617.75,1,102.14090909090909,4-6yr
6300-BWMJX,0,Yes,No,59,Fiber optic,No,Yes,Month-to-month,No,Electronic check,93.35,5386.5,0,91.29661016949153,4-6yr
8784-CGILN,0,No,No,18,Fiber optic,No,Yes,Month-to-month,Yes,Bank transfer,99.85,1776.95,1,98.71944444444445,1-2yr
5389-FFVKB,1,Yes,No,32,Fiber optic,No,No,Month-to-month,Yes,Credit card,80.3,2483.05,1,77.5953125,2-4yr
7009-LGECI,0,No,No,4,DSL,Yes,No,Month-to-month,Yes,Bank transfer,50.55,235.65,0,58.9125,0-1yr
8444-WRIDW,1,No,No,66,Fiber optic,No,No,Month-to-month,Yes,Credit card,80.45,5224.35,1,79.15681818181818,4-6yr
5022-KVDQT,0,No,No,27,Fiber optic,No,No,Month-to-month,Yes,Electronic check,81.3,2272.8,0,84.17777777777779,2-4yr
7976-CICYS,0,No,No,4,No,No,No,Month-to-month,Yes,Credit card,20.7,83.75,0,20.9375,0-1yr
1036-GUDCL,0,Yes,Yes,60,DSL,Yes,Yes,Month-to-month,Yes,Credit card,79.05,4663.4,0,77.72333333333333,4-6yr
2005-DWQZJ,0,Yes,Yes,8,No,No,No,Two year,No,Mailed check,19.05,201.7,0,25.2125,0-1yr
8148-WOCMK,0,Yes,Yes,8,No,No,No,Two year,No,Credit card,19.6,125.0,0,15.625,0-1yr
7815-PDTHL,0,No,No,35,No,No,No,Two year,Yes,Mailed check,20.2,684.4,0,19.554285714285715,2-4yr
9451-LPGOO,0,No,No,7,Fiber optic,No,No,Month-to-month,Yes,Electronic check,86.8,620.35,1,88.62142857142858,0-1yr
9173-IVZVP,0,Yes,Yes,53,No,No,No,Two year,No,Mailed check,20.9,1146.05,0,21.623584905660376,4-6yr
9129-UXERG,1,No,No,18,Fiber optic,No,Yes,Month-to-month,Yes,Credit card,103.6,1806.35,0,100.35277777777777,1-2yr
3635-JBPSG,0,No,No,15,DSL,No,No,Two year,Yes,Mailed check,38.8,603.0,0,40.2,1-2yr
7964-ZRKKG,0,Yes,No,67,Fiber optic,No,No,One year,Yes,Bank transfer,88.4,5798.3,0,86.54179104477612,4-6yr
5868-YWPDW,1,Yes,No,6,Fiber optic,No,No,Month-to-month,Yes,Electronic check,84.2,519.15,1,86.52499999999999,0-1yr
6229-LSCKB,1,No,No,6,Fiber optic,No,No,Month-to-month,Yes,Electronic check,79.7,497.6,0,82.93333333333334,0-1yr
2025-JKFWI,0,No,No,13,Fiber optic,No,Yes,Month-to-month,Yes,Mailed check,99.0,1301.7,1,100.13076923076923,1-2yr
4078-SAYYN,0,No,No,11,Fiber optic,No,No,Month-to-month,Yes,Electronic check,100.75,1129.75,1,102.70454545454545,0-1yr
1724-IQWNM,0,No,Yes,1,No,No,No,Month-to-month,Yes,Mailed check,19.3,19.3,0,19.3,0-1yr
8217-QYOHV,0,No,No,5,DSL,Yes,Yes,Month-to-month,Yes,Mailed check,55.75,266.95,0,53.39,0-1yr
5546-QUERU,0,No,No,13,No,No,No,One year,Yes,Mailed check,19.95,257.0,0,19.76923076923077,1-2yr
9940-HPQPG,0,Yes,No,9,Fiber optic,Yes,No,Month-to-month,No,Bank transfer,91.75,865.8,1,96.19999999999999,0-1yr
6897-UUBNU,0,No,No,29,Fiber optic,No,Yes,Month-to-month,No,Mailed check,89.65,2623.65,0,90.47068965517242,2-4yr
6127-IYJOZ,1,No,No,1,DSL,No,No,Month-to-month,Yes,Mailed check,45.85,45.85,0,45.85,0-1yr
6618-RYATB,0,No,No,1,Fiber optic,No,No,Month-to-month,Yes,Mailed check,79.55,79.55,1,79.55,0-1yr
8930-XOTDP,0,Yes,Yes,18,DSL,No,No,Month-to-month,No,Mailed check,55.95,1082.8,0,60.15555555555555,1-2yr
5916-QEWPT,0,Yes,No,2,DSL,No,No,Month-to-month,No,Credit card,69.0,147.8,0,73.9,0-1yr
5060-TQUQN,0,Yes,Yes,30,Fiber optic,No,Yes,Month-to-month,Yes,Bank transfer,83.55,2570.2,0,85.67333333333333,2-4yr
0531-XBKMM,0,No,Yes,66,DSL,Yes,Yes,Two year,No,Bank transfer,65.7,4378.9,0,66.3469696969697,4-6yr
8465-SBRXP,0,Yes,Yes,38,Fiber optic,No,Yes,Two year,Yes,Bank transfer,94.9,3616.25,0,95.16447368421052,2-4yr
2408-PSJVE,0,Yes,Yes,44,DSL,No,Yes,Month-to-month,Yes,Mailed check,61.9,2924.05,0,66.45568181818182,2-4yr
9079-YEXQJ,0,No,No,54,Fiber optic,No,Yes,Month-to-month,No,Electronic check,111.1,6014.85,1,111.38611111111112,4-6yr
9700-ZCLOT,0,No,No,2,No,No,No,Month-to-month,No,Mailed check,20.0,32.7,0,16.35,0-1yr
8738-JOKAR,0,No,No,42,DSL,Yes,Yes,One year,Yes,Mailed check,67.7,2882.25,0,68.625,2-4yr
4534-WGCIR,0,Yes,Yes,58,No,No,No,Two year,No,Credit card,25.15,1509.9,0,26.032758620689656,4-6yr
1930-WNXSB,0,Yes,Yes,58,Fiber optic,No,No,Month-to-month,Yes,Electronic check,92.85,5305.05,0,91.46637931034483,4-6yr
2685-SREOM,0,Yes,Yes,25,Fiber optic,No,No,Month-to-month,Yes,Electronic check,89.1,2368.4,1,94.736,2-4yr
3508-CFVZL,0,No,No,71,Fiber optic,Yes,Yes,Two year,No,Mailed check,111.3,7985.9,0,112.47746478873239,4-6yr
0402-CQAJN,0,No,No,37,Fiber optic,No,No,Month-to-month,Yes,Bank transfer,101.9,3545.35,1,95.82027027027027,2-4yr
6692-UDPJC,0,Yes,Yes,14,Fiber optic,No,Yes,Month-to-month,Yes,Electronic check,91.65,1301.0,1,92.92857142857143,1-2yr
1273-MTETI,1,No,No,4,Fiber optic,No,No,Month-to-month,Yes,Electronic check,88.85,372.45,1,93.1125,0-1yr
0657-DOGUM,0,Yes,No,48,DSL,Yes,Yes,One year,Yes,Bank transfer,60.6,2985.25,0,62.192708333333336,2-4yr
5480-HPRRX,1,No,No,3,DSL,No,No,Month-to-month,No,Electronic check,25.3,77.75,1,25.916666666666668,0-1yr
8792-AOROI,0,Yes,No,8,DSL,Yes,Yes,Two year,No,Mailed check,65.5,564.35,0,70.54375,0-1yr
0295-PPHDO,0,No,No,1,Fiber optic,No,No,Month-to-month,Yes,Electronic check,95.45,95.45,1,95.45,0-1yr
5146-YYFRZ,0,No,No,67,No,No,No,Two year,No,Bank transfer,19.95,1311.75,0,19.578358208955223,4-6yr
1195-OIYEJ,0,No,No,13,Fiber optic,No,No,Month-to-month,Yes,Electronic check,91.1,1135.7,1,87.36153846153846,1-2yr
5906-CVLHP,0,Yes,Yes,45,DSL,No,Yes,One year,Yes,Credit card,54.15,2319.8,1,51.55111111111111,2-4yr
3452-SRFEG,0,No,No,49,Fiber optic,No,No,Month-to-month,Yes,Bank transfer,74.6,3720.35,0,75.92551020408163,4-6yr
4070-OKWVH,0,Yes,No,52,Fiber optic,No,No,Month-to-month,No,Bank transfer,94.6,5025.8,0,96.65,4-6yr
5297-MDOIR,0,Yes,No,63,Fiber optic,Yes,No,One year,Yes,Credit card,81.15,5224.5,0,82.92857142857143,4-6yr
6369-MCAKO,0,Yes,Yes,68,DSL,Yes,Yes,Two year,Yes,Bank transfer,89.05,6185.8,0,90.96764705882353,4-6yr
4926-UMJZD,0,Yes,No,31,DSL,No,Yes,Month-to-month,Yes,Mailed check,49.2,1498.55,0,48.34032258064516,2-4yr
6848-HJTXY,0,Yes,No,64,No,No,No,Two year,No,Credit card,19.45,1208.6,0,18.884375,4-6yr
6341-AEVKX,0,Yes,No,62,Fiber optic,Yes,Yes,One year,Yes,Electronic check,104.3,6613.65,0,106.67177419354839,4-6yr
4501-EQDRN,0,No,No,1,Fiber optic,No,No,Month-to-month,No,Bank transfer,69.7,69.7,1,69.7,0-1yr
2990-HWIML,0,No,No,6,Fiber optic,No,No,Month-to-month,Yes,Electronic check,89.5,573.3,1,95.55,0-1yr
0682-USIXD,0,Yes,No,21,Fiber optic,No,Yes,Month-to-month,Yes,Electronic check,86.05,1818.9,0,86.61428571428571,1-2yr
6976-BWGLQ,0,Yes,Yes,72,No,No,No,Two year,No,Bank transfer,25.2,1787.35,0,24.824305555555554,4-6yr
7078-NVFAM,0,Yes,Yes,32,DSL,Yes,No,Month-to-month,Yes,Electronic check,35.15,1051.05,0,32.8453125,2-4yr
8065-QBYTO,1,No,No,71,Fiber optic,Yes,Yes,One year,Yes,Credit card,99.65,7181.25,0,101.1443661971831,4-6yr
2133-TSRRM,0,No,Yes,34,Fiber optic,Yes,No,Month-to-month,Yes,Bank transfer,105.35,3688.6,0,108.48823529411764,2-4yr
7384-GHBPI,0,Yes,No,3,DSL,No,No,Month-to-month,Yes,Electronic check,35.15,99.75,1,33.25,0-1yr
7603-USHJS,0,No,Yes,12,Fiber optic,No,No,Month-to-month,Yes,Credit card,73.75,871.4,1,72.61666666666666,0-1yr
7234-FECYN,1,No,No,8,Fiber optic,No,No,Month-to-month,No,Electronic check,101.35,780.5,1,97.5625,0-1yr
2511-ALLCS,0,Yes,Yes,35,No,No,No,Two year,No,Bank transfer,24.3,821.6,0,23.474285714285713,2-4yr
3191-CSNMG,0,Yes,Yes,3,Fiber optic,No,No,Month-to-month,Yes,Electronic check,80.7,239.45,0,79.81666666666666,0-1yr
7952-OBOYL,0,No,No,3,Fiber optic,No,Yes,Month-to-month,Yes,Mailed check,89.85,244.45,0,81.48333333333333,0-1yr
7470-DYNOE,0,No,No,53,DSL,No,No,One year,Yes,Electronic check,61.1,3357.9,0,63.35660377358491,4-6yr
7853-OETYL,0,Yes,No,4,DSL,Yes,No,Month-to-month,Yes,Electronic check,29.05,129.6,0,32.4,0-1yr
1545-ACTAS,0,Yes,Yes,48,Fiber optic,Yes,No,One year,Yes,Bank transfer,99.7,4977.2,0,103.69166666666666,2-4yr
5876-HZVZM,0,Yes,Yes,6,DSL,Yes,No,Month-to-month,No,Credit card,55.9,365.35,1,60.89166666666667,0-1yr
1400-MMYXY,1,Yes,No,3,Fiber optic,No,No,Month-to-month,Yes,Electronic check,105.9,334.65,1,111.55,0-1yr
5126-RCXYW,0,Yes,Yes,54,DSL,No,Yes,Two year,No,Credit card,46.0,2424.05,0,44.88981481481482,4-6yr
3085-QUOZK,0,No,No,1,DSL,No,No,Month-to-month,No,Mailed check,43.95,43.95,1,43.95,0-1yr
2363-BJLSL,0,No,No,62,DSL,No,Yes,Month-to-month,Yes,Bank transfer,80.4,4981.15,0,80.34112903225805,4-6yr
1956-YIFGE,0,Yes,Yes,22,Fiber optic,No,No,One year,Yes,Mailed check,100.05,2090.25,0,95.01136363636364,1-2yr
3926-CUQZX,0,No,No,1,DSL,No,No,Month-to-month,Yes,Bank transfer,45.1,45.1,1,45.1,0-1yr
7921-LMDFQ,1,No,No,51,Fiber optic,No,No,One year,Yes,Bank transfer,94.0,4905.75,0,96.19117647058823,4-6yr
2925-MXLSX,0,No,No,30,DSL,No,No,One year,Yes,Credit card,68.95,2038.7,0,67.95666666666666,2-4yr
5820-PTRYM,1,Yes,No,56,DSL,Yes,Yes,One year,Yes,Credit card,68.45,4014.0,0,71.67857142857143,4-6yr
9609-BENEA,0,Yes,No,35,DSL,No,Yes,One year,Yes,Electronic check,69.0,2441.7,0,69.76285714285714,2-4yr
6211-WHMYA,1,No,No,64,DSL,No,Yes,Month-to-month,Yes,Electronic check,43.85,2751.0,0,42.984375,4-6yr
4459-BBGHE,0,No,Yes,30,DSL,No,No,Month-to-month,Yes,Electronic check,44.5,1307.8,0,43.593333333333334,2-4yr
9945-PSVIP,0,Yes,Yes,25,No,No,No,Two year,Yes,Mailed check,18.7,383.65,0,15.345999999999998,2-4yr
1041-RXHRA,0,No,No,41,Fiber optic,No,No,Month-to-month,No,Bank transfer,70.25,2868.05,1,69.95243902439024,2-4yr
1750-CSKKM,0,No,Yes,9,DSL,No,No,Month-to-month,No,Electronic check,55.35,449.75,1,49.97222222222222,0-1yr
9108-EJFJP,0,Yes,No,1,DSL,Yes,No,Month-to-month,Yes,Mailed check,53.55,53.55,0,53.55,0-1yr
0530-IJVDB,0,No,Yes,70,Fiber optic,Yes,Yes,Two year,Yes,Electronic check,114.6,7882.5,0,112.60714285714286,4-6yr
0508-SQWPL,0,Yes,Yes,57,No,No,No,Two year,Yes,Bank transfer,20.1,1087.7,0,19.082456140350878,4-6yr
2215-ZAFGX,0,No,No,9,Fiber optic,No,No,Month-to-month,Yes,Electronic check,85.5,791.7,0,87.96666666666667,0-1yr
8213-TAZPM,0,Yes,Yes,69,Fiber optic,No,Yes,One year,Yes,Bank transfer,108.75,7493.05,0,108.59492753623189,4-6yr
7142-HVGBG,1,Yes,No,43,Fiber optic,No,No,Month-to-month,Yes,Electronic check,103.0,4414.3,1,102.65813953488373,2-4yr
1304-SEGFY,0,Yes,No,72,Fiber optic,No,No,Two year,Yes,Electronic check,97.85,6841.3,0,95.01805555555556,4-6yr
7242-EDTYC,0,No,Yes,44,No,No,No,Two year,No,Bank transfer,19.55,819.95,0,18.635227272727274,2-4yr
2904-GGUAZ,0,Yes,No,72,Fiber optic,Yes,No,Two year,Yes,Bank transfer,84.05,6052.25,0,84.05902777777777,4-6yr
8267-ZNYVZ,0,Yes,No,33,Fiber optic,Yes,Yes,One year,Yes,Electronic check,103.75,3361.05,1,101.85000000000001,2-4yr
5136-GFPMB,0,No,No,54,Fiber optic,No,No,Month-to-month,No,Credit card,89.4,4869.5,0,90.17592592592592,4-6yr
2595-KIWPV,0,No,Yes,27,No,No,No,Two year,No,Credit card,19.7,509.3,0,18.862962962962964,2-4yr
5243-SAOTC,0,No,No,54,Fiber optic,No,No,Month-to-month,Yes,Bank transfer,79.85,4308.25,0,79.7824074074074,4-6yr
9398-MMQTO,0,No,No,3,Fiber optic,No,No,Month-to-month,No,Credit card,74.45,221.1,0,73.7,0-1yr
7619-PLRLP,0,Yes,No,53,DSL,Yes,No,One year,No,Bank transfer,74.1,3833.95,0,72.33867924528302,4-6yr
6457-GIRWB,0,No,No,1,Fiber optic,No,No,Month-to-month,Yes,Electronic check,69.35,69.35,1,69.35,0-1yr
6508-NJYRO,0,Yes,No,15,No,No,No,One year,No,Mailed check,18.8,294.95,0,19.663333333333334,1-2yr
1450-SKCVI,0,No,No,56,Fiber optic,No,No,Month-to-month,Yes,Electronic check,73.85,4092.85,1,73.08660714285715,4-6yr
4710-NKCAW,0,Yes,Yes,5,DSL,Yes,Yes,Month-to-month,No,Credit card,64.4,316.9,0,63.379999999999995,0-1yr
5306-BVTKJ,0,Yes,Yes,48,DSL,No,No,One year,Yes,Credit card,55.8,2651.2,0,55.23333333333333,2-4yr
0357-NVCRI,0,No,Yes,25,No,No,No,Month-to-month,No,Credit card,20.05,471.7,0,18.868,2-4yr
5570-PTWEH,0,Yes,No,3,Fiber optic,No,No,Month-to-month,Yes,Credit card,75.15,216.75,1,72.25,0-1yr
2371-KFUOG,0,No,No,58,Fiber optic,Yes,No,One year,No,Bank transfer,99.15,5720.95,0,98.63706896551724,4-6yr
0463-ZSDNT,0,No,No,10,DSL,No,No,Month-to-month,Yes,Bank transfer,56.75,503.25,0,50.325,0-1yr
6502-MJQAE,0,No,No,1,Fiber optic,No,No,Month-to-month,Yes,Electronic check,69.6,69.6,1,69.6,0-1yr
6257-DTAYD,0,Yes,No,71,Fiber optic,No,Yes,Two year,Yes,Credit card,104.15,7365.3,0,103.73661971830987,4-6yr
4616-ULAOA,0,Yes,Yes,65,Fiber optic,No,Yes,Two year,Yes,Credit card,110.8,7245.9,0,111.47538461538461,4-6yr
7693-LCKZL,0,Yes,Yes,5,Fiber optic,No,No,Month-to-month,Yes,Electronic check,80.15,385.0,1,77.0,0-1yr
7746-AWNQW,0,No,No,28,DSL,No,Yes,Month-to-month,Yes,Mailed check,35.75,961.4,0,34.33571428571428,2-4yr
5996-EBTKM,0,Yes,Yes,67,DSL,No,Yes,Two year,Yes,Bank transfer,69.9,4615.9,0,68.89402985074626,4-6yr
2758-RNWXS,0,No,No,35,Fiber optic,Yes,Yes,One year,Yes,Electronic check,89.2,3251.3,0,92.89428571428572,2-4yr
2314-TNDJQ,0,Yes,Yes,72,DSL,Yes,Yes,Two year,No,Credit card,55.65,3880.05,0,53.889583333333334,4-6yr
2405-LBMUW,0,Yes,Yes,61,DSL,Yes,Yes,One year,Yes,Bank transfer,50.7,3088.75,0,50.635245901639344,4-6yr
3454-JFUBC,1,No,No,68,No,No,No,Two year,Yes,Credit card,20.0,1396.0,0,20.529411764705884,4-6yr
0032-PGELS,0,Yes,Yes,1,DSL,Yes,No,Month-to-month,No,Bank transfer,30.5,30.5,1,30.5,0-1yr
9039-ZVJDC,0,No,No,3,No,No,No,Month-to-month,Yes,Mailed check,19.1,53.05,0,17.683333333333334,0-1yr
6797-LNAQX,0,Yes,Yes,70,Fiber optic,No,No,Two year,No,Bank transfer,98.3,6859.5,1,97.99285714285715,4-6yr
9013-AQORL,0,No,Yes,48,DSL,No,No,Month-to-month,No,Credit card,45.55,2108.35,0,43.92395833333333,2-4yr
2898-MRKPI,0,Yes,Yes,68,Fiber optic,No,No,One year,Yes,Credit card,101.05,6770.5,0,99.56617647058823,4-6yr
2750-BJLSB,0,No,No,47,Fiber optic,Yes,Yes,One year,Yes,Electronic check,103.7,4730.6,0,100.65106382978725,2-4yr
3648-GZPHF,0,Yes,Yes,32,DSL,No,Yes,One year,Yes,Mailed check,36.25,1151.05,0,35.9703125,2-4yr
2075-RMJIK,0,Yes,Yes,5,DSL,Yes,No,Month-to-month,Yes,Mailed check,49.4,232.55,0,46.510000000000005,0-1yr
9588-YRFHY,0,No,No,49,No,No,No,Two year,Yes,Credit card,19.9,1022.6,0,20.869387755102043,4-6yr
6394-MFYNG,0,No,No,48,Fiber optic,No,No,Month-to-month,Yes,Bank transfer,107.4,5121.3,1,106.69375000000001,2-4yr
1564-NTYXF,1,No,No,13,Fiber optic,No,No,Month-to-month,Yes,Electronic check,82.0,1127.2,1,86.70769230769231,1-2yr
9364-YKUVW,0,No,No,15,No,No,No,Month-to-month,Yes,Mailed check,19.8,309.4,0,20.626666666666665,1-2yr
5392-AKEMH,0,No,No,12,DSL,No,No,Month-to-month,Yes,Electronic check,45.05,523.1,0,43.59166666666667,0-1yr
2451-YMUXS,1,No,No,67,DSL,Yes,Yes,Two year,Yes,Bank transfer,64.55,4250.1,0,63.43432835820896,4-6yr
3914-FDRHP,0,No,No,9,Fiber optic,No,Yes,Month-to-month,No,Electronic check,86.25,770.5,0,85.61111111111111,0-1yr
3078-ZKNTS,0,Yes,Yes,13,No,No,No,Two year,Yes,Bank transfer,19.75,246.7,0,18.976923076923075,1-2yr
1024-KPRBB,0,No,No,38,Fiber optic,No,No,One year,Yes,Mailed check,89.1,3342.0,0,87.94736842105263,2-4yr
4690-PKDQG,1,Yes,No,42,Fiber optic,No,No,Month-to-month,Yes,Electronic check,95.55,3930.6,0,93.58571428571429,2-4yr
8155-IBNHG,0,Yes,No,24,Fiber optic,No,No,Month-to-month,Yes,Credit card,75.4,1747.85,1,72.82708333333333,1-2yr
0886-QGENL,1,Yes,No,27,Fiber optic,Yes,No,Month-to-month,Yes,Electronic check,101.25,2754.45,1,102.01666666666667,2-4yr
9547-ITEFG,0,Yes,Yes,9,Fiber optic,No,No,Month-to-month,Yes,Credit card,102.6,897.75,0,99.75,0-1yr
1264-FUHCX,0,Yes,No,49,DSL,No,Yes,One year,Yes,Credit card,56.3,2780.6,0,56.7469387755102,4-6yr
7789-CRUVC,1,Yes,No,61,Fiber optic,Yes,Yes,Month-to-month,Yes,Credit card,94.2,5895.45,0,96.6467213114754,4-6yr
6598-KELSS,0,No,Yes,50,DSL,Yes,No,One year,Yes,Bank transfer,43.05,2208.05,0,44.161,4-6yr
8739-WWKDU,1,No,No,25,Fiber optic,No,No,Month-to-month,Yes,Electronic check,89.5,2196.15,1,87.846,2-4yr
8685-WHQPW,1,No,No,22,Fiber optic,No,No,Month-to-month,Yes,Bank transfer,74.4,1692.6,1,76.93636363636364,1-2yr
4745-LSPLO,0,No,No,1,No,No,No,Month-to-month,No,Mailed check,20.5,20.5,1,20.5,0-1yr
8083-YTZES,0,No,No,4,Fiber optic,No,No,Month-to-month,Yes,Electronic check,74.35,265.35,1,66.3375,0-1yr
7240-FQLHE,1,Yes,No,18,Fiber optic,No,Yes,Month-to-month,No,Bank transfer,99.75,1836.25,1,102.01388888888889,1-2yr
6664-FPDAC,1,No,No,56,Fiber optic,No,Yes,One year,Yes,Electronic check,111.95,6418.9,1,114.62321428571428,4-6yr
9972-VAFJJ,1,Yes,No,53,Fiber optic,No,Yes,One year,Yes,Electronic check,94.0,4871.45,0,91.91415094339622,4-6yr
0422-UXFAP,0,Yes,No,51,Fiber optic,No,No,One year,Yes,Electronic check,98.85,4947.55,0,97.0107843137255,4-6yr
1904-WAJAA,0,Yes,Yes,24,DSL,Yes,No,Two year,No,Electronic check,64.35,1558.65,0,64.94375000000001,1-2yr
5130-YPIRV,0,Yes,No,62,DSL,Yes,No,Two year,Yes,Credit card,72.0,4284.2,0,69.1,4-6yr
2843-CQMEG,0,No,No,24,DSL,No,No,Month-to-month,Yes,Mailed check,49.7,1218.25,0,50.760416666666664,1-2yr
6439-PKTRR,0,Yes,Yes,70,DSL,Yes,Yes,Two year,No,Electronic check,80.7,5617.95,0,80.25642857142857,4-6yr
5351-QESIO,0,No,Yes,1,DSL,No,No,Month-to-month,No,Mailed check,24.2,24.2,0,24.2,0-1yr
0786-VSSUD,1,No,No,16,DSL,No,No,Month-to-month,Yes,Mailed check,39.0,679.85,1,42.490625,1-2yr
5568-DMXZS,0,No,No,8,DSL,No,Yes,Month-to-month,Yes,Electronic check,65.45,554.45,0,69.30625,0-1yr
8468-FZTOE,0,Yes,Yes,72,DSL,Yes,Yes,Two year,Yes,Electronic check,74.35,5237.4,0,72.74166666666666,4-6yr
6633-SYEUS,0,No,No,23,Fiber optic,No,Yes,Month-to-month,No,Bank transfer,83.2,2032.3,0,88.36086956521739,1-2yr
6447-GORXK,0,No,Yes,31,DSL,No,No,Month-to-month,No,Credit card,25.0,789.2,0,25.458064516129035,2-4yr
6967-PEJLL,0,Yes,Yes,37,DSL,Yes,Yes,One year,Yes,Electronic check,40.2,1525.35,0,41.225675675675674,2-4yr
3976-BWUCK,0,Yes,No,30,Fiber optic,No,Yes,Month-to-month,Yes,Credit card,94.1,2804.45,1,93.48166666666665,2-4yr
5981-ZVXOT,1,No,No,35,Fiber optic,Yes,No,One year,Yes,Electronic check,108.35,3726.15,0,106.46142857142857,2-4yr
1684-FLBGS,0,Yes,Yes,23,DSL,No,Yes,Month-to-month,Yes,Credit card,69.5,1652.1,0,71.83043478260869,1-2yr
1389-WNUIB,0,Yes,Yes,20,DSL,Yes,No,One year,No,Bank transfer,76.0,1588.75,0,79.4375,1-2yr
0376-OIWME,0,Yes,No,36,Fiber optic,Yes,No,Month-to-month,Yes,Electronic check,93.6,3366.05,0,93.5013888888889,2-4yr
3585-ISXZP,0,No,No,8,Fiber optic,No,No,Month-to-month,No,Bank transfer,95.65,778.1,1,97.2625,0-1yr
0218-QNVAS,0,Yes,Yes,71,Fiber optic,No,No,One year,No,Bank transfer,100.55,7113.75,0,100.19366197183099,4-6yr
6583-QGCSI,1,Yes,No,50,Fiber optic,No,No,Month-to-month,Yes,Electronic check,88.05,4367.35,1,87.34700000000001,4-6yr
0804-YGEQV,0,Yes,Yes,43,No,No,No,One year,Yes,Bank transfer,24.45,993.15,0,23.096511627906978,2-4yr
7164-BPTUT,0,No,Yes,57,DSL,Yes,Yes,Two year,No,Mailed check,89.55,5012.35,0,87.93596491228071,4-6yr
4174-LPGTI,0,Yes,Yes,41,DSL,No,Yes,One year,Yes,Bank transfer,66.5,2728.6,1,66.55121951219512,2-4yr
2523-EWWZL,0,Yes,No,27,Fiber optic,No,No,Month-to-month,Yes,Electronic check,76.1,2093.4,0,77.53333333333333,2-4yr
0928-XUTSN,0,No,No,13,Fiber optic,No,No,Month-to-month,Yes,Electronic check,80.5,1011.8,0,77.83076923076922,1-2yr
2108-XWMPY,0,No,No,3,DSL,Yes,No,Month-to-month,Yes,Mailed check,35.45,106.85,1,35.61666666666667,0-1yr
0052-YNYOT,0,No,No,67,No,No,No,One year,No,Electronic check,20.55,1343.4,0,20.050746268656717,4-6yr
6304-IJFSQ,0,No,No,3,DSL,No,No,Month-to-month,Yes,Mailed check,49.9,130.1,1,43.36666666666667,0-1yr
9586-JGQKH,0,Yes,No,64,Fiber optic,No,Yes,Two year,Yes,Bank transfer,105.4,6794.75,0,106.16796875,4-6yr
4501-VCPFK,0,No,No,26,DSL,No,Yes,Month-to-month,No,Electronic check,35.75,1022.5,0,39.32692307692308,2-4yr
6075-SLNIL,0,No,No,38,Fiber optic,No,No,Month-to-month,Yes,Credit card,95.1,3691.2,0,97.13684210526316,2-4yr
9347-AERRL,0,Yes,No,23,No,No,No,One year,No,Credit card,19.3,486.2,0,21.139130434782608,1-2yr
0093-XWZFY,0,No,No,40,Fiber optic,No,No,Month-to-month,Yes,Credit card,104.5,4036.85,1,100.92125,2-4yr
2274-XUATA,1,Yes,No,72,DSL,Yes,Yes,Two year,Yes,Bank transfer,63.1,4685.55,0,65.07708333333333,4-6yr
1980-KXVPM,1,No,No,3,Fiber optic,No,No,Month-to-month,Yes,Credit card,75.05,256.25,1,85.41666666666667,0-1yr
7703-ZEKEF,0,No,No,23,Fiber optic,No,No,Month-to-month,Yes,Electronic check,81.0,1917.1,1,83.35217391304347,1-2yr
0723-DRCLG,1,Yes,No,1,Fiber optic,No,No,Month-to-month,Yes,Electronic check,74.45,74.45,1,74.45,0-1yr
5482-NUPNA,0,No,No,4,DSL,Yes,Yes,Month-to-month,Yes,Mailed check,60.4,272.15,1,68.0375,0-1yr
6691-CCIHA,0,Yes,No,62,DSL,Yes,Yes,Two year,Yes,Electronic check,84.95,5150.55,0,83.0733870967742,4-6yr
1685-BQULA,0,No,No,40,Fiber optic,No,No,Month-to-month,Yes,Bank transfer,93.4,3756.4,0,93.91,2-4yr
9053-EJUNL,0,No,No,41,Fiber optic,No,No,Month-to-month,Yes,Electronic check,89.2,3645.75,0,88.92073170731707,2-4yr
0666-UXTJO,1,Yes,No,34,Fiber optic,No,No,Month-to-month,Yes,Credit card,85.2,2874.45,0,84.54264705882352,2-4yr
1471-GIQKQ,0,No,No,1,DSL,No,No,Month-to-month,No,Electronic check,49.95,49.95,0,49.95,0-1yr
4807-IZYOZ,0,No,No,51,No,No,No,Two year,No,Bank transfer,20.65,1020.75,0,20.014705882352942,4-6yr
1122-JWTJW,0,Yes,Yes,1,Fiber optic,No,No,Month-to-month,Yes,Mailed check,70.65,70.65,1,70.65,0-1yr
9710-NJERN,0,No,No,39,No,No,No,Two year,No,Mailed check,20.15,826.0,0,21.17948717948718,2-4yr
9837-FWLCH,0,Yes,Yes,12,No,No,No,Month-to-month,Yes,Electronic check,19.2,239.0,0,19.916666666666668,0-1yr
1699-HPSBG,0,No,No,12,DSL,No,Yes,One year,Yes,Electronic check,59.8,727.8,1,60.65,0-1yr
7203-OYKCT,0,No,No,72,Fiber optic,No,No,One year,Yes,Electronic check,104.95,7544.3,0,104.78194444444445,4-6yr
1035-IPQPU,1,Yes,No,63,Fiber optic,No,No,Month-to-month,Yes,Electronic check,103.5,6479.4,0,102.84761904761905,4-6yr
7398-LXGYX,0,Yes,No,44,Fiber optic,Yes,No,Month-to-month,Yes,Credit card,84.8,3626.35,0,82.41704545454546,2-4yr
2823-LKABH,0,No,No,18,Fiber optic,No,Yes,Month-to-month,Yes,Bank transfer,95.05,1679.4,0,93.30000000000001,1-2yr
8775-CEBBJ,0,No,No,9,DSL,No,No,Month-to-month,Yes,Bank transfer,44.2,403.35,1,44.81666666666667,0-1yr
0550-DCXLH,0,No,No,13,DSL,No,Yes,Month-to-month,No,Mailed check,73.35,931.55,0,71.6576923076923,1-2yr
9281-CEDRU,0,Yes,No,68,DSL,No,Yes,Two year,No,Bank transfer,64.1,4326.25,0,63.62132352941177,4-6yr
2235-DWLJU,1,No,No,6,DSL,No,No,Month-to-month,Yes,Electronic check,44.4,263.05,0,43.84166666666667,0-1yr
0871-OPBXW,0,No,No,2,No,No,No,Month-to-month,Yes,Mailed check,20.05,39.25,0,19.625,0-1yr
3605-JISKB,1,Yes,No,55,DSL,Yes,No,One year,No,Credit card,60.0,3316.1,0,60.29272727272727,4-6yr
6894-LFHLY,1,No,No,1,Fiber optic,No,No,Month-to-month,Yes,Electronic check,75.75,75.75,1,75.75,0-1yr
9767-FFLEM,0,No,No,38,Fiber optic,No,No,Month-to-month,Yes,Credit card,69.5,2625.25,0,69.08552631578948,2-4yr
0639-TSIQW,0,No,No,67,Fiber optic,Yes,No,Month-to-month,Yes,Credit card,102.95,6886.25,1,102.77985074626865,4-6yr
8456-QDAVC,0,No,No,19,Fiber optic,No,No,Month-to-month,Yes,Bank transfer,78.7,1495.1,0,78.68947368421053,1-2yr
7750-EYXWZ,0,No,No,12,DSL,No,Yes,One year,No,Electronic check,60.65,743.3,0,61.94166666666666,0-1yr
2569-WGERO,0,No,No,72,No,No,No,Two year,Yes,Bank transfer,21.15,1419.4,0,19.71388888888889,4-6yr
6840-RESVB,0,Yes,Yes,24,DSL,Yes,Yes,One year,Yes,Mailed check,84.8,1990.5,0,82.9375,1-2yr
2234-XADUH,0,Yes,Yes,72,Fiber optic,No,No,One year,Yes,Credit card,103.2,7362.9,0,102.26249999999999,4-6yr
4801-JZAZL,0,Yes,Yes,11,DSL,Yes,No,Month-to-month,Yes,Electronic check,29.6,346.45,0,31.495454545454546,0-1yr
8361-LTMKD,1,Yes,No,4,Fiber optic,No,No,Month-to-month,Yes,Mailed check,74.4,306.6,1,76.65,0-1yr
3186-AJIEK,0,No,No,66,Fiber optic,Yes,Yes,Two year,Yes,Bank transfer,105.65,6844.5,0,103.70454545454545,4-6yr
